substrate identification,substrate name,substrate class in database,pH,carbon,nitrogen,sugar,fat,protein,lignin,dry matter,organic matter,state,pretreatment,pretreatment type,chemical oxygen demand (COD),Methane yield,Methane yield2,organic loading,organic loading3,experimental scale,reactor liquid volume,reactor gas volume,reactor liquid-to-gas ratio,configuration,buffer type used,buffer type final concentration,enzyme addition to reactor,enzyme brand,microorganisms addition to reactor,microorganism brand,mixing in reactor,rotation velocity,biomass preadaptation to substrates,duration of preadaptation,biomass dilution in reactor,biomass dilution factor,biomass preincubation,preincubation time,particle size of substrate decrease before addition to reactor,particle size of substrate before decrease,particle size of biomass decrease before addition to reactor,biomass dry matter,biomass organic matter,biomass organic matter4,biomass pH,biomass volatile organic acids (VOA),biomass total organic carbon (TOC),VOA/TOC,total nitrogen,ammonium nitrogen,ammonia,chemical oxygen demand (COD)5,temperature range,experimental temperature of anaerobic digestion,additional factor 1,additional factor 2,dry matter6,organic matter7,organic matter8,pH9,volatile organic acids (VOA),total organic carbon (TOC),VOA/TOC10,total nitrogen11,ammonium nitrogen12,ammonia13,chemical oxygen demand (COD)14,additional factor 115,additional factor 216,reference for citation
Paper pulp and mill sludge,Mill 1 mech,industrial,,,,,,,,1.3,,liquid,no,,,138,,3.2,,laboratory,0.2,0.1,2,batch,salts,0.8,no,,,,yes,,no,,yes,,,,no,,,,,,,,,,,,,,mesophilic,37,,,,,,,,,,,,,,OLR 3.2 gVS/L,,Karlsson. A.. Truong. X.B.. Gustavsson. J.. Svensson. B.H.. Nilsson. F.. Ejlertsson. J. 2011. Anaerobic treatment of activated sludge from Swedish pulp and Paper mills--biogas production potential and limitations. Environmental technology. 32(13-14). 1559-1571.
Paper pulp and mill sludge,Mill 2 sulphite,industrial,,,,,,,,0.9,,liquid,no,,,159,,4.9,,laboratory,0.2,0.1,2,batch,salts,0.8,no,,,,yes,,no,,yes,,,,no,,,,,,,,,,,,,,mesophilic,37,,,,,,,,,,,,,,OLR 4.9 gVS/L,,Karlsson. A.. Truong. X.B.. Gustavsson. J.. Svensson. B.H.. Nilsson. F.. Ejlertsson. J. 2011. Anaerobic treatment of activated sludge from Swedish pulp and Paper mills--biogas production potential and limitations. Environmental technology. 32(13-14). 1559-1571.
Paper pulp and mill sludge,Mill 2 sulphite,industrial,,,,,,,,2,,liquid,no,,,176,,12.2,,laboratory,0.2,0.1,2,batch,salts,0.8,no,,,,yes,,no,,yes,,,,no,,,,,,,,,,,,,,mesophilic,37,,,,,,,,,,,,,,OLR 12.2 gVS/L,,Karlsson. A.. Truong. X.B.. Gustavsson. J.. Svensson. B.H.. Nilsson. F.. Ejlertsson. J. 2011. Anaerobic treatment of activated sludge from Swedish pulp and Paper mills--biogas production potential and limitations. Environmental technology. 32(13-14). 1559-1571.
Paper pulp and mill sludge,Mill 3 Kraft,industrial,,,,,,,,0.6,,liquid,no,,,145,,3.4,,laboratory,0.2,0.1,2,batch,salts,0.8,no,,,,yes,,no,,yes,,,,no,,,,,,,,,,,,,,mesophilic,37,,,,,,,,,,,,,,OLR 3.4 gVS/L,,Karlsson. A.. Truong. X.B.. Gustavsson. J.. Svensson. B.H.. Nilsson. F.. Ejlertsson. J. 2011. Anaerobic treatment of activated sludge from Swedish pulp and Paper mills--biogas production potential and limitations. Environmental technology. 32(13-14). 1559-1571.
Paper pulp and mill sludge,Mill 3,industrial,6.1,,,,,,,5.6,,liquid,no,,,188,,18.9,,laboratory,0.2,0.1,2,batch,salts,0.8,no,,,,yes,,no,,yes,,,,no,,,,,,,,,,,,,,mesophilic,37,,,,,,,,,,,,,,OLR 18.9 gVS/L,,Karlsson. A.. Truong. X.B.. Gustavsson. J.. Svensson. B.H.. Nilsson. F.. Ejlertsson. J. 2011. Anaerobic treatment of activated sludge from Swedish pulp and Paper mills--biogas production potential and limitations. Environmental technology. 32(13-14). 1559-1571.
Paper pulp and mill sludge,Mill 3,industrial,6.1,,,,,,,11.6,,liquid,no,,,182,,14.7,,laboratory,0.2,0.1,2,batch,salts,0.8,no,,,,yes,,no,,yes,,,,no,,,,,,,,,,,,,,mesophilic,37,,,,,,,,,,,,,,OLR 14.7 gVS/L,,Karlsson. A.. Truong. X.B.. Gustavsson. J.. Svensson. B.H.. Nilsson. F.. Ejlertsson. J. 2011. Anaerobic treatment of activated sludge from Swedish pulp and Paper mills--biogas production potential and limitations. Environmental technology. 32(13-14). 1559-1571.
Paper pulp and mill sludge,Mill 3,industrial,6.1,,,,,,,3.8,,liquid,yes,physical,,175,,12.4,,laboratory,0.2,0.1,2,batch,salts,0.8,no,,,,yes,,no,,yes,,,,no,,,,,,,,,,,,,,mesophilic,37,,,,,,,,,,,,,,OLR 12.4 gVS/L,,Karlsson. A.. Truong. X.B.. Gustavsson. J.. Svensson. B.H.. Nilsson. F.. Ejlertsson. J. 2011. Anaerobic treatment of activated sludge from Swedish pulp and Paper mills--biogas production potential and limitations. Environmental technology. 32(13-14). 1559-1571.
Paper pulp and mill sludge,Mill 3,industrial,6.1,,,,,,,3.8,,liquid,yes,physical,,173,,12.4,,laboratory,0.2,0.1,2,batch,salts,0.8,no,,,,yes,,no,,yes,,,,no,,,,,,,,,,,,,,mesophilic,37,,,,,,,,,,,,,,OLR 12.4 gVS/L,,Karlsson. A.. Truong. X.B.. Gustavsson. J.. Svensson. B.H.. Nilsson. F.. Ejlertsson. J. 2011. Anaerobic treatment of activated sludge from Swedish pulp and Paper mills--biogas production potential and limitations. Environmental technology. 32(13-14). 1559-1571.
Paper pulp and mill sludge,Mill 4 CTMP/Kraft,industrial,,,,,,,,1.1,,liquid,no,,,97,,6.7,,laboratory,0.2,0.1,2,batch,salts,0.8,no,,,,yes,,no,,yes,,,,no,,,,,,,,,,,,,,mesophilic,37,,,,,,,,,,,,,,OLR 6.7 gVS/L,,Karlsson. A.. Truong. X.B.. Gustavsson. J.. Svensson. B.H.. Nilsson. F.. Ejlertsson. J. 2011. Anaerobic treatment of activated sludge from Swedish pulp and Paper mills--biogas production potential and limitations. Environmental technology. 32(13-14). 1559-1571.
Paper pulp and mill sludge,Mill 5 Kraft/CTMP,industrial,,,,,,,,0.7,,liquid,no,,,167,,3.9,,laboratory,0.2,0.1,2,batch,salts,0.8,no,,,,yes,,no,,yes,,,,no,,,,,,,,,,,,,,mesophilic,37,,,,,,,,,,,,,,OLR 3.9 gVS/L,,Karlsson. A.. Truong. X.B.. Gustavsson. J.. Svensson. B.H.. Nilsson. F.. Ejlertsson. J. 2011. Anaerobic treatment of activated sludge from Swedish pulp and Paper mills--biogas production potential and limitations. Environmental technology. 32(13-14). 1559-1571.
Paper pulp and mill sludge,Mill 5,industrial,,,,,,,,4.3,,liquid,no,,,155,,14.2,,laboratory,0.2,0.1,2,batch,salts,0.8,no,,,,yes,,no,,yes,,,,no,,,,,,,,,,,,,,mesophilic,37,,,,,,,,,,,,,,OLR 14.2 gVS/L,,Karlsson. A.. Truong. X.B.. Gustavsson. J.. Svensson. B.H.. Nilsson. F.. Ejlertsson. J. 2011. Anaerobic treatment of activated sludge from Swedish pulp and Paper mills--biogas production potential and limitations. Environmental technology. 32(13-14). 1559-1571.
Paper pulp and mill sludge,Mill 5,industrial,,,,,,,,4.3,,liquid,yes,physical,,158,,14.9,,laboratory,0.2,0.1,2,batch,salts,0.8,no,,,,yes,,no,,yes,,,,no,,,,,,,,,,,,,,mesophilic,37,,,,,,,,,,,,,,OLR 14.9 gVS/L,,Karlsson. A.. Truong. X.B.. Gustavsson. J.. Svensson. B.H.. Nilsson. F.. Ejlertsson. J. 2011. Anaerobic treatment of activated sludge from Swedish pulp and Paper mills--biogas production potential and limitations. Environmental technology. 32(13-14). 1559-1571.
Paper pulp and mill sludge,Mill 5,industrial,,,,,,,,4.3,,liquid,yes,physical,,162,,14.9,,laboratory,0.2,0.1,2,batch,salts,0.8,no,,,,yes,,no,,yes,,,,no,,,,,,,,,,,,,,mesophilic,37,,,,,,,,,,,,,,OLR 14.9 gVS/L,,Karlsson. A.. Truong. X.B.. Gustavsson. J.. Svensson. B.H.. Nilsson. F.. Ejlertsson. J. 2011. Anaerobic treatment of activated sludge from Swedish pulp and Paper mills--biogas production potential and limitations. Environmental technology. 32(13-14). 1559-1571.
Paper pulp and mill sludge,Mill 6 mech,industrial,4.8,,,,,,,1.3,,liquid,no,,,197,,6.6,,laboratory,0.2,0.1,2,batch,salts,0.8,no,,,,yes,,no,,yes,,,,no,,,,,,,,,,,,,,mesophilic,37,,,,,,,,,,,,,,OLR 6.6 gVS/L,,Karlsson. A.. Truong. X.B.. Gustavsson. J.. Svensson. B.H.. Nilsson. F.. Ejlertsson. J. 2011. Anaerobic treatment of activated sludge from Swedish pulp and Paper mills--biogas production potential and limitations. Environmental technology. 32(13-14). 1559-1571.
Paper pulp and mill sludge,Mill 6 mech,industrial,4.8,,,,,,,1.1,,liquid,no,,,89,,6.9,,laboratory,0.2,0.1,2,batch,salts,0.8,no,,,,yes,,no,,yes,,,,no,,,,,,,,,,,,,,mesophilic,37,,,,,,,,,,,,,,OLR 6.9 gVS/L,,Karlsson. A.. Truong. X.B.. Gustavsson. J.. Svensson. B.H.. Nilsson. F.. Ejlertsson. J. 2011. Anaerobic treatment of activated sludge from Swedish pulp and Paper mills--biogas production potential and limitations. Environmental technology. 32(13-14). 1559-1571.
Paper pulp and mill sludge,Mill 5,industrial,4.8,,,,,,,3.2,,liquid,no,,,199,,10.5,,laboratory,0.2,0.1,2,batch,salts,0.8,no,,,,yes,,no,,yes,,,,no,,,,,,,,,,,,,,mesophilic,37,,,,,,,,,,,,,,OLR 10.5 gVS/L,,Karlsson. A.. Truong. X.B.. Gustavsson. J.. Svensson. B.H.. Nilsson. F.. Ejlertsson. J. 2011. Anaerobic treatment of activated sludge from Swedish pulp and Paper mills--biogas production potential and limitations. Environmental technology. 32(13-14). 1559-1571.
Paper pulp and mill sludge,Mill 5,industrial,,,,,,,,3.2,,liquid,yes,enzymatic,,240,,10.5,,laboratory,0.2,0.1,2,batch,salts,0.8,yes,hydrolytic enzymes,,,yes,,no,,yes,,,,no,,,,,,,,,,,,,,mesophilic,37,,,,,,,,,,,,,,OLR 10.5 gVS/L,,Karlsson. A.. Truong. X.B.. Gustavsson. J.. Svensson. B.H.. Nilsson. F.. Ejlertsson. J. 2011. Anaerobic treatment of activated sludge from Swedish pulp and Paper mills--biogas production potential and limitations. Environmental technology. 32(13-14). 1559-1571.
Paper pulp and mill sludge,Mill 5,industrial,,,,,,,,3.2,,liquid,yes,physical,,209,,10.5,,laboratory,0.2,0.1,2,batch,salts,0.8,no,,,,yes,,no,,yes,,,,no,,,,,,,,,,,,,,mesophilic,37,,,,,,,,,,,,,,OLR 10.5 gVS/L,,Karlsson. A.. Truong. X.B.. Gustavsson. J.. Svensson. B.H.. Nilsson. F.. Ejlertsson. J. 2011. Anaerobic treatment of activated sludge from Swedish pulp and Paper mills--biogas production potential and limitations. Environmental technology. 32(13-14). 1559-1571.
Paper pulp and mill sludge,Mill 5,industrial,,,,,,,,3.2,,liquid,yes,physical-enzymatic,,239,,10.5,,laboratory,0.2,0.1,2,batch,salts,0.8,yes,hydrolytic enzymes,,,yes,,no,,yes,,,,no,,,,,,,,,,,,,,mesophilic,37,,,,,,,,,,,,,,OLR 10.5 gVS/L,,Karlsson. A.. Truong. X.B.. Gustavsson. J.. Svensson. B.H.. Nilsson. F.. Ejlertsson. J. 2011. Anaerobic treatment of activated sludge from Swedish pulp and Paper mills--biogas production potential and limitations. Environmental technology. 32(13-14). 1559-1571.
Paper pulp and mill sludge,D3-R,industrial,6.1,,,,,,,,,,,,,117,,2.2,,laboratory,,4,,semicontinuous,,,,,,,yes,500,no,,no,,,,no,,,,,,,,,,,,,,mesophilic,37,,,,,,,,,,,,,,OLR 2.2 gVS/L,,Karlsson. A.. Truong. X.B.. Gustavsson. J.. Svensson. B.H.. Nilsson. F.. Ejlertsson. J. 2011. Anaerobic treatment of activated sludge from Swedish pulp and Paper mills--biogas production potential and limitations. Environmental technology. 32(13-14). 1559-1571.
Paper pulp and mill sludge,D3-E,industrial,6.1,,,,,,,,,,,,,117,,2.2,,laboratory,,4,,semicontinuous,,,yes,hydrolytic enzymes,,,yes,500,no,,no,,,,no,,,,,,,,,,,,,,mesophilic,37,,,,,,,,,,,,,,OLR 2.2 gVS/L,,Karlsson. A.. Truong. X.B.. Gustavsson. J.. Svensson. B.H.. Nilsson. F.. Ejlertsson. J. 2011. Anaerobic treatment of activated sludge from Swedish pulp and Paper mills--biogas production potential and limitations. Environmental technology. 32(13-14). 1559-1571.
Paper pulp and mill sludge,D6-R,industrial,4.8,,,,,,,,,,,,,190,,2.2,,laboratory,,4,,semicontinuous,FeCl2,0.5,,,,,yes,500,no,,no,,,,no,,,,,,,,,,,,,,mesophilic,37,,,,,,,,,,,,,,OLR 2.2 gVS/L,,Karlsson. A.. Truong. X.B.. Gustavsson. J.. Svensson. B.H.. Nilsson. F.. Ejlertsson. J. 2011. Anaerobic treatment of activated sludge from Swedish pulp and Paper mills--biogas production potential and limitations. Environmental technology. 32(13-14). 1559-1571.
Paper pulp and mill sludge,D6-E,industrial,4.8,,,,,,,,,,,,,190,,2.2,,laboratory,,4,,semicontinuous,FeCl2,0.5,yes,hydrolytic enzymes,,,yes,500,no,,no,,,,no,,,,,,,,,,,,,,mesophilic,37,,,,,,,,,,,,,,OLR 2.2 gVS/L,,Karlsson. A.. Truong. X.B.. Gustavsson. J.. Svensson. B.H.. Nilsson. F.. Ejlertsson. J. 2011. Anaerobic treatment of activated sludge from Swedish pulp and Paper mills--biogas production potential and limitations. Environmental technology. 32(13-14). 1559-1571.
Maize,untreated Maize,agricultural,4,,,,,,,27.7,26.73,solid,no,,,377.6,,3,,laboratory,3,2,1.5,batch,,,no,,,,,,,,,,,,yes,,20,,,,,,,,,,,,mesophilic,37,,,,,,,,,,,,,,OLR 3 gVS/L,,Vervaeren. H.. Hostyn. K.. Ghekiere. G.. Willems. B. 2010. Biological enSilage additives as pretreatment for Maize to increase the biogas production. Renewable Energy. 35(9). 2089-2093.
Maize,BonSilage Maize,agricultural,4.01,,,,,,,27.7,25.8,solid,yes,enzymatic,,328.3,,3,,laboratory,3,2,1.5,batch,,,no,,yes,Lactobacillus plantarum spp.. pentosaceus. bucheri,,,,,,,,,yes,,20,,,,,,,,,,,,mesophilic,37,,,,,,,,,,,,,,OLR 3 gVS/L,,Vervaeren. H.. Hostyn. K.. Ghekiere. G.. Willems. B. 2010. Biological enSilage additives as pretreatment for Maize to increase the biogas production. Renewable Energy. 35(9). 2089-2093.
Maize,Microferm,agricultural,3.98,,,,,,,27.7,26.22,solid,yes,enzymatic,,418,,3,,laboratory,3,2,1.5,batch,,,no,,yes,homo and hetero fermentative bacterial mixtures,,,,,,,,,yes,,20,,,,,,,,,,,,mesophilic,37,,,,,,,,,,,,,,OLR 3 gVS/L,,Vervaeren. H.. Hostyn. K.. Ghekiere. G.. Willems. B. 2010. Biological enSilage additives as pretreatment for Maize to increase the biogas production. Renewable Energy. 35(9). 2089-2093.
Maize,Sill-All 4x4,agricultural,3.99,,,,,,,27.7,26.2,solid,yes,enzymatic,,397.4,,3,,laboratory,3,2,1.5,batch,,,yes,alfa-amylase. cellulase. hemicellulase. pentosanase,,,,,,,,,,,yes,,20,,,,,,,,,,,,mesophilic,37,,,,,,,,,,,,,,OLR 3 gVS/L,,Vervaeren. H.. Hostyn. K.. Ghekiere. G.. Willems. B. 2010. Biological enSilage additives as pretreatment for Maize to increase the biogas production. Renewable Energy. 35(9). 2089-2093.
Maize,Silasil energy,agricultural,3.99,,,,,,,27.7,26.27,solid,yes,enzymatic,,399.3,,3,,laboratory,3,2,1.5,batch,,,no,,yes,mixture of homo and hetero fermentative lactic acid bacteria. Yeasts and fungi,,,,,,,,,yes,,20,,,,,,,,,,,,mesophilic,37,,,,,,,,,,,,,,OLR 3 gVS/L,,Vervaeren. H.. Hostyn. K.. Ghekiere. G.. Willems. B. 2010. Biological enSilage additives as pretreatment for Maize to increase the biogas production. Renewable Energy. 35(9). 2089-2093.
WW sludge,wastewater sludge,municipal,6.95,,,,,,,2.14,47.99,liquid,no,,,151,,,,laboratory,0.15,,,batch,micro and macro nutrients,,no,,,,,,,,,,,,,,,,,,,,,,,,,,mesophilic,36,,,,,,,,,,,,,,,,Erden. G.. Filibeli. A. 2010. Ultrasonic pre-treatment of biological sludge: consequences for disintegration. anaerobic biodegradability. and filterability. Journal of Chemical Technology and Biotechnology. 85(1). 145-150.
WW sludge,wastewater sludge,municipal,6.95,,,,,,,2.14,47.99,liquid,yes,physical,,220,,,,laboratory,0.15,,,batch,micro and macro nutrients,,no,,,,,,,,,,,,,,,,,,,,,,,,,,mesophilic,36,,,,,,,,,,,,,,,,Erden. G.. Filibeli. A. 2010. Ultrasonic pre-treatment of biological sludge: consequences for disintegration. anaerobic biodegradability. and filterability. Journal of Chemical Technology and Biotechnology. 85(1). 145-150.
Straw,Barley Straw,agricultural,,,,,,,,89.19,97.63,solid,no,,,228,,,,laboratory,0.4,0.1,4,batch,,,,,,,,,,,,,,,,,,,,,,,,,,,,,mesophilic,38,,,,,,,,,,,,,,,,Schumacher. B.. Wedwitschka. H.. Hofmann. J.. Denysenko. V.. Lorenz. H.. Liebetrau. J. 2014. Disintegration in the biogas sector ÔÇô Technologies and effects. Bioresource Technology. 168(0). 2-6.
Straw,Barley Straw,agricultural,,,,,,,,89.19,97.63,solid,no,,,224,,,,laboratory,0.4,0.1,4,batch,,,,,,,,,,,,,,,,,,,,,,,,,,,,,mesophilic,38,,,,,,,,,,,,,,,,Schumacher. B.. Wedwitschka. H.. Hofmann. J.. Denysenko. V.. Lorenz. H.. Liebetrau. J. 2014. Disintegration in the biogas sector ÔÇô Technologies and effects. Bioresource Technology. 168(0). 2-6.
Straw,Barley Straw,agricultural,,,,,,,,15.74,96.64,solid,yes,unspecified,,247,,,,laboratory,0.4,0.2,4,batch,,,,,,,,,,,,,,,,,,,,,,,,,,,,,mesophilic,38,,,,,,,,,,,,,,,,Schumacher. B.. Wedwitschka. H.. Hofmann. J.. Denysenko. V.. Lorenz. H.. Liebetrau. J. 2014. Disintegration in the biogas sector ÔÇô Technologies and effects. Bioresource Technology. 168(0). 2-6.
Straw,Barley Straw,agricultural,,,,,,,,15.75,96.72,solid,yes,unspecified,,242,,,,laboratory,0.4,0.3,4,batch,,,,,,,,,,,,,,,,,,,,,,,,,,,,,mesophilic,38,,,,,,,,,,,,,,,,Schumacher. B.. Wedwitschka. H.. Hofmann. J.. Denysenko. V.. Lorenz. H.. Liebetrau. J. 2014. Disintegration in the biogas sector ÔÇô Technologies and effects. Bioresource Technology. 168(0). 2-6.
Straw,Barley Straw,agricultural,,,,,,,,14.56,96.8,solid,yes,unspecified,,216,,,,laboratory,0.4,0.4,4,batch,,,,,,,,,,,,,,,,,,,,,,,,,,,,,mesophilic,38,,,,,,,,,,,,,,,,Schumacher. B.. Wedwitschka. H.. Hofmann. J.. Denysenko. V.. Lorenz. H.. Liebetrau. J. 2014. Disintegration in the biogas sector ÔÇô Technologies and effects. Bioresource Technology. 168(0). 2-6.
Straw,Barley Straw,agricultural,,,,,,,,13.43,96.6,solid,yes,unspecified,,237,,,,laboratory,0.4,0.5,4,batch,,,,,,,,,,,,,,,,,,,,,,,,,,,,,mesophilic,38,,,,,,,,,,,,,,,,Schumacher. B.. Wedwitschka. H.. Hofmann. J.. Denysenko. V.. Lorenz. H.. Liebetrau. J. 2014. Disintegration in the biogas sector ÔÇô Technologies and effects. Bioresource Technology. 168(0). 2-6.
Straw,Barley Straw,agricultural,,,,,,,,14.94,96.99,solid,yes,unspecified,,251,,,,laboratory,0.4,0.6,4,batch,,,,,,,,,,,,,,,,,,,,,,,,,,,,,mesophilic,38,,,,,,,,,,,,,,,,Schumacher. B.. Wedwitschka. H.. Hofmann. J.. Denysenko. V.. Lorenz. H.. Liebetrau. J. 2014. Disintegration in the biogas sector ÔÇô Technologies and effects. Bioresource Technology. 168(0). 2-6.
Straw,Barley Straw,agricultural,,,,,,,,10.53,96.18,solid,yes,unspecified,,251,,,,laboratory,0.4,0.7,4,batch,,,,,,,,,,,,,,,,,,,,,,,,,,,,,mesophilic,38,,,,,,,,,,,,,,,,Schumacher. B.. Wedwitschka. H.. Hofmann. J.. Denysenko. V.. Lorenz. H.. Liebetrau. J. 2014. Disintegration in the biogas sector ÔÇô Technologies and effects. Bioresource Technology. 168(0). 2-6.
Beet,sugar Beet,agricultural,,,,,,,,,,solid,,,,387,,,,,,,,,,,,,,,,,,,,,,,,,,,,,,,,,,,,,mesophilic,,,,,,,,,,,,,,,,,Weiland. P. 2010. Biogas production: current state and perspectives. Applied Microbiology and Biotechnology. 85(4). 849-860.
Beet,Fodder Beet,agricultural,,,,,,,,,,solid,,,,398,,,,,,,,,,,,,,,,,,,,,,,,,,,,,,,,,,,,,mesophilic,,,,,,,,,,,,,,,,,Weiland. P. 2010. Biogas production: current state and perspectives. Applied Microbiology and Biotechnology. 85(4). 849-860.
Maize,Maize,agricultural,,,,,,,,,,solid,,,,291,,,,,,,,,,,,,,,,,,,,,,,,,,,,,,,,,,,,,mesophilic,,,,,,,,,,,,,,,,,Weiland. P. 2010. Biogas production: current state and perspectives. Applied Microbiology and Biotechnology. 85(4). 849-860.
Maize,Maize,agricultural,,,,,,,,,,solid,,,,338,,,,,,,,,,,,,,,,,,,,,,,,,,,,,,,,,,,,,mesophilic,,,,,,,,,,,,,,,,,Weiland. P. 2010. Biogas production: current state and perspectives. Applied Microbiology and Biotechnology. 85(4). 849-860.
Wheat,corn cob mix,agricultural,,,,,,,,,,solid,,,,350,,,,,,,,,,,,,,,,,,,,,,,,,,,,,,,,,,,,,mesophilic,,,,,,,,,,,,,,,,,Weiland. P. 2010. Biogas production: current state and perspectives. Applied Microbiology and Biotechnology. 85(4). 849-860.
Wheat,corn cob mix,agricultural,,,,,,,,,,solid,,,,360,,,,,,,,,,,,,,,,,,,,,,,,,,,,,,,,,,,,,mesophilic,,,,,,,,,,,,,,,,,Weiland. P. 2010. Biogas production: current state and perspectives. Applied Microbiology and Biotechnology. 85(4). 849-860.
Wheat,Wheat,agricultural,,,,,,,,,,solid,,,,351,,,,,,,,,,,,,,,,,,,,,,,,,,,,,,,,,,,,,mesophilic,,,,,,,,,,,,,,,,,Weiland. P. 2010. Biogas production: current state and perspectives. Applied Microbiology and Biotechnology. 85(4). 849-860.
Wheat,Wheat,agricultural,,,,,,,,,,solid,,,,378,,,,,,,,,,,,,,,,,,,,,,,,,,,,,,,,,,,,,mesophilic,,,,,,,,,,,,,,,,,Weiland. P. 2010. Biogas production: current state and perspectives. Applied Microbiology and Biotechnology. 85(4). 849-860.
Triticale,Triticale,agricultural,,,,,,,,,,solid,,,,318,,,,,,,,,,,,,,,,,,,,,,,,,,,,,,,,,,,,,mesophilic,,,,,,,,,,,,,,,,,Weiland. P. 2010. Biogas production: current state and perspectives. Applied Microbiology and Biotechnology. 85(4). 849-860.
Triticale,Triticale,agricultural,,,,,,,,,,solid,,,,335,,,,,,,,,,,,,,,,,,,,,,,,,,,,,,,,,,,,,mesophilic,,,,,,,,,,,,,,,,,Weiland. P. 2010. Biogas production: current state and perspectives. Applied Microbiology and Biotechnology. 85(4). 849-860.
Sorghum,Sorghum,agricultural,,,,,,,,,,solid,,,,286,,,,,,,,,,,,,,,,,,,,,,,,,,,,,,,,,,,,,mesophilic,,,,,,,,,,,,,,,,,Weiland. P. 2010. Biogas production: current state and perspectives. Applied Microbiology and Biotechnology. 85(4). 849-860.
Sorghum,Sorghum,agricultural,,,,,,,,,,solid,,,,319,,,,,,,,,,,,,,,,,,,,,,,,,,,,,,,,,,,,,mesophilic,,,,,,,,,,,,,,,,,Weiland. P. 2010. Biogas production: current state and perspectives. Applied Microbiology and Biotechnology. 85(4). 849-860.
Grass,Grass,agricultural,,,,,,,,,,solid,,,,286,,,,,,,,,,,,,,,,,,,,,,,,,,,,,,,,,,,,,mesophilic,,,,,,,,,,,,,,,,,Weiland. P. 2010. Biogas production: current state and perspectives. Applied Microbiology and Biotechnology. 85(4). 849-860.
Grass,Grass,agricultural,,,,,,,,,,solid,,,,324,,,,,,,,,,,,,,,,,,,,,,,,,,,,,,,,,,,,,mesophilic,,,,,,,,,,,,,,,,,Weiland. P. 2010. Biogas production: current state and perspectives. Applied Microbiology and Biotechnology. 85(4). 849-860.
Clover,red Clover,agricultural,,,,,,,,,,solid,,,,297,,,,,,,,,,,,,,,,,,,,,,,,,,,,,,,,,,,,,mesophilic,,,,,,,,,,,,,,,,,Weiland. P. 2010. Biogas production: current state and perspectives. Applied Microbiology and Biotechnology. 85(4). 849-860.
Clover,red Clover,agricultural,,,,,,,,,,solid,,,,348,,,,,,,,,,,,,,,,,,,,,,,,,,,,,,,,,,,,,mesophilic,,,,,,,,,,,,,,,,,Weiland. P. 2010. Biogas production: current state and perspectives. Applied Microbiology and Biotechnology. 85(4). 849-860.
Sunflower,sun flower,agricultural,,,,,,,,,,solid,,,,231,,,,,,,,,,,,,,,,,,,,,,,,,,,,,,,,,,,,,mesophilic,,,,,,,,,,,,,,,,,Weiland. P. 2010. Biogas production: current state and perspectives. Applied Microbiology and Biotechnology. 85(4). 849-860.
Sunflower,sun flower,agricultural,,,,,,,,,,solid,,,,297,,,,,,,,,,,,,,,,,,,,,,,,,,,,,,,,,,,,,mesophilic,,,,,,,,,,,,,,,,,Weiland. P. 2010. Biogas production: current state and perspectives. Applied Microbiology and Biotechnology. 85(4). 849-860.
Grain,Wheat Grain,agricultural,,,,,,,,,,solid,,,,371,,,,,,,,,,,,,,,,,,,,,,,,,,,,,,,,,,,,,mesophilic,,,,,,,,,,,,,,,,,Weiland. P. 2010. Biogas production: current state and perspectives. Applied Microbiology and Biotechnology. 85(4). 849-860.
Grain,Wheat Grain,agricultural,,,,,,,,,,solid,,,,412,,,,,,,,,,,,,,,,,,,,,,,,,,,,,,,,,,,,,mesophilic,,,,,,,,,,,,,,,,,Weiland. P. 2010. Biogas production: current state and perspectives. Applied Microbiology and Biotechnology. 85(4). 849-860.
Grain,Rye Grain,agricultural,,,,,,,,,,solid,,,,297,,,,,,,,,,,,,,,,,,,,,,,,,,,,,,,,,,,,,mesophilic,,,,,,,,,,,,,,,,,Weiland. P. 2010. Biogas production: current state and perspectives. Applied Microbiology and Biotechnology. 85(4). 849-860.
Grain,Rye Grain,agricultural,,,,,,,,,,solid,,,,413,,,,,,,,,,,,,,,,,,,,,,,,,,,,,,,,,,,,,mesophilic,,,,,,,,,,,,,,,,,Weiland. P. 2010. Biogas production: current state and perspectives. Applied Microbiology and Biotechnology. 85(4). 849-860.
WW sludge,dewatered sewage sludge,domestic,7.4,,,,,,,20.45,60.09,liquid,no,,,85,,2.5,,laboratory,6,,,semicontinuous,,,no,,,,,,,,,,,,,,,2.31,56.51,,7.8,,,,,321,26,,mesophilic,35,,,,,,,,,,,,,,OLR 2.5 gVS/L,,Duan. N.. Dong. B.. Wu. B.. Dai. X. 2012. High-solid anaerobic digestion of sewage sludge under mesophilic conditions: Feasibility study. Bioresource Technology. 104(0). 150-156.
WW sludge,dewatered sewage sludge,domestic,7.4,,,,,,,22.56,60.29,liquid,no,,,105,,3,,laboratory,6,,,semicontinuous,,,no,,,,,,,,,,,,,,,2.31,56.51,,7.8,,,,,321,26,,mesophilic,35,,,,,,,,,,,,,,OLR 3 gVS/L,,Duan. N.. Dong. B.. Wu. B.. Dai. X. 2012. High-solid anaerobic digestion of sewage sludge under mesophilic conditions: Feasibility study. Bioresource Technology. 104(0). 150-156.
WW sludge,dewatered sewage sludge,domestic,7.5,,,,,,,23.08,52.48,liquid,no,,,105,,2.95,,laboratory,6,,,semicontinuous,,,no,,,,,,,,,,,,,,,2.31,56.51,,7.8,,,,,321,26,,mesophilic,35,,,,,,,,,,,,,,OLR 2.95 gVS/L,,Duan. N.. Dong. B.. Wu. B.. Dai. X. 2012. High-solid anaerobic digestion of sewage sludge under mesophilic conditions: Feasibility study. Bioresource Technology. 104(0). 150-156.
Silage,Maize Silage,agricultural,,,,,,,,,,solid,no,,,390,,,,laboratory,1,,,batch,,,no,,,,,,,,,,,,,,,,,,,,,,,,,,mesophilic,38,,,,,,,,,,,,,,,,Amon. T.. Amon. B.. Kryvoruchko. V.. Machm├╝ller. A.. Hopfner-Sixt. K.. Bodiroza. V.. Hrbek. R.. Friedel. J.. P├Âtsch. E.. Wagentristl. H.. Schreiner. M.. Zollitsch. W. 2007. Methane production through anaerobic digestion of various energy crops grown in sustainable crop rotations. Bioresource Technology. 98(17). 3204-3212.
Straw,winter Wheat (Straw),agricultural,,,,,,,,,,solid,no,,,189,,,,laboratory,1,,,batch,,,no,,,,,,,,,,,,,,,,,,,,,,,,,,mesophilic,38,,,,,,,,,,,,,,,,Amon. T.. Amon. B.. Kryvoruchko. V.. Machm├╝ller. A.. Hopfner-Sixt. K.. Bodiroza. V.. Hrbek. R.. Friedel. J.. P├Âtsch. E.. Wagentristl. H.. Schreiner. M.. Zollitsch. W. 2007. Methane production through anaerobic digestion of various energy crops grown in sustainable crop rotations. Bioresource Technology. 98(17). 3204-3212.
Grass,Clover Grass,agricultural,,,,,,,,,,solid,no,,,335,,,,laboratory,1,,,batch,,,no,,,,,,,,,,,,,,,,,,,,,,,,,,mesophilic,38,,,,,,,,,,,,,,,,Amon. T.. Amon. B.. Kryvoruchko. V.. Machm├╝ller. A.. Hopfner-Sixt. K.. Bodiroza. V.. Hrbek. R.. Friedel. J.. P├Âtsch. E.. Wagentristl. H.. Schreiner. M.. Zollitsch. W. 2007. Methane production through anaerobic digestion of various energy crops grown in sustainable crop rotations. Bioresource Technology. 98(17). 3204-3212.
Straw,Barley Straw,agricultural,,,,,,,,,,solid,no,,,189,,,,laboratory,1,,,batch,,,no,,,,,,,,,,,,,,,,,,,,,,,,,,mesophilic,38,,,,,,,,,,,,,,,,Amon. T.. Amon. B.. Kryvoruchko. V.. Machm├╝ller. A.. Hopfner-Sixt. K.. Bodiroza. V.. Hrbek. R.. Friedel. J.. P├Âtsch. E.. Wagentristl. H.. Schreiner. M.. Zollitsch. W. 2007. Methane production through anaerobic digestion of various energy crops grown in sustainable crop rotations. Bioresource Technology. 98(17). 3204-3212.
Leaves,sugar beat Leaves,agricultural,,,,,,,,,,solid,no,,,210,,,,laboratory,1,,,batch,,,no,,,,,,,,,,,,,,,,,,,,,,,,,,mesophilic,38,,,,,,,,,,,,,,,,Amon. T.. Amon. B.. Kryvoruchko. V.. Machm├╝ller. A.. Hopfner-Sixt. K.. Bodiroza. V.. Hrbek. R.. Friedel. J.. P├Âtsch. E.. Wagentristl. H.. Schreiner. M.. Zollitsch. W. 2007. Methane production through anaerobic digestion of various energy crops grown in sustainable crop rotations. Bioresource Technology. 98(17). 3204-3212.
Silage,pressed Beet pulp Silage,agricultural,,,,,,,,,,solid,no,,,430,,,,laboratory,1,,,batch,,,no,,,,,,,,,,,,,,,,,,,,,,,,,,mesophilic,38,,,,,,,,,,,,,,,,Amon. T.. Amon. B.. Kryvoruchko. V.. Machm├╝ller. A.. Hopfner-Sixt. K.. Bodiroza. V.. Hrbek. R.. Friedel. J.. P├Âtsch. E.. Wagentristl. H.. Schreiner. M.. Zollitsch. W. 2007. Methane production through anaerobic digestion of various energy crops grown in sustainable crop rotations. Bioresource Technology. 98(17). 3204-3212.
Silage,Sunflower whole crop Silage,agricultural,,,,,,,,,,solid,no,,,300,,,,laboratory,1,,,batch,,,no,,,,,,,,,,,,,,,,,,,,,,,,,,mesophilic,38,,,,,,,,,,,,,,,,Amon. T.. Amon. B.. Kryvoruchko. V.. Machm├╝ller. A.. Hopfner-Sixt. K.. Bodiroza. V.. Hrbek. R.. Friedel. J.. P├Âtsch. E.. Wagentristl. H.. Schreiner. M.. Zollitsch. W. 2007. Methane production through anaerobic digestion of various energy crops grown in sustainable crop rotations. Bioresource Technology. 98(17). 3204-3212.
Lucerne,Lucerne,agricultural,,,,,,,,,,solid,no,,,335,,,,laboratory,1,,,batch,,,no,,,,,,,,,,,,,,,,,,,,,,,,,,mesophilic,38,,,,,,,,,,,,,,,,Amon. T.. Amon. B.. Kryvoruchko. V.. Machm├╝ller. A.. Hopfner-Sixt. K.. Bodiroza. V.. Hrbek. R.. Friedel. J.. P├Âtsch. E.. Wagentristl. H.. Schreiner. M.. Zollitsch. W. 2007. Methane production through anaerobic digestion of various energy crops grown in sustainable crop rotations. Bioresource Technology. 98(17). 3204-3212.
Maize,Maize,agricultural,,,,,,,,,,solid,no,,,333.7,,,,laboratory,1,,,batch,,,no,,,,,,,,,,,,,,,,,,,,,,,,,,mesophilic,38,,,,,,,,,,,,,,,,Amon. T.. Amon. B.. Kryvoruchko. V.. Machm├╝ller. A.. Hopfner-Sixt. K.. Bodiroza. V.. Hrbek. R.. Friedel. J.. P├Âtsch. E.. Wagentristl. H.. Schreiner. M.. Zollitsch. W. 2007. Methane production through anaerobic digestion of various energy crops grown in sustainable crop rotations. Bioresource Technology. 98(17). 3204-3212.
Maize,Maize,agricultural,,,,,,,,,,solid,no,,,283.2,,,,laboratory,1,,,batch,,,no,,,,,,,,,,,,,,,,,,,,,,,,,,mesophilic,38,,,,,,,,,,,,,,,,Amon. T.. Amon. B.. Kryvoruchko. V.. Machm├╝ller. A.. Hopfner-Sixt. K.. Bodiroza. V.. Hrbek. R.. Friedel. J.. P├Âtsch. E.. Wagentristl. H.. Schreiner. M.. Zollitsch. W. 2007. Methane production through anaerobic digestion of various energy crops grown in sustainable crop rotations. Bioresource Technology. 98(17). 3204-3212.
Maize,Maize,agricultural,,,,,,,,,,solid,no,,,280.4,,,,laboratory,1,,,batch,,,no,,,,,,,,,,,,,,,,,,,,,,,,,,mesophilic,38,,,,,,,,,,,,,,,,Amon. T.. Amon. B.. Kryvoruchko. V.. Machm├╝ller. A.. Hopfner-Sixt. K.. Bodiroza. V.. Hrbek. R.. Friedel. J.. P├Âtsch. E.. Wagentristl. H.. Schreiner. M.. Zollitsch. W. 2007. Methane production through anaerobic digestion of various energy crops grown in sustainable crop rotations. Bioresource Technology. 98(17). 3204-3212.
Maize,Maize,agricultural,,,,,,,,,,solid,no,,,365.9,,,,laboratory,1,,,batch,,,no,,,,,,,,,,,,,,,,,,,,,,,,,,mesophilic,38,,,,,,,,,,,,,,,,Amon. T.. Amon. B.. Kryvoruchko. V.. Machm├╝ller. A.. Hopfner-Sixt. K.. Bodiroza. V.. Hrbek. R.. Friedel. J.. P├Âtsch. E.. Wagentristl. H.. Schreiner. M.. Zollitsch. W. 2007. Methane production through anaerobic digestion of various energy crops grown in sustainable crop rotations. Bioresource Technology. 98(17). 3204-3212.
Maize,Maize,agricultural,,,,,,,,,,solid,no,,,302.1,,,,laboratory,1,,,batch,,,no,,,,,,,,,,,,,,,,,,,,,,,,,,mesophilic,38,,,,,,,,,,,,,,,,Amon. T.. Amon. B.. Kryvoruchko. V.. Machm├╝ller. A.. Hopfner-Sixt. K.. Bodiroza. V.. Hrbek. R.. Friedel. J.. P├Âtsch. E.. Wagentristl. H.. Schreiner. M.. Zollitsch. W. 2007. Methane production through anaerobic digestion of various energy crops grown in sustainable crop rotations. Bioresource Technology. 98(17). 3204-3212.
Maize,Maize,agricultural,,,,,,,,,,solid,no,,,268.2,,,,laboratory,1,,,batch,,,no,,,,,,,,,,,,,,,,,,,,,,,,,,mesophilic,38,,,,,,,,,,,,,,,,Amon. T.. Amon. B.. Kryvoruchko. V.. Machm├╝ller. A.. Hopfner-Sixt. K.. Bodiroza. V.. Hrbek. R.. Friedel. J.. P├Âtsch. E.. Wagentristl. H.. Schreiner. M.. Zollitsch. W. 2007. Methane production through anaerobic digestion of various energy crops grown in sustainable crop rotations. Bioresource Technology. 98(17). 3204-3212.
Maize,Maize,agricultural,,,,,,,,,,solid,no,,,312.6,,,,laboratory,1,,,batch,,,no,,,,,,,,,,,,,,,,,,,,,,,,,,mesophilic,38,,,,,,,,,,,,,,,,Amon. T.. Amon. B.. Kryvoruchko. V.. Machm├╝ller. A.. Hopfner-Sixt. K.. Bodiroza. V.. Hrbek. R.. Friedel. J.. P├Âtsch. E.. Wagentristl. H.. Schreiner. M.. Zollitsch. W. 2007. Methane production through anaerobic digestion of various energy crops grown in sustainable crop rotations. Bioresource Technology. 98(17). 3204-3212.
Maize,Maize,agricultural,,,,,,,,,,solid,no,,,325.6,,,,laboratory,1,,,batch,,,no,,,,,,,,,,,,,,,,,,,,,,,,,,mesophilic,38,,,,,,,,,,,,,,,,Amon. T.. Amon. B.. Kryvoruchko. V.. Machm├╝ller. A.. Hopfner-Sixt. K.. Bodiroza. V.. Hrbek. R.. Friedel. J.. P├Âtsch. E.. Wagentristl. H.. Schreiner. M.. Zollitsch. W. 2007. Methane production through anaerobic digestion of various energy crops grown in sustainable crop rotations. Bioresource Technology. 98(17). 3204-3212.
Maize,Maize,agricultural,,,,,,,,,,solid,no,,,286.8,,,,laboratory,1,,,batch,,,no,,,,,,,,,,,,,,,,,,,,,,,,,,mesophilic,38,,,,,,,,,,,,,,,,Amon. T.. Amon. B.. Kryvoruchko. V.. Machm├╝ller. A.. Hopfner-Sixt. K.. Bodiroza. V.. Hrbek. R.. Friedel. J.. P├Âtsch. E.. Wagentristl. H.. Schreiner. M.. Zollitsch. W. 2007. Methane production through anaerobic digestion of various energy crops grown in sustainable crop rotations. Bioresource Technology. 98(17). 3204-3212.
Wheat,Wheat,agricultural,,,,,,,,,,solid,no,,,229,,,,laboratory,1,,,batch,,,no,,,,,,,,,,,,,,,,,,,,,,,,,,mesophilic,38,,,,,,,,,,,,,,,,Amon. T.. Amon. B.. Kryvoruchko. V.. Machm├╝ller. A.. Hopfner-Sixt. K.. Bodiroza. V.. Hrbek. R.. Friedel. J.. P├Âtsch. E.. Wagentristl. H.. Schreiner. M.. Zollitsch. W. 2007. Methane production through anaerobic digestion of various energy crops grown in sustainable crop rotations. Bioresource Technology. 98(17). 3204-3212.
Wheat,Wheat,agricultural,,,,,,,,,,solid,no,,,342,,,,laboratory,1,,,batch,,,no,,,,,,,,,,,,,,,,,,,,,,,,,,mesophilic,38,,,,,,,,,,,,,,,,Amon. T.. Amon. B.. Kryvoruchko. V.. Machm├╝ller. A.. Hopfner-Sixt. K.. Bodiroza. V.. Hrbek. R.. Friedel. J.. P├Âtsch. E.. Wagentristl. H.. Schreiner. M.. Zollitsch. W. 2007. Methane production through anaerobic digestion of various energy crops grown in sustainable crop rotations. Bioresource Technology. 98(17). 3204-3212.
Wheat,Wheat,agricultural,,,,,,,,,,solid,no,,,254,,,,laboratory,1,,,batch,,,no,,,,,,,,,,,,,,,,,,,,,,,,,,mesophilic,38,,,,,,,,,,,,,,,,Amon. T.. Amon. B.. Kryvoruchko. V.. Machm├╝ller. A.. Hopfner-Sixt. K.. Bodiroza. V.. Hrbek. R.. Friedel. J.. P├Âtsch. E.. Wagentristl. H.. Schreiner. M.. Zollitsch. W. 2007. Methane production through anaerobic digestion of various energy crops grown in sustainable crop rotations. Bioresource Technology. 98(17). 3204-3212.
Wheat,Wheat,agricultural,,,,,,,,,,solid,no,,,228,,,,laboratory,1,,,batch,,,no,,,,,,,,,,,,,,,,,,,,,,,,,,mesophilic,38,,,,,,,,,,,,,,,,Amon. T.. Amon. B.. Kryvoruchko. V.. Machm├╝ller. A.. Hopfner-Sixt. K.. Bodiroza. V.. Hrbek. R.. Friedel. J.. P├Âtsch. E.. Wagentristl. H.. Schreiner. M.. Zollitsch. W. 2007. Methane production through anaerobic digestion of various energy crops grown in sustainable crop rotations. Bioresource Technology. 98(17). 3204-3212.
Wheat,Wheat,agricultural,,,,,,,,,,solid,no,,,245,,,,laboratory,1,,,batch,,,no,,,,,,,,,,,,,,,,,,,,,,,,,,mesophilic,38,,,,,,,,,,,,,,,,Amon. T.. Amon. B.. Kryvoruchko. V.. Machm├╝ller. A.. Hopfner-Sixt. K.. Bodiroza. V.. Hrbek. R.. Friedel. J.. P├Âtsch. E.. Wagentristl. H.. Schreiner. M.. Zollitsch. W. 2007. Methane production through anaerobic digestion of various energy crops grown in sustainable crop rotations. Bioresource Technology. 98(17). 3204-3212.
Wheat,Wheat,agricultural,,,,,,,,,,solid,no,,,343,,,,laboratory,1,,,batch,,,no,,,,,,,,,,,,,,,,,,,,,,,,,,mesophilic,38,,,,,,,,,,,,,,,,Amon. T.. Amon. B.. Kryvoruchko. V.. Machm├╝ller. A.. Hopfner-Sixt. K.. Bodiroza. V.. Hrbek. R.. Friedel. J.. P├Âtsch. E.. Wagentristl. H.. Schreiner. M.. Zollitsch. W. 2007. Methane production through anaerobic digestion of various energy crops grown in sustainable crop rotations. Bioresource Technology. 98(17). 3204-3212.
Wheat,Wheat,agricultural,,,,,,,,,,solid,no,,,307,,,,laboratory,1,,,batch,,,no,,,,,,,,,,,,,,,,,,,,,,,,,,mesophilic,38,,,,,,,,,,,,,,,,Amon. T.. Amon. B.. Kryvoruchko. V.. Machm├╝ller. A.. Hopfner-Sixt. K.. Bodiroza. V.. Hrbek. R.. Friedel. J.. P├Âtsch. E.. Wagentristl. H.. Schreiner. M.. Zollitsch. W. 2007. Methane production through anaerobic digestion of various energy crops grown in sustainable crop rotations. Bioresource Technology. 98(17). 3204-3212.
Wheat,Wheat,agricultural,,,,,,,,,,solid,no,,,244,,,,laboratory,1,,,batch,,,no,,,,,,,,,,,,,,,,,,,,,,,,,,mesophilic,38,,,,,,,,,,,,,,,,Amon. T.. Amon. B.. Kryvoruchko. V.. Machm├╝ller. A.. Hopfner-Sixt. K.. Bodiroza. V.. Hrbek. R.. Friedel. J.. P├Âtsch. E.. Wagentristl. H.. Schreiner. M.. Zollitsch. W. 2007. Methane production through anaerobic digestion of various energy crops grown in sustainable crop rotations. Bioresource Technology. 98(17). 3204-3212.
Wheat,Wheat,agricultural,,,,,,,,,,solid,no,,,243,,,,laboratory,1,,,batch,,,no,,,,,,,,,,,,,,,,,,,,,,,,,,mesophilic,38,,,,,,,,,,,,,,,,Amon. T.. Amon. B.. Kryvoruchko. V.. Machm├╝ller. A.. Hopfner-Sixt. K.. Bodiroza. V.. Hrbek. R.. Friedel. J.. P├Âtsch. E.. Wagentristl. H.. Schreiner. M.. Zollitsch. W. 2007. Methane production through anaerobic digestion of various energy crops grown in sustainable crop rotations. Bioresource Technology. 98(17). 3204-3212.
Wheat,Wheat,agricultural,,,,,,,,,,solid,no,,,251,,,,laboratory,1,,,batch,,,no,,,,,,,,,,,,,,,,,,,,,,,,,,mesophilic,38,,,,,,,,,,,,,,,,Amon. T.. Amon. B.. Kryvoruchko. V.. Machm├╝ller. A.. Hopfner-Sixt. K.. Bodiroza. V.. Hrbek. R.. Friedel. J.. P├Âtsch. E.. Wagentristl. H.. Schreiner. M.. Zollitsch. W. 2007. Methane production through anaerobic digestion of various energy crops grown in sustainable crop rotations. Bioresource Technology. 98(17). 3204-3212.
Triticale,Triticale,agricultural,,,,,,,,,,solid,no,,,286,,,,laboratory,1,,,batch,,,no,,,,,,,,,,,,,,,,,,,,,,,,,,mesophilic,38,,,,,,,,,,,,,,,,Amon. T.. Amon. B.. Kryvoruchko. V.. Machm├╝ller. A.. Hopfner-Sixt. K.. Bodiroza. V.. Hrbek. R.. Friedel. J.. P├Âtsch. E.. Wagentristl. H.. Schreiner. M.. Zollitsch. W. 2007. Methane production through anaerobic digestion of various energy crops grown in sustainable crop rotations. Bioresource Technology. 98(17). 3204-3212.
Triticale,Triticale,agricultural,,,,,,,,,,solid,no,,,255,,,,laboratory,1,,,batch,,,no,,,,,,,,,,,,,,,,,,,,,,,,,,mesophilic,38,,,,,,,,,,,,,,,,Amon. T.. Amon. B.. Kryvoruchko. V.. Machm├╝ller. A.. Hopfner-Sixt. K.. Bodiroza. V.. Hrbek. R.. Friedel. J.. P├Âtsch. E.. Wagentristl. H.. Schreiner. M.. Zollitsch. W. 2007. Methane production through anaerobic digestion of various energy crops grown in sustainable crop rotations. Bioresource Technology. 98(17). 3204-3212.
Triticale,Triticale,agricultural,,,,,,,,,,solid,no,,,265,,,,laboratory,1,,,batch,,,no,,,,,,,,,,,,,,,,,,,,,,,,,,mesophilic,38,,,,,,,,,,,,,,,,Amon. T.. Amon. B.. Kryvoruchko. V.. Machm├╝ller. A.. Hopfner-Sixt. K.. Bodiroza. V.. Hrbek. R.. Friedel. J.. P├Âtsch. E.. Wagentristl. H.. Schreiner. M.. Zollitsch. W. 2007. Methane production through anaerobic digestion of various energy crops grown in sustainable crop rotations. Bioresource Technology. 98(17). 3204-3212.
Triticale,Triticale,agricultural,,,,,,,,,,solid,no,,,232,,,,laboratory,1,,,batch,,,no,,,,,,,,,,,,,,,,,,,,,,,,,,mesophilic,38,,,,,,,,,,,,,,,,Amon. T.. Amon. B.. Kryvoruchko. V.. Machm├╝ller. A.. Hopfner-Sixt. K.. Bodiroza. V.. Hrbek. R.. Friedel. J.. P├Âtsch. E.. Wagentristl. H.. Schreiner. M.. Zollitsch. W. 2007. Methane production through anaerobic digestion of various energy crops grown in sustainable crop rotations. Bioresource Technology. 98(17). 3204-3212.
Triticale,Triticale,agricultural,,,,,,,,,,solid,no,,,212,,,,laboratory,1,,,batch,,,no,,,,,,,,,,,,,,,,,,,,,,,,,,mesophilic,38,,,,,,,,,,,,,,,,Amon. T.. Amon. B.. Kryvoruchko. V.. Machm├╝ller. A.. Hopfner-Sixt. K.. Bodiroza. V.. Hrbek. R.. Friedel. J.. P├Âtsch. E.. Wagentristl. H.. Schreiner. M.. Zollitsch. W. 2007. Methane production through anaerobic digestion of various energy crops grown in sustainable crop rotations. Bioresource Technology. 98(17). 3204-3212.
Triticale,Triticale,agricultural,,,,,,,,,,solid,no,,,213,,,,laboratory,1,,,batch,,,no,,,,,,,,,,,,,,,,,,,,,,,,,,mesophilic,38,,,,,,,,,,,,,,,,Amon. T.. Amon. B.. Kryvoruchko. V.. Machm├╝ller. A.. Hopfner-Sixt. K.. Bodiroza. V.. Hrbek. R.. Friedel. J.. P├Âtsch. E.. Wagentristl. H.. Schreiner. M.. Zollitsch. W. 2007. Methane production through anaerobic digestion of various energy crops grown in sustainable crop rotations. Bioresource Technology. 98(17). 3204-3212.
Triticale,Triticale,agricultural,,,,,,,,,,solid,no,,,264,,,,laboratory,1,,,batch,,,no,,,,,,,,,,,,,,,,,,,,,,,,,,mesophilic,38,,,,,,,,,,,,,,,,Amon. T.. Amon. B.. Kryvoruchko. V.. Machm├╝ller. A.. Hopfner-Sixt. K.. Bodiroza. V.. Hrbek. R.. Friedel. J.. P├Âtsch. E.. Wagentristl. H.. Schreiner. M.. Zollitsch. W. 2007. Methane production through anaerobic digestion of various energy crops grown in sustainable crop rotations. Bioresource Technology. 98(17). 3204-3212.
Triticale,Triticale,agricultural,,,,,,,,,,solid,no,,,236,,,,laboratory,1,,,batch,,,no,,,,,,,,,,,,,,,,,,,,,,,,,,mesophilic,38,,,,,,,,,,,,,,,,Amon. T.. Amon. B.. Kryvoruchko. V.. Machm├╝ller. A.. Hopfner-Sixt. K.. Bodiroza. V.. Hrbek. R.. Friedel. J.. P├Âtsch. E.. Wagentristl. H.. Schreiner. M.. Zollitsch. W. 2007. Methane production through anaerobic digestion of various energy crops grown in sustainable crop rotations. Bioresource Technology. 98(17). 3204-3212.
Triticale,Triticale,agricultural,,,,,,,,,,solid,no,,,241,,,,laboratory,1,,,batch,,,no,,,,,,,,,,,,,,,,,,,,,,,,,,mesophilic,38,,,,,,,,,,,,,,,,Amon. T.. Amon. B.. Kryvoruchko. V.. Machm├╝ller. A.. Hopfner-Sixt. K.. Bodiroza. V.. Hrbek. R.. Friedel. J.. P├Âtsch. E.. Wagentristl. H.. Schreiner. M.. Zollitsch. W. 2007. Methane production through anaerobic digestion of various energy crops grown in sustainable crop rotations. Bioresource Technology. 98(17). 3204-3212.
Triticale,Triticale,agricultural,,,,,,,,,,solid,no,,,223,,,,laboratory,1,,,batch,,,no,,,,,,,,,,,,,,,,,,,,,,,,,,mesophilic,38,,,,,,,,,,,,,,,,Amon. T.. Amon. B.. Kryvoruchko. V.. Machm├╝ller. A.. Hopfner-Sixt. K.. Bodiroza. V.. Hrbek. R.. Friedel. J.. P├Âtsch. E.. Wagentristl. H.. Schreiner. M.. Zollitsch. W. 2007. Methane production through anaerobic digestion of various energy crops grown in sustainable crop rotations. Bioresource Technology. 98(17). 3204-3212.
Grain,Rye,agricultural,,,,,,,,,,solid,no,,,140,,,,laboratory,1,,,batch,,,no,,,,,,,,,,,,,,,,,,,,,,,,,,mesophilic,38,,,,,,,,,,,,,,,,Amon. T.. Amon. B.. Kryvoruchko. V.. Machm├╝ller. A.. Hopfner-Sixt. K.. Bodiroza. V.. Hrbek. R.. Friedel. J.. P├Âtsch. E.. Wagentristl. H.. Schreiner. M.. Zollitsch. W. 2007. Methane production through anaerobic digestion of various energy crops grown in sustainable crop rotations. Bioresource Technology. 98(17). 3204-3212.
Grain,Rye,agricultural,,,,,,,,,,solid,no,,,243,,,,laboratory,1,,,batch,,,no,,,,,,,,,,,,,,,,,,,,,,,,,,mesophilic,38,,,,,,,,,,,,,,,,Amon. T.. Amon. B.. Kryvoruchko. V.. Machm├╝ller. A.. Hopfner-Sixt. K.. Bodiroza. V.. Hrbek. R.. Friedel. J.. P├Âtsch. E.. Wagentristl. H.. Schreiner. M.. Zollitsch. W. 2007. Methane production through anaerobic digestion of various energy crops grown in sustainable crop rotations. Bioresource Technology. 98(17). 3204-3212.
Grain,Rye,agricultural,,,,,,,,,,solid,no,,,275,,,,laboratory,1,,,batch,,,no,,,,,,,,,,,,,,,,,,,,,,,,,,mesophilic,38,,,,,,,,,,,,,,,,Amon. T.. Amon. B.. Kryvoruchko. V.. Machm├╝ller. A.. Hopfner-Sixt. K.. Bodiroza. V.. Hrbek. R.. Friedel. J.. P├Âtsch. E.. Wagentristl. H.. Schreiner. M.. Zollitsch. W. 2007. Methane production through anaerobic digestion of various energy crops grown in sustainable crop rotations. Bioresource Technology. 98(17). 3204-3212.
Sunflower,Sunflower,agricultural,,,,,,,,,,solid,no,,,454,,,,laboratory,1,,,batch,,,no,,,,,,,,,,,,,,,,,,,,,,,,,,mesophilic,38,,,,,,,,,,,,,,,,Amon. T.. Amon. B.. Kryvoruchko. V.. Machm├╝ller. A.. Hopfner-Sixt. K.. Bodiroza. V.. Hrbek. R.. Friedel. J.. P├Âtsch. E.. Wagentristl. H.. Schreiner. M.. Zollitsch. W. 2007. Methane production through anaerobic digestion of various energy crops grown in sustainable crop rotations. Bioresource Technology. 98(17). 3204-3212.
Sunflower,Sunflower,agricultural,,,,,,,,,,solid,no,,,291,,,,laboratory,1,,,batch,,,no,,,,,,,,,,,,,,,,,,,,,,,,,,mesophilic,38,,,,,,,,,,,,,,,,Amon. T.. Amon. B.. Kryvoruchko. V.. Machm├╝ller. A.. Hopfner-Sixt. K.. Bodiroza. V.. Hrbek. R.. Friedel. J.. P├Âtsch. E.. Wagentristl. H.. Schreiner. M.. Zollitsch. W. 2007. Methane production through anaerobic digestion of various energy crops grown in sustainable crop rotations. Bioresource Technology. 98(17). 3204-3212.
Sunflower,Sunflower,agricultural,,,,,,,,,,solid,no,,,252,,,,laboratory,1,,,batch,,,no,,,,,,,,,,,,,,,,,,,,,,,,,,mesophilic,38,,,,,,,,,,,,,,,,Amon. T.. Amon. B.. Kryvoruchko. V.. Machm├╝ller. A.. Hopfner-Sixt. K.. Bodiroza. V.. Hrbek. R.. Friedel. J.. P├Âtsch. E.. Wagentristl. H.. Schreiner. M.. Zollitsch. W. 2007. Methane production through anaerobic digestion of various energy crops grown in sustainable crop rotations. Bioresource Technology. 98(17). 3204-3212.
Sunflower,Sunflower,agricultural,,,,,,,,,,solid,no,,,335,,,,laboratory,1,,,batch,,,no,,,,,,,,,,,,,,,,,,,,,,,,,,mesophilic,38,,,,,,,,,,,,,,,,Amon. T.. Amon. B.. Kryvoruchko. V.. Machm├╝ller. A.. Hopfner-Sixt. K.. Bodiroza. V.. Hrbek. R.. Friedel. J.. P├Âtsch. E.. Wagentristl. H.. Schreiner. M.. Zollitsch. W. 2007. Methane production through anaerobic digestion of various energy crops grown in sustainable crop rotations. Bioresource Technology. 98(17). 3204-3212.
Sunflower,Sunflower,agricultural,,,,,,,,,,solid,no,,,271,,,,laboratory,1,,,batch,,,no,,,,,,,,,,,,,,,,,,,,,,,,,,mesophilic,38,,,,,,,,,,,,,,,,Amon. T.. Amon. B.. Kryvoruchko. V.. Machm├╝ller. A.. Hopfner-Sixt. K.. Bodiroza. V.. Hrbek. R.. Friedel. J.. P├Âtsch. E.. Wagentristl. H.. Schreiner. M.. Zollitsch. W. 2007. Methane production through anaerobic digestion of various energy crops grown in sustainable crop rotations. Bioresource Technology. 98(17). 3204-3212.
Sunflower,Sunflower,agricultural,,,,,,,,,,solid,no,,,272,,,,laboratory,1,,,batch,,,no,,,,,,,,,,,,,,,,,,,,,,,,,,mesophilic,38,,,,,,,,,,,,,,,,Amon. T.. Amon. B.. Kryvoruchko. V.. Machm├╝ller. A.. Hopfner-Sixt. K.. Bodiroza. V.. Hrbek. R.. Friedel. J.. P├Âtsch. E.. Wagentristl. H.. Schreiner. M.. Zollitsch. W. 2007. Methane production through anaerobic digestion of various energy crops grown in sustainable crop rotations. Bioresource Technology. 98(17). 3204-3212.
Sunflower,Sunflower,agricultural,,,,,,,,,,solid,no,,,428,,,,laboratory,1,,,batch,,,no,,,,,,,,,,,,,,,,,,,,,,,,,,mesophilic,38,,,,,,,,,,,,,,,,Amon. T.. Amon. B.. Kryvoruchko. V.. Machm├╝ller. A.. Hopfner-Sixt. K.. Bodiroza. V.. Hrbek. R.. Friedel. J.. P├Âtsch. E.. Wagentristl. H.. Schreiner. M.. Zollitsch. W. 2007. Methane production through anaerobic digestion of various energy crops grown in sustainable crop rotations. Bioresource Technology. 98(17). 3204-3212.
Sunflower,Sunflower,agricultural,,,,,,,,,,solid,no,,,206,,,,laboratory,1,,,batch,,,no,,,,,,,,,,,,,,,,,,,,,,,,,,mesophilic,38,,,,,,,,,,,,,,,,Amon. T.. Amon. B.. Kryvoruchko. V.. Machm├╝ller. A.. Hopfner-Sixt. K.. Bodiroza. V.. Hrbek. R.. Friedel. J.. P├Âtsch. E.. Wagentristl. H.. Schreiner. M.. Zollitsch. W. 2007. Methane production through anaerobic digestion of various energy crops grown in sustainable crop rotations. Bioresource Technology. 98(17). 3204-3212.
Sunflower,Sunflower,agricultural,,,,,,,,,,solid,no,,,220,,,,laboratory,1,,,batch,,,no,,,,,,,,,,,,,,,,,,,,,,,,,,mesophilic,38,,,,,,,,,,,,,,,,Amon. T.. Amon. B.. Kryvoruchko. V.. Machm├╝ller. A.. Hopfner-Sixt. K.. Bodiroza. V.. Hrbek. R.. Friedel. J.. P├Âtsch. E.. Wagentristl. H.. Schreiner. M.. Zollitsch. W. 2007. Methane production through anaerobic digestion of various energy crops grown in sustainable crop rotations. Bioresource Technology. 98(17). 3204-3212.
Sunflower,Sunflower,agricultural,,,,,,,,,,solid,no,,,194,,,,laboratory,1,,,batch,,,no,,,,,,,,,,,,,,,,,,,,,,,,,,mesophilic,38,,,,,,,,,,,,,,,,Amon. T.. Amon. B.. Kryvoruchko. V.. Machm├╝ller. A.. Hopfner-Sixt. K.. Bodiroza. V.. Hrbek. R.. Friedel. J.. P├Âtsch. E.. Wagentristl. H.. Schreiner. M.. Zollitsch. W. 2007. Methane production through anaerobic digestion of various energy crops grown in sustainable crop rotations. Bioresource Technology. 98(17). 3204-3212.
Sunflower,Sunflower,agricultural,,,,,,,,,,solid,no,,,154,,,,laboratory,1,,,batch,,,no,,,,,,,,,,,,,,,,,,,,,,,,,,mesophilic,38,,,,,,,,,,,,,,,,Amon. T.. Amon. B.. Kryvoruchko. V.. Machm├╝ller. A.. Hopfner-Sixt. K.. Bodiroza. V.. Hrbek. R.. Friedel. J.. P├Âtsch. E.. Wagentristl. H.. Schreiner. M.. Zollitsch. W. 2007. Methane production through anaerobic digestion of various energy crops grown in sustainable crop rotations. Bioresource Technology. 98(17). 3204-3212.
Sunflower,Sunflower,agricultural,,,,,,,,,,solid,no,,,190,,,,laboratory,1,,,batch,,,no,,,,,,,,,,,,,,,,,,,,,,,,,,mesophilic,38,,,,,,,,,,,,,,,,Amon. T.. Amon. B.. Kryvoruchko. V.. Machm├╝ller. A.. Hopfner-Sixt. K.. Bodiroza. V.. Hrbek. R.. Friedel. J.. P├Âtsch. E.. Wagentristl. H.. Schreiner. M.. Zollitsch. W. 2007. Methane production through anaerobic digestion of various energy crops grown in sustainable crop rotations. Bioresource Technology. 98(17). 3204-3212.
Straw,Barley Straw,agricultural,7.9,,1,,0.8,6.2,9.6,90.5,94.3,solid,no,,,240,,,,laboratory,2,,,batch,,,no,,,,,,,,,,,,no,,,6.2,75.8,,7.9,,,,,,,,mesophilic,40,,,,,,,,,,,,,,,,Menardo. S.. Airoldi. G.. Balsari. P. 2012. The effect of particle size and thermal pre-treatment on the methane yield of four agricultural by-products. Bioresource Technology. 104(0). 708-714.
Straw,Barley Straw,agricultural,7.9,,1,,0.8,6.2,9.6,90.5,94.3,solid,yes,physical,,286,,,,laboratory,2,,,batch,,,no,,,,,,,,,,,,yes,,50,6.2,75.8,,7.9,,,,,,,,mesophilic,40,,,,,,,,,,,,,,,,Menardo. S.. Airoldi. G.. Balsari. P. 2012. The effect of particle size and thermal pre-treatment on the methane yield of four agricultural by-products. Bioresource Technology. 104(0). 708-714.
Straw,Barley Straw,agricultural,7.9,,1,,0.8,6.2,9.6,90.5,94.3,solid,yes,physical,,339,,,,laboratory,2,,,batch,,,no,,,,,,,,,,,,yes,,25,6.2,75.8,,7.9,,,,,,,,mesophilic,40,,,,,,,,,,,,,,,,Menardo. S.. Airoldi. G.. Balsari. P. 2012. The effect of particle size and thermal pre-treatment on the methane yield of four agricultural by-products. Bioresource Technology. 104(0). 708-714.
Straw,Barley Straw,agricultural,7.9,,1,,0.8,6.2,9.6,90.5,94.3,solid,yes,physical,,370,,,,laboratory,2,,,batch,,,no,,,,,,,,,,,,yes,,5,6.2,75.8,,7.9,,,,,,,,mesophilic,40,,,,,,,,,,,,,,,,Menardo. S.. Airoldi. G.. Balsari. P. 2012. The effect of particle size and thermal pre-treatment on the methane yield of four agricultural by-products. Bioresource Technology. 104(0). 708-714.
Straw,Barley Straw,agricultural,7.5,,0.8,,0.5,5.2,10,16.9,94.6,solid,yes,unspecified,,340,,,,laboratory,2,,,batch,,,no,,,,,,,,,,,,,,,6.2,75.8,,7.9,,,,,,,,mesophilic,40,,,,,,,,,,,,,,,,Menardo. S.. Airoldi. G.. Balsari. P. 2012. The effect of particle size and thermal pre-treatment on the methane yield of four agricultural by-products. Bioresource Technology. 104(0). 708-714.
Straw,Barley Straw,agricultural,7.5,,0.8,,0.6,5.1,11,17.4,95,solid,yes,unspecified,,338,,,,laboratory,2,,,batch,,,no,,,,,,,,,,,,,,,6.2,75.8,,7.9,,,,,,,,mesophilic,40,,,,,,,,,,,,,,,,Menardo. S.. Airoldi. G.. Balsari. P. 2012. The effect of particle size and thermal pre-treatment on the methane yield of four agricultural by-products. Bioresource Technology. 104(0). 708-714.
Straw,Wheat Straw,agricultural,6.9,,0.5,,1.7,3.2,9.4,86.6,95.7,solid,no,,,182,,,,laboratory,2,,,batch,,,no,,,,,,,,,,,,no,,,6.2,75.8,,7.9,,,,,,,,mesophilic,40,,,,,,,,,,,,,,,,Menardo. S.. Airoldi. G.. Balsari. P. 2012. The effect of particle size and thermal pre-treatment on the methane yield of four agricultural by-products. Bioresource Technology. 104(0). 708-714.
Straw,Wheat Straw,agricultural,6.9,,0.5,,1.7,3.2,9.4,86.6,95.7,solid,yes,physical,,285,,,,laboratory,2,,,batch,,,no,,,,,,,,,,,,yes,,50,6.2,75.8,,7.9,,,,,,,,mesophilic,40,,,,,,,,,,,,,,,,Menardo. S.. Airoldi. G.. Balsari. P. 2012. The effect of particle size and thermal pre-treatment on the methane yield of four agricultural by-products. Bioresource Technology. 104(0). 708-714.
Straw,Wheat Straw,agricultural,6.9,,0.5,,1.7,3.2,9.4,86.6,95.7,solid,yes,physical,,334,,,,laboratory,2,,,batch,,,no,,,,,,,,,,,,yes,,2,6.2,75.8,,7.9,,,,,,,,mesophilic,40,,,,,,,,,,,,,,,,Menardo. S.. Airoldi. G.. Balsari. P. 2012. The effect of particle size and thermal pre-treatment on the methane yield of four agricultural by-products. Bioresource Technology. 104(0). 708-714.
Straw,Wheat Straw,agricultural,6.8,,0.6,,0.9,3.9,10.9,27.7,94.9,solid,yes,unspecified,,295,,,,laboratory,2,,,batch,,,no,,,,,,,,,,,,,,,6.2,75.8,,7.9,,,,,,,,mesophilic,40,,,,,,,,,,,,,,,,Menardo. S.. Airoldi. G.. Balsari. P. 2012. The effect of particle size and thermal pre-treatment on the methane yield of four agricultural by-products. Bioresource Technology. 104(0). 708-714.
Straw,Wheat Straw,agricultural,6.8,,0.6,,0.9,3.8,11.1,27.9,95.7,solid,yes,unspecified,,299,,,,laboratory,2,,,batch,,,no,,,,,,,,,,,,,,,6.2,75.8,,7.9,,,,,,,,mesophilic,40,,,,,,,,,,,,,,,,Menardo. S.. Airoldi. G.. Balsari. P. 2012. The effect of particle size and thermal pre-treatment on the methane yield of four agricultural by-products. Bioresource Technology. 104(0). 708-714.
Straw,Rice Straw,agricultural,8.1,,0.9,,1.8,5.5,8.3,28.7,91.9,solid,no,,,197,,,,laboratory,2,,,batch,,,,,,,,,,,,,,,no,,,6.2,75.8,,7.9,,,,,,,,mesophilic,40,,,,,,,,,,,,,,,,Menardo. S.. Airoldi. G.. Balsari. P. 2012. The effect of particle size and thermal pre-treatment on the methane yield of four agricultural by-products. Bioresource Technology. 104(0). 708-714.
Straw,Rice Straw,agricultural,8.1,,0.9,,1.8,5.5,8.3,28.7,91.9,solid,yes,physical,,203,,,,laboratory,2,,,batch,,,,,,,,,,,,,,,yes,,50,6.2,75.8,,7.9,,,,,,,,mesophilic,40,,,,,,,,,,,,,,,,Menardo. S.. Airoldi. G.. Balsari. P. 2012. The effect of particle size and thermal pre-treatment on the methane yield of four agricultural by-products. Bioresource Technology. 104(0). 708-714.
Straw,Rice Straw,agricultural,7.8,,0.8,,1.8,5.2,7.1,28.1,91,solid,yes,unspecified,,207,,,,laboratory,2,,,batch,,,,,,,,,,,,,,,,,,6.2,75.8,,7.9,,,,,,,,mesophilic,40,,,,,,,,,,,,,,,,Menardo. S.. Airoldi. G.. Balsari. P. 2012. The effect of particle size and thermal pre-treatment on the methane yield of four agricultural by-products. Bioresource Technology. 104(0). 708-714.
Straw,Rice Straw,agricultural,7.7,,0.8,,1.8,5.2,7.5,28.2,91.7,solid,yes,unspecified,,261,,,,laboratory,2,,,batch,,,,,,,,,,,,,,,,,,6.2,75.8,,7.9,,,,,,,,mesophilic,40,,,,,,,,,,,,,,,,Menardo. S.. Airoldi. G.. Balsari. P. 2012. The effect of particle size and thermal pre-treatment on the methane yield of four agricultural by-products. Bioresource Technology. 104(0). 708-714.
stalks,Maize stalks,agricultural,7.3,,1.2,,1.1,7.2,5.6,87.7,89,solid,no,,,246,,,,laboratory,2,,,batch,,,,,,,,,,,,,,,no,,,6.2,75.8,,7.9,,,,,,,,mesophilic,40,,,,,,,,,,,,,,,,Menardo. S.. Airoldi. G.. Balsari. P. 2012. The effect of particle size and thermal pre-treatment on the methane yield of four agricultural by-products. Bioresource Technology. 104(0). 708-714.
stalks,Maize stalks,agricultural,7.3,,1.2,,1.1,7.2,5.6,87.7,89,solid,yes,physical,,254,,,,laboratory,2,,,batch,,,,,,,,,,,,,,,yes,,20,6.2,75.8,,7.9,,,,,,,,mesophilic,40,,,,,,,,,,,,,,,,Menardo. S.. Airoldi. G.. Balsari. P. 2012. The effect of particle size and thermal pre-treatment on the methane yield of four agricultural by-products. Bioresource Technology. 104(0). 708-714.
stalks,Maize stalks,agricultural,7.3,,1.2,,1.1,7.2,5.6,87.7,89,solid,yes,physical,,272,,,,laboratory,2,,,batch,,,,,,,,,,,,,,,yes,,2,6.2,75.8,,7.9,,,,,,,,mesophilic,40,,,,,,,,,,,,,,,,Menardo. S.. Airoldi. G.. Balsari. P. 2012. The effect of particle size and thermal pre-treatment on the methane yield of four agricultural by-products. Bioresource Technology. 104(0). 708-714.
stalks,Maize stalks,agricultural,7.1,,1.1,,1,6.8,5.1,50.5,89.6,solid,yes,unspecified,,267,,,,laboratory,2,,,batch,,,,,,,,,,,,,,,,,,6.2,75.8,,7.9,,,,,,,,mesophilic,40,,,,,,,,,,,,,,,,Menardo. S.. Airoldi. G.. Balsari. P. 2012. The effect of particle size and thermal pre-treatment on the methane yield of four agricultural by-products. Bioresource Technology. 104(0). 708-714.
stalks,Maize Silage,agricultural,,,2942,,,,,8.2,75.86,solid,no,,,438,,,,laboratory,0.4,0.1,4,batch,,,no,,,,yes,,no,,no,,yes,5,yes,45,5,6.38,71.88,4.59,8.15,4612,16677,0.276,3050,2129,,,mesophilic,38,,,3.08,67.02,2.06,7.93,,,,1166,,,,,,Kolbl. S.. 2014. Izbolj┼íava anaerobne presnove blata iz komunalnih ─ìistilnih naprav in lignoceluloznih substratov pri pridobivanju bioplina. Doctoral disertation. University of Ljubljana. Faculty of civil and geodetic engineering. 208 p.
Paper pulp and mill sludge,Paloma Paper pulp sludge,industrial,6.6,,1055,,,,,16.99,79.37,solid,no,,,82.4,,,,pilot,5,1,4,semicontinuous,,,no,,,,yes,,no,,no,,no,,no,,,4.53,68.11,3.09,7.27,4111,5757,0.711,2516,369,,5940,mesophilic,38,,,,,,,,,,,,,,,,Kolbl. S.. 2014. Izbolj┼íava anaerobne presnove blata iz komunalnih ─ìistilnih naprav in lignoceluloznih substratov pri pridobivanju bioplina. Doctoral disertation. University of Ljubljana. Faculty of civil and geodetic engineering. 208 p.
Paper pulp and mill sludge,Paloma Paper pulp sludge,industrial,6.6,,1055,,,,,16.99,79.37,solid,no,,,128.6,,,,pilot,5,1,4,semicontinuous,,,yes,Novozymes,,,yes,,no,,no,,no,,no,,,4.351166935,68.12245906,2.963947444,7.36,3907.857143,5756.571429,0.649428571,2622.936667,437.8166667,,3620,mesophilic,38,,,,,,,,,,,,,,,,Kolbl. S.. 2014. Izbolj┼íava anaerobne presnove blata iz komunalnih ─ìistilnih naprav in lignoceluloznih substratov pri pridobivanju bioplina. Doctoral disertation. University of Ljubljana. Faculty of civil and geodetic engineering. 208 p.
Paper pulp and mill sludge,Paloma Paper pulp sludge,industrial,6.6,,1055,,,,,16.99,79.37,solid,no,,,133.9,,,,pilot,5,1,4,semicontinuous,,,yes,Novalin,,,yes,,no,,no,,no,,no,,,4.460554694,68.46505193,3.0537576,7.354444444,3576.857143,5603.714286,0.530428571,2558.576667,435.93,,5270,mesophilic,38,,,,,,,,,,,,,,,,Kolbl. S.. 2014. Izbolj┼íava anaerobne presnove blata iz komunalnih ─ìistilnih naprav in lignoceluloznih substratov pri pridobivanju bioplina. Doctoral disertation. University of Ljubljana. Faculty of civil and geodetic engineering. 208 p.
Paper pulp and mill sludge,Paloma Paper pulp sludge,industrial,6.6,,1055,,,,,16.99,79.37,solid,no,,,102.3,,,,pilot,5,1,4,semicontinuous,,,yes,Biofuture,yes,not specified,yes,,no,,no,,no,,no,,,4.420211607,68.36370696,3.022060837,7.345,4020.2,6927.142857,0.6344,2534.275,416.6,,5530,mesophilic,38,,,,,,,,,,,,,,,,Kolbl. S.. 2014. Izbolj┼íava anaerobne presnove blata iz komunalnih ─ìistilnih naprav in lignoceluloznih substratov pri pridobivanju bioplina. Doctoral disertation. University of Ljubljana. Faculty of civil and geodetic engineering. 208 p.
Paper pulp and mill sludge,Paloma Paper pulp sludge,industrial,6.6,,1055,,,,,16.99,79.37,solid,no,,,103.8,,,,pilot,5,1,4,semicontinuous,,,yes,M.Biogas,yes,facultative anaerobes,yes,,no,,no,,no,,no,,,4.513775229,68.31568824,3.083590003,7.341666667,4683.5,6425.8,0.674,2548.625,390.76,,5330,mesophilic,38,,,,,,,,,,,,,,,,Kolbl. S.. 2014. Izbolj┼íava anaerobne presnove blata iz komunalnih ─ìistilnih naprav in lignoceluloznih substratov pri pridobivanju bioplina. Doctoral disertation. University of Ljubljana. Faculty of civil and geodetic engineering. 208 p.
Paper pulp and mill sludge,Paloma Paper pulp sludge,industrial,6.6,,1055,,,,,16.99,79.37,solid,no,,,103.3,,,,pilot,5,1,4,semicontinuous,,,yes,Ipus M,yes,facultative anaerobes,yes,,no,,no,,no,,no,,,4.70895567,64.14927925,3.017239234,7.343333333,4687,6961.25,0.6705,2521.365,390.165,,5930,mesophilic,38,,,,,,,,,,,,,,,,Kolbl. S.. 2014. Izbolj┼íava anaerobne presnove blata iz komunalnih ─ìistilnih naprav in lignoceluloznih substratov pri pridobivanju bioplina. Doctoral disertation. University of Ljubljana. Faculty of civil and geodetic engineering. 208 p.
OFMSW,organic waste,domestic,,,974,,,,,30.9,78.99,solid,yes,physical,,201,,,,pilot,5,1,4,batch,,,no,,,,yes,,no,,no,,no,,yes,60,15,5.59,71.07,4.04,7.5,4235,11385,0.372,3906,829,,,mesophilic,38,,,5.34,75.05,4.01,7.45,2934,9867,0.297,4331,1020,,,,,Kolbl. S.. 2014. Izbolj┼íava anaerobne presnove blata iz komunalnih ─ìistilnih naprav in lignoceluloznih substratov pri pridobivanju bioplina. Doctoral disertation. University of Ljubljana. Faculty of civil and geodetic engineering. 208 p.
OFMSW,organic waste,domestic,,,1203,,,,,28.64,95.38,solid,yes,physical,,310,,,,pilot,5,1,4,batch,,,no,,,,yes,,no,,no,,no,,yes,60,15,5.59,71.07,4.04,7.5,4235,11385,0.372,3906,829,,,mesophilic,38,,,5.49,67.76,3.72,7.44,2861,9628,0.297,4325,1171,,,,,Kolbl. S.. 2014. Izbolj┼íava anaerobne presnove blata iz komunalnih ─ìistilnih naprav in lignoceluloznih substratov pri pridobivanju bioplina. Doctoral disertation. University of Ljubljana. Faculty of civil and geodetic engineering. 208 p.
OFMSW,organic waste,domestic,,,2076,,,,,38.18,76.18,solid,yes,physical,,319,,,,pilot,5,1,4,batch,,,no,,,,yes,,no,,no,,no,,yes,60,15,5.59,71.07,4.04,7.5,4235,11385,0.372,3906,829,,,mesophilic,38,,,5.67,74.81,4.24,7.44,2991,9985,0.3,4448,1010,,,,,Kolbl. S.. 2014. Izbolj┼íava anaerobne presnove blata iz komunalnih ─ìistilnih naprav in lignoceluloznih substratov pri pridobivanju bioplina. Doctoral disertation. University of Ljubljana. Faculty of civil and geodetic engineering. 208 p.
OFMSW,organic waste,domestic,,,2306,,,,,44.11,67.72,solid,yes,physical,,473,,,,pilot,5,1,4,batch,,,no,,,,yes,,no,,no,,no,,yes,60,15,5.59,71.07,4.04,7.5,4235,11385,0.372,3906,829,,,mesophilic,38,,,5.61,74.55,4.18,7.44,3014,9973,0.304,4437,930,,,,,Kolbl. S.. 2014. Izbolj┼íava anaerobne presnove blata iz komunalnih ─ìistilnih naprav in lignoceluloznih substratov pri pridobivanju bioplina. Doctoral disertation. University of Ljubljana. Faculty of civil and geodetic engineering. 208 p.
OFMSW,organic waste,domestic,,,2029,,,,,28.6,71.14,solid,yes,physical,,493,,,,pilot,5,1,4,batch,,,no,,,,yes,,no,,no,,no,,yes,60,15,5.59,71.07,4.04,7.5,4235,11385,0.372,3906,829,,,mesophilic,38,,,5.6,62.62,3.51,7.45,2870,9650,0.298,4381,1065,,,,,Kolbl. S.. 2014. Izbolj┼íava anaerobne presnove blata iz komunalnih ─ìistilnih naprav in lignoceluloznih substratov pri pridobivanju bioplina. Doctoral disertation. University of Ljubljana. Faculty of civil and geodetic engineering. 208 p.
OFMSW,organic waste,domestic,,,4810,,,,,57.54,71.07,solid,yes,physical,,340,,,,pilot,5,1,4,batch,,,no,,,,yes,,no,,no,,no,,yes,60,15,5.59,71.07,4.04,7.5,4235,11385,0.372,3906,829,,,mesophilic,38,,,5.53,76.16,4.21,7.45,2869,10046,0.286,4112,852,,,,,Kolbl. S.. 2014. Izbolj┼íava anaerobne presnove blata iz komunalnih ─ìistilnih naprav in lignoceluloznih substratov pri pridobivanju bioplina. Doctoral disertation. University of Ljubljana. Faculty of civil and geodetic engineering. 208 p.
OFMSW,Milled bones and meat,industrial,,,7954,,,,,8.3,79.3,solid,no,,,192,,,,pilot,5,1,4,batch,,,no,,,,yes,,no,,no,,no,,yes,45,10,6.41,74.46,4.77,7.47,4027,11284,0.357,7380,742,,,mesophilic,38,,,5.74,72.31,4.15,7.55,3878,14296,0.27,5487,894,,,,,Kolbl. S.. 2014. Izbolj┼íava anaerobne presnove blata iz komunalnih ─ìistilnih naprav in lignoceluloznih substratov pri pridobivanju bioplina. Doctoral disertation. University of Ljubljana. Faculty of civil and geodetic engineering. 208 p.
Lysine,Lysine,industrial,,,533,,,,,86.9,7.9,solid,no,,,186,,,,pilot,5,1,4,batch,,,no,,no,,yes,,no,,no,,no,,no,1,,6.41,74.46,4.77,7.47,4027,11284,0.357,7380,742,,,mesophilic,38,,,6.62,64.27,4.25,7.57,8460,18003,0.469,6962,887,,,,,Kolbl. S.. Paloczi. A.. Panjan. J.. Stres. B. 2014. Addressing case specific biogas plant tasks: Industry oriented methane yields derived from 5L Automatic Methane Potential Test Systems in batch or semi-continuous tests using realistic inocula. substrate particle sizes and organic loading. Bioresource Technology. 153(0). 180-188.
Pumpkin,Muscate Pumpkin,agricultural,,,4823,,,,,12.1,84,solid,no,,,366.2,,,,pilot,5,1,4,batch,,,no,,no,,yes,,no,,no,,no,,no,,10,5.59,71.07,4.04,7.47,4136,11234,0.368,3906,829,,,mesophilic,38,,,5.25,75.1,3.94,7.43,2950,10293,0.287,4503,1047,,,,,Kolbl. S.. Paloczi. A.. Panjan. J.. Stres. B. 2014. Addressing case specific biogas plant tasks: Industry oriented methane yields derived from 5L Automatic Methane Potential Test Systems in batch or semi-continuous tests using realistic inocula. substrate particle sizes and organic loading. Bioresource Technology. 153(0). 180-188.
OFMSW,Rotten Pumpkin,agricultural,,,5304,,,,,9.5,69.5,solid,no,,,436.2,,,,pilot,5,1,4,batch,,,no,,no,,yes,,no,,no,,no,,no,,1,5.59,71.07,4.04,7.47,4136,11234,0.368,3906,829,,,mesophilic,38,,,5.13,74.6,3.83,7.47,3126,10777,0.29,4618,894,,,,,Kolbl. S.. Paloczi. A.. Panjan. J.. Stres. B. 2014. Addressing case specific biogas plant tasks: Industry oriented methane yields derived from 5L Automatic Methane Potential Test Systems in batch or semi-continuous tests using realistic inocula. substrate particle sizes and organic loading. Bioresource Technology. 153(0). 180-188.
Forage Turnips,Forage Turnips,agricultural,,,979,,,,,10.3,92.7,solid,no,,,371.9,,,,pilot,5,1,4,batch,,,no,,no,,yes,,no,,no,,no,,no,,15,5.59,71.07,4.04,7.47,4136,11234,0.368,3906,829,,,mesophilic,38,,,5.2,75.4,3.92,7.39,2878,9561,0.301,4270,866,,,,,Kolbl. S.. Paloczi. A.. Panjan. J.. Stres. B. 2014. Addressing case specific biogas plant tasks: Industry oriented methane yields derived from 5L Automatic Methane Potential Test Systems in batch or semi-continuous tests using realistic inocula. substrate particle sizes and organic loading. Bioresource Technology. 153(0). 180-188.
WW sludge,municipal,municial,5.8,,3117,,,,,5.3,80,liquid,no,,,309,,,,pilot,5,1,4,batch,,,no,,no,,yes,,no,,no,,no,,no,,2,2.18,54.9,1.2,7.5,,,,2663,884,,,mesophilic,38,,,2.31,53.1,1.23,7.45,3322,8485,0.35,2468,763,,,,,Kolbl. S.. Paloczi. A.. Panjan. J.. Stres. B. 2014. Addressing case specific biogas plant tasks: Industry oriented methane yields derived from 5L Automatic Methane Potential Test Systems in batch or semi-continuous tests using realistic inocula. substrate particle sizes and organic loading. Bioresource Technology. 153(0). 180-188.
Paper pulp and mill sludge,dehidrated Paper mill sludge,industrial,,,1055,,,,,19.66,78.37,liquid,no,,,74,,,,pilot,5,1,4,batch,,,no,,no,,yes,,no,,no,,no,,no,,2,7.74,68.99,5.16,7.61,3745,11985,0.312,7102,1204,,,mesophilic,38,,,6.32,4.34,68.65,7.67,4216,12219,0.345,6040.485,598.555,,1432,,,Kolbl. S.. Paloczi. A.. Panjan. J.. Stres. B. 2014. Addressing case specific biogas plant tasks: Industry oriented methane yields derived from 5L Automatic Methane Potential Test Systems in batch or semi-continuous tests using realistic inocula. substrate particle sizes and organic loading. Bioresource Technology. 153(0). 180-188.
Maize,Silo Maize,agricultural,,,1113,,,,,43.91,96.43,solid,no,,,256,,,,pilot,5,1,4,batch,,,no,,no,,yes,,no,,no,,no,,no,,20,7.74,68.99,5.16,7.61,3745,11985,0.312,7102,1204,,,mesophilic,38,,,5.75,4.1,71.32,7.68,3433,11884,0.302,5853.66,666.885,,2288,,,Kolbl. S.. Paloczi. A.. Panjan. J.. Stres. B. 2014. Addressing case specific biogas plant tasks: Industry oriented methane yields derived from 5L Automatic Methane Potential Test Systems in batch or semi-continuous tests using realistic inocula. substrate particle sizes and organic loading. Bioresource Technology. 153(0). 180-188.
Triticale,Triticale,agricultural,7.6,,5947,,,,,9.06,73.04,solid,no,,,286.5,,,,pilot,5,1,4,batch,,,no,,no,,yes,,no,,no,,no,,no,,30,7.44,70.63,5.3,7.54,4406,15071,0.292,6765,856,,,mesophilic,38,,,6.288115496,67.64553755,8.507259058,7.282222222,2386,8324,0.286526833,3945.366667,1092.013333,,,,,Kolbl. S.. Paloczi. A.. Panjan. J.. Stres. B. 2014. Addressing case specific biogas plant tasks: Industry oriented methane yields derived from 5L Automatic Methane Potential Test Systems in batch or semi-continuous tests using realistic inocula. substrate particle sizes and organic loading. Bioresource Technology. 153(0). 180-188.
Grain,Wheat Bran,agricultural,,,,,,,,94.44,92.21,solid,no,,,330.2,,,,pilot,5,1,4,batch,,,no,,no,,yes,,no,,no,,no,,no,,5,7.961106476,74.36423831,5.69596998,7.68,4470.5,9613.5,0.465,5342.015,2151.585,,,mesophilic,38,,,5.836770256,72.10742119,7.546666667,3883,11615.75,0.33425,4345.8,1333.75,,,,,,Kolbl. S.. Paloczi. A.. Panjan. J.. Stres. B. 2014. Addressing case specific biogas plant tasks: Industry oriented methane yields derived from 5L Automatic Methane Potential Test Systems in batch or semi-continuous tests using realistic inocula. substrate particle sizes and organic loading. Bioresource Technology. 153(0). 180-188.
Grain,Zlato Polje (Slovenia),agricultural,,,,,,,,87.9,99.56,solid,no,,,319,,,,pilot,5,1,4,batch,,,no,,no,,yes,,no,,no,,no,,no,,2,6.597770244,71.37026127,71.37026127,7.473333333,4091.5,11093,0.3685,5014.685,1734.91,,,mesophilic,38,,,6.096477809,75.43799072,7.525,2977.25,10631.75,0.28,4492.015,1553.855,,,,,,Kolbl. S.. Paloczi. A.. Panjan. J.. Stres. B. 2014. Addressing case specific biogas plant tasks: Industry oriented methane yields derived from 5L Automatic Methane Potential Test Systems in batch or semi-continuous tests using realistic inocula. substrate particle sizes and organic loading. Bioresource Technology. 153(0). 180-188.
WW sludge,dehydrated municipal WW sludge,municipal,,,1943,,,,,36.71,43.44,solid,no,,,-140.2,,,,pilot,5,1,4,batch,,,no,,no,,yes,,no,,no,,no,,no,,2,7.47,68.99,5.16,7.61,3745,11985,0.312,7102,1204,,,mesophilic,38,,,6.32,4.34,68.65,7.67,4216,12219,0.345,6040.485,598.555,,1432,,,Kolbl. S.. Paloczi. A.. Panjan. J.. Stres. B. 2014. Addressing case specific biogas plant tasks: Industry oriented methane yields derived from 5L Automatic Methane Potential Test Systems in batch or semi-continuous tests using realistic inocula. substrate particle sizes and organic loading. Bioresource Technology. 153(0). 180-188.
Mycelium,mycelium,industrial,,,6722,,,,,33.95,95.05,liquid,no,,,271,,,,pilot,5,1,4,batch,,,no,,no,,yes,,no,,no,,no,,no,,0,6.41,74.46,4.77,7.47,4027,11284,0.357,7380,742,,,mesophilic,38,,,5.310620434,73.42822171,3.899494146,7.524444444,3912,13773.33333,0.283666667,5356.911667,907.7833333,,,,,Kolbl. S.. Paloczi. A.. Panjan. J.. Stres. B. 2014. Addressing case specific biogas plant tasks: Industry oriented methane yields derived from 5L Automatic Methane Potential Test Systems in batch or semi-continuous tests using realistic inocula. substrate particle sizes and organic loading. Bioresource Technology. 153(0). 180-188.
Yeast,brewery Yeast,industrial,,,974,,,,,32.55,55.08,solid,no,,,248.2,,,,pilot,5,1,4,batch,,,no,,no,,yes,,no,,no,,no,,no,,0,2.21,55.08,1.22,7.53,2777,5671,0.49,5671,2277,,,mesophilic,38,,,4.21741384,62.05825561,2.618322234,7.506666667,2958,7223,0.409166667,2383.333333,612.6333333,,,,,Kolbl. S.. Paloczi. A.. Panjan. J.. Stres. B. 2014. Addressing case specific biogas plant tasks: Industry oriented methane yields derived from 5L Automatic Methane Potential Test Systems in batch or semi-continuous tests using realistic inocula. substrate particle sizes and organic loading. Bioresource Technology. 153(0). 180-188.
Triticale,Triticale,agricultural,7.6,,5947,,,,,9.06,73.04,solid,no,enzymatic,,312,,,,pilot,5,1,4,batch,,,yes,Micropan Biogas,yes,facultative anaerobes,yes,,no,,no,,no,,no,,20,7.44,70.63,5.3,7.54,4406,15071,0.292,6765,856,,,mesophilic,38,,,5.776974943,66.33761219,7.664614468,7.271111111,2346.333333,8256.333333,0.284191941,4144.92,1020.426667,,,,,Kolbl. S.. Paloczi. A.. Panjan. J.. Stres. B. 2014. Addressing case specific biogas plant tasks: Industry oriented methane yields derived from 5L Automatic Methane Potential Test Systems in batch or semi-continuous tests using realistic inocula. substrate particle sizes and organic loading. Bioresource Technology. 153(0). 180-188.
Triticale,Triticale,agricultural,7.6,,5947,,,,,9.06,73.04,solid,no,enzymatic,,478,,,,pilot,5,1,4,batch,,,yes,Novozymes,no,,yes,,no,,no,,no,,no,,20,7.44,70.63,5.3,7.54,4406,15071,0.292,6765,856,,,mesophilic,38,,,5.811519358,66.93334257,7.779688321,7.265555556,2453,8479.333333,0.289253785,4211.59,978.38,,,,,Kolbl. S.. Paloczi. A.. Panjan. J.. Stres. B. 2014. Addressing case specific biogas plant tasks: Industry oriented methane yields derived from 5L Automatic Methane Potential Test Systems in batch or semi-continuous tests using realistic inocula. substrate particle sizes and organic loading. Bioresource Technology. 153(0). 180-188.
WW sludge,WW sludge,municipal,5.8,,3117,,,,,5.3,80,liquid,no,enzymatic,,312,,,,pilot,5,1,4,batch,,,yes,Micropan Biogas,yes,facultative anaerobes,yes,,no,,no,,no,,no,,,2.18,54.9,1.2,7.5,,,,2663,884,,,mesophilic,38,,,1.937810938,52.64042716,1.020071955,7.435555556,3169.666667,9642.333333,0.328735669,2511.911667,848.9533333,,,,,Kolbl. S.. Paloczi. A.. Panjan. J.. Stres. B. 2014. Addressing case specific biogas plant tasks: Industry oriented methane yields derived from 5L Automatic Methane Potential Test Systems in batch or semi-continuous tests using realistic inocula. substrate particle sizes and organic loading. Bioresource Technology. 153(0). 180-188.
WW sludge,WW sludge,municipal,5.8,,3117,,,,,5.3,80,liquid,no,enzymatic,,478,,,,pilot,5,1,4,batch,,,yes,Novozymes,no,,yes,,no,,no,,no,,no,,,2.18,54.9,1.2,7.5,,,,2663,884,,,mesophilic,38,,,1.918589292,51.79157938,0.993667696,7.413333333,3422.333333,9740.333333,0.350886581,2563.723333,761.005,,,,,Kolbl. S.. Paloczi. A.. Panjan. J.. Stres. B. 2014. Addressing case specific biogas plant tasks: Industry oriented methane yields derived from 5L Automatic Methane Potential Test Systems in batch or semi-continuous tests using realistic inocula. substrate particle sizes and organic loading. Bioresource Technology. 153(0). 180-188.
WW sludge,WW sludge,municipal,6.9,,,,,,,,,liquid,no,,28500,,203,,,laboratory,0.25,0.12,0.14,batch,,,no,,no,,,,no,,no,,no,,no,,,,,,,,,,,,,,mesophilic,37,,,,,,,,,,,,,,,,Yu. S.. Zhang. G.. Li. J.. Zhao. Z.. Kang. X. 2013. Effect of endogenous hydrolytic enzymes pretreatment on the anaerobic digestion of sludge. Bioresource Technology. 146(0). 758-761.
WW sludge,WW sludge,municipal,6.9,,,,,,,,,liquid,yes,enzymatic,28500,,242,,,laboratory,0.25,0.12,1,batch,,,yes,amylase; Bacillus subtilis,no,,,,no,,no,,no,,no,,,,,,,,,,,,,,mesophilic,37,,,,,,,,,,,,,,,,Yu. S.. Zhang. G.. Li. J.. Zhao. Z.. Kang. X. 2013. Effect of endogenous hydrolytic enzymes pretreatment on the anaerobic digestion of sludge. Bioresource Technology. 146(0). 758-761.
WW sludge,WW sludge,municipal,6.9,,,,,,,,,liquid,yes,enzymatic,28500,,247,,,laboratory,0.25,0.12,1,batch,,,yes,protease; Aeromonas hydrophila,no,,,,no,,no,,no,,no,,,,,,,,,,,,,,mesophilic,37,,,,,,,,,,,,,,,,Yu. S.. Zhang. G.. Li. J.. Zhao. Z.. Kang. X. 2013. Effect of endogenous hydrolytic enzymes pretreatment on the anaerobic digestion of sludge. Bioresource Technology. 146(0). 758-761.
WW sludge,WW sludge,municipal,6.9,,,,,,,,,liquid,yes,enzymatic,28500,,250,,,laboratory,0.25,0.12,1,batch,,,yes,amylase and protease; Bacillus subtilis. Aeromonas hydrophila,no,,,,no,,no,,no,,no,,,,,,,,,,,,,,mesophilic,37,,,,,,,,,,,,,,,,Yu. S.. Zhang. G.. Li. J.. Zhao. Z.. Kang. X. 2013. Effect of endogenous hydrolytic enzymes pretreatment on the anaerobic digestion of sludge. Bioresource Technology. 146(0). 758-761.
Manure,slurry,agricultural,7.2,,,,,,,5.8,4.4,liquid,no,,,210,,,,laboratory,,,,batch,sodium bicarbonate,3,no,,,,no,,yes,,yes,1,no,,no,,,,,,,,,,,,,,mesophilic,35,,,3.5,2.4,,7.5,,,,,1000,,,,,Luste. S.. Luostarinen. S. 2011. Enhanced methane production from ultrasound pre-treated and hygienized dairy cattle slurry. Waste Management. 31(9ÔÇô10). 2174-2179.
Manure,slurry,agricultural,7.1,,,,,,,6,4.5,liquid,yes,physical,,250,,,,laboratory,,,,batch,sodium bicarbonate,3,no,,,,no,,yes,,yes,1,no,,no,,,,,,,,,,,,,,mesophilic,35,,,3.6,2.4,,7.5,,,,,1200,,,,,Luste. S.. Luostarinen. S. 2011. Enhanced methane production from ultrasound pre-treated and hygienized dairy cattle slurry. Waste Management. 31(9ÔÇô10). 2174-2179.
Manure,slurry,agricultural,6.9,,,,,,,6.1,4.6,liquid,yes,unspecified,,280,,,,laboratory,,,,batch,sodium bicarbonate,3,no,,,,no,,yes,,yes,1,no,,no,,,,,,,,,,,,,,mesophilic,35,,,3.6,2.4,,7.5,,,,,1200,,,,,Luste. S.. Luostarinen. S. 2011. Enhanced methane production from ultrasound pre-treated and hygienized dairy cattle slurry. Waste Management. 31(9ÔÇô10). 2174-2179.
WW sludge,WW sludge,municipal,6.2,,,,,,,,,,no,unspecified,10110,,45.52,,,laboratory,,,,batch,,,no,,,,yes,80,no,,no,,no,,no,,,9.17,53.2,,7.85,,,,,,,,mesophilic,35,,,,,,,,,,,,,,,,Lee. I.. Han. J.-I. 2013. The effects of waste-activated sludge pretreatment using hydrodynamic cavitation for methane production. Ultrasonics Sonochemistry. 20(6). 1450-1455.
WW sludge,WW sludge,municipal,6.2,,,,,,,,,,yes,physical,10110,,51.28,,,laboratory,,,,batch,,,no,,,,yes,80,no,,no,,no,,no,,,9.17,53.2,,7.85,,,,,,,,mesophilic,35,,,,,,,,,,,,,,,,Lee. I.. Han. J.-I. 2013. The effects of waste-activated sludge pretreatment using hydrodynamic cavitation for methane production. Ultrasonics Sonochemistry. 20(6). 1450-1455.
WW sludge,WW sludge,municipal,6.2,,,,,,,,,,yes,chemical,10110,,61.17,,,laboratory,,,,batch,,,no,,,,yes,80,no,,no,,no,,no,,,9.17,53.2,,7.85,,,,,,,,mesophilic,35,,,,,,,,,,,,,,,,Lee. I.. Han. J.-I. 2013. The effects of waste-activated sludge pretreatment using hydrodynamic cavitation for methane production. Ultrasonics Sonochemistry. 20(6). 1450-1455.
WW sludge,WW sludge,municipal,6.2,,,,,,,,,,yes,physical-chemical,10110,,18.02,,,laboratory,,,,batch,,,no,,,,yes,80,no,,no,,no,,no,,,9.17,53.2,,7.85,,,,,,,,mesophilic,35,,,,,,,,,,,,,,,,Lee. I.. Han. J.-I. 2013. The effects of waste-activated sludge pretreatment using hydrodynamic cavitation for methane production. Ultrasonics Sonochemistry. 20(6). 1450-1455.
crude glycerol + excess organic sludge,crude glycerol + excess organic industrial sludge,industrial,,,,,,,,79.5,72.1,liquid,no,,1477,,149.1,,1.48,pilot,30000,20000,0.66,semicontinuous,,,no,,no,,yes,,no,,,,,,,,,,,,,,,,,,,,mesophilic,35,,,,,,,,,,,,,,,,Baba. Y.. Tada. C.. Watanabe. R.. Fukuda. Y.. Chida. N.. Nakai. Y. 2013. Anaerobic digestion of crude glycerol from biodiesel manufacturing using a large-scale pilot plant: Methane production and application of digested sludge as fertilizer. Bioresource Technology. 140(0). 342-348.
Paper pulp and mill sludge,Paper mill sludge,industrial,6.5,,,,,,,2.5,80,liquid,no,,39579,,80,,15,laboratory,0.09,0.075,1.2,batch,NaHCO3. KHCO3,,no,,no,,yes,90,yes,120,no,,,,,,,,,,,,,,,,,,mesophilic,33,,,,,,,,,,,,,,,,Saha. M.. Eskicioglu. C.. Marin. J. 2011. Microwave. ultrasonic and chemo-mechanical pretreatments for enhancing methane potential of pulp mill wastewater treatment sludge. Bioresource Technology. 102(17). 7815-7826.
Paper pulp and mill sludge,Paper mill sludge,industrial,6.5,,,,,,,2.5,80,liquid,yes,physical,39579,,84,,15,laboratory,0.09,0.075,1.2,batch,NaHCO3. KHCO3,,no,,no,,yes,90,yes,120,no,,,,,,,,,,,,,,,,,,mesophilic,33,,,,,,,,,,,,,,,,Saha. M.. Eskicioglu. C.. Marin. J. 2011. Microwave. ultrasonic and chemo-mechanical pretreatments for enhancing methane potential of pulp mill wastewater treatment sludge. Bioresource Technology. 102(17). 7815-7826.
Paper pulp and mill sludge,Paper mill sludge,industrial,6.5,,,,,,,2.5,80,liquid,yes,physical,39579,,110,,15,laboratory,0.09,0.075,1.2,batch,NaHCO3. KHCO3,,no,,no,,yes,90,yes,120,no,,,,,,,,,,,,,,,,,,mesophilic,33,,,,,,,,,,,,,,,,Saha. M.. Eskicioglu. C.. Marin. J. 2011. Microwave. ultrasonic and chemo-mechanical pretreatments for enhancing methane potential of pulp mill wastewater treatment sludge. Bioresource Technology. 102(17). 7815-7826.
Paper pulp and mill sludge,Paper mill sludge,industrial,6.5,,,,,,,2.5,80,liquid,yes,physical,39579,,120,,15,laboratory,0.09,0.075,1.2,batch,NaHCO3. KHCO3,,no,,no,,yes,90,yes,120,no,,,,,,,,,,,,,,,,,,mesophilic,33,,,,,,,,,,,,,,,,Saha. M.. Eskicioglu. C.. Marin. J. 2011. Microwave. ultrasonic and chemo-mechanical pretreatments for enhancing methane potential of pulp mill wastewater treatment sludge. Bioresource Technology. 102(17). 7815-7826.
Paper pulp and mill sludge,Paper mill sludge,industrial,6.5,,,,,,,2.5,80,liquid,yes,physical,39579,,125,,15,laboratory,0.09,0.075,1.2,batch,NaHCO3. KHCO3,,no,,no,,yes,90,yes,120,no,,,,,,,,,,,,,,,,,,mesophilic,33,,,,,,,,,,,,,,,,Saha. M.. Eskicioglu. C.. Marin. J. 2011. Microwave. ultrasonic and chemo-mechanical pretreatments for enhancing methane potential of pulp mill wastewater treatment sludge. Bioresource Technology. 102(17). 7815-7826.
Paper pulp and mill sludge,Paper mill sludge,industrial,6.5,,,,,,,2.5,80,liquid,yes,physical,39579,,128,,15,laboratory,0.09,0.075,1.2,batch,NaHCO3. KHCO3,,no,,no,,yes,90,yes,120,no,,,,,,,,,,,,,,,,,,mesophilic,33,,,,,,,,,,,,,,,,Saha. M.. Eskicioglu. C.. Marin. J. 2011. Microwave. ultrasonic and chemo-mechanical pretreatments for enhancing methane potential of pulp mill wastewater treatment sludge. Bioresource Technology. 102(17). 7815-7826.
Paper pulp and mill sludge,Paper mill sludge,industrial,6.5,,,,,,,2.5,80,liquid,yes,physical,39579,,130,,15,laboratory,0.09,0.075,1.2,batch,NaHCO3. KHCO3,,no,,no,,yes,90,yes,120,no,,,,,,,,,,,,,,,,,,mesophilic,33,,,,,,,,,,,,,,,,Saha. M.. Eskicioglu. C.. Marin. J. 2011. Microwave. ultrasonic and chemo-mechanical pretreatments for enhancing methane potential of pulp mill wastewater treatment sludge. Bioresource Technology. 102(17). 7815-7826.
Paper pulp and mill sludge,Paper mill sludge,industrial,6.5,,,,,,,2.5,80,liquid,no,,39579,,95,,15,laboratory,0.09,0.075,1.2,batch,NaHCO3. KHCO3,,no,,no,,yes,90,yes,120,no,,,,,,,,,,,,,,,,,,thermophilic,53,,,,,,,,,,,,,,,,Saha. M.. Eskicioglu. C.. Marin. J. 2011. Microwave. ultrasonic and chemo-mechanical pretreatments for enhancing methane potential of pulp mill wastewater treatment sludge. Bioresource Technology. 102(17). 7815-7826.
Paper pulp and mill sludge,Paper mill sludge,industrial,6.5,,,,,,,2.5,80,liquid,yes,physical,39579,,97,,15,laboratory,0.09,0.075,1.2,batch,NaHCO3. KHCO3,,no,,no,,yes,90,yes,120,no,,,,,,,,,,,,,,,,,,thermophilic,53,,,,,,,,,,,,,,,,Saha. M.. Eskicioglu. C.. Marin. J. 2011. Microwave. ultrasonic and chemo-mechanical pretreatments for enhancing methane potential of pulp mill wastewater treatment sludge. Bioresource Technology. 102(17). 7815-7826.
Paper pulp and mill sludge,Paper mill sludge,industrial,6.5,,,,,,,2.5,80,liquid,yes,physical,39579,,99,,15,laboratory,0.09,0.075,1.2,batch,NaHCO3. KHCO3,,no,,no,,yes,90,yes,120,no,,,,,,,,,,,,,,,,,,thermophilic,53,,,,,,,,,,,,,,,,Saha. M.. Eskicioglu. C.. Marin. J. 2011. Microwave. ultrasonic and chemo-mechanical pretreatments for enhancing methane potential of pulp mill wastewater treatment sludge. Bioresource Technology. 102(17). 7815-7826.
Paper pulp and mill sludge,Paper mill sludge,industrial,6.5,,,,,,,2.5,80,liquid,yes,physical,39579,,102,,15,laboratory,0.09,0.075,1.2,batch,NaHCO3. KHCO3,,no,,no,,yes,90,yes,120,no,,,,,,,,,,,,,,,,,,thermophilic,53,,,,,,,,,,,,,,,,Saha. M.. Eskicioglu. C.. Marin. J. 2011. Microwave. ultrasonic and chemo-mechanical pretreatments for enhancing methane potential of pulp mill wastewater treatment sludge. Bioresource Technology. 102(17). 7815-7826.
Paper pulp and mill sludge,Paper mill sludge,industrial,6.5,,,,,,,2.5,80,liquid,yes,physical,39579,,105,,15,laboratory,0.09,0.075,1.2,batch,NaHCO3. KHCO3,,no,,no,,yes,90,yes,120,no,,,,,,,,,,,,,,,,,,thermophilic,53,,,,,,,,,,,,,,,,Saha. M.. Eskicioglu. C.. Marin. J. 2011. Microwave. ultrasonic and chemo-mechanical pretreatments for enhancing methane potential of pulp mill wastewater treatment sludge. Bioresource Technology. 102(17). 7815-7826.
Paper pulp and mill sludge,Paper mill sludge,industrial,6.5,,,,,,,2.5,80,liquid,yes,physical,39579,,110,,15,laboratory,0.09,0.075,1.2,batch,NaHCO3. KHCO3,,no,,no,,yes,90,yes,120,no,,,,,,,,,,,,,,,,,,thermophilic,53,,,,,,,,,,,,,,,,Saha. M.. Eskicioglu. C.. Marin. J. 2011. Microwave. ultrasonic and chemo-mechanical pretreatments for enhancing methane potential of pulp mill wastewater treatment sludge. Bioresource Technology. 102(17). 7815-7826.
Paper pulp and mill sludge,Paper mill sludge,industrial,6.5,,,,,,,2.5,80,liquid,yes,physical,39579,,115,,15,laboratory,0.09,0.075,1.2,batch,NaHCO3. KHCO3,,no,,no,,yes,90,yes,120,no,,,,,,,,,,,,,,,,,,thermophilic,53,,,,,,,,,,,,,,,,Saha. M.. Eskicioglu. C.. Marin. J. 2011. Microwave. ultrasonic and chemo-mechanical pretreatments for enhancing methane potential of pulp mill wastewater treatment sludge. Bioresource Technology. 102(17). 7815-7826.
Paper pulp and mill sludge,Paper mill sludge mixed,industrial,6.2,,,,,,,2.21,83,liquid,no,,34229,,64,,16,laboratory,0.09,0.075,1.2,batch,NaHCO3. KHCO3,,no,,no,,yes,90,yes,120,no,,,,,,,,,,,,,,,,,,mesophilic,33,,,,,,,,,,,,,,,,Saha. M.. Eskicioglu. C.. Marin. J. 2011. Microwave. ultrasonic and chemo-mechanical pretreatments for enhancing methane potential of pulp mill wastewater treatment sludge. Bioresource Technology. 102(17). 7815-7826.
Paper pulp and mill sludge,Paper mill sludge mixed,industrial,6.2,,,,,,,2.21,83,liquid,yes,physical,34229,,68,,16,laboratory,0.09,0.075,1.2,batch,NaHCO3. KHCO3,,no,,no,,yes,90,yes,120,no,,,,,,,,,,,,,,,,,,mesophilic,33,,,,,,,,,,,,,,,,Saha. M.. Eskicioglu. C.. Marin. J. 2011. Microwave. ultrasonic and chemo-mechanical pretreatments for enhancing methane potential of pulp mill wastewater treatment sludge. Bioresource Technology. 102(17). 7815-7826.
Paper pulp and mill sludge,Paper mill sludge mixed,industrial,6.2,,,,,,,2.21,83,liquid,yes,physical,34229,,72,,16,laboratory,0.09,0.075,1.2,batch,NaHCO3. KHCO3,,no,,no,,yes,90,yes,120,no,,,,,,,,,,,,,,,,,,mesophilic,33,,,,,,,,,,,,,,,,Saha. M.. Eskicioglu. C.. Marin. J. 2011. Microwave. ultrasonic and chemo-mechanical pretreatments for enhancing methane potential of pulp mill wastewater treatment sludge. Bioresource Technology. 102(17). 7815-7826.
Paper pulp and mill sludge,Paper mill sludge mixed,industrial,6.2,,,,,,,2.21,83,liquid,yes,physical,34229,,78,,16,laboratory,0.09,0.075,1.2,batch,NaHCO3. KHCO3,,no,,no,,yes,90,yes,120,no,,,,,,,,,,,,,,,,,,mesophilic,33,,,,,,,,,,,,,,,,Saha. M.. Eskicioglu. C.. Marin. J. 2011. Microwave. ultrasonic and chemo-mechanical pretreatments for enhancing methane potential of pulp mill wastewater treatment sludge. Bioresource Technology. 102(17). 7815-7826.
Paper pulp and mill sludge,Paper mill sludge mixed,industrial,6.2,,,,,,,2.21,83,liquid,yes,physical,34229,,85,,16,laboratory,0.09,0.075,1.2,batch,NaHCO3. KHCO3,,no,,no,,yes,90,yes,120,no,,,,,,,,,,,,,,,,,,mesophilic,33,,,,,,,,,,,,,,,,Saha. M.. Eskicioglu. C.. Marin. J. 2011. Microwave. ultrasonic and chemo-mechanical pretreatments for enhancing methane potential of pulp mill wastewater treatment sludge. Bioresource Technology. 102(17). 7815-7826.
Paper pulp and mill sludge,Paper mill sludge mixed,industrial,6.2,,,,,,,2.21,83,liquid,yes,physical,34229,,87,,16,laboratory,0.09,0.075,1.2,batch,NaHCO3. KHCO3,,no,,no,,yes,90,yes,120,no,,,,,,,,,,,,,,,,,,mesophilic,33,,,,,,,,,,,,,,,,Saha. M.. Eskicioglu. C.. Marin. J. 2011. Microwave. ultrasonic and chemo-mechanical pretreatments for enhancing methane potential of pulp mill wastewater treatment sludge. Bioresource Technology. 102(17). 7815-7826.
Paper pulp and mill sludge,Paper mill sludge mixed,industrial,6.2,,,,,,,2.21,83,liquid,yes,physical,34229,,90,,16,laboratory,0.09,0.075,1.2,batch,NaHCO3. KHCO3,,no,,no,,yes,90,yes,120,no,,,,,,,,,,,,,,,,,,mesophilic,33,,,,,,,,,,,,,,,,Saha. M.. Eskicioglu. C.. Marin. J. 2011. Microwave. ultrasonic and chemo-mechanical pretreatments for enhancing methane potential of pulp mill wastewater treatment sludge. Bioresource Technology. 102(17). 7815-7826.
Paper pulp and mill sludge,Paper mill sludge mixed,industrial,6.2,,,,,,,2.21,83,liquid,no,,34229,,48,,16,laboratory,0.09,0.075,1.2,batch,NaHCO3. KHCO3,,no,,no,,yes,90,yes,120,no,,,,,,,,,,,,,,,,,,thermophilic,53,,,,,,,,,,,,,,,,Saha. M.. Eskicioglu. C.. Marin. J. 2011. Microwave. ultrasonic and chemo-mechanical pretreatments for enhancing methane potential of pulp mill wastewater treatment sludge. Bioresource Technology. 102(17). 7815-7826.
Paper pulp and mill sludge,Paper mill sludge mixed,industrial,6.2,,,,,,,2.21,83,liquid,yes,physical,34229,,52,,16,laboratory,0.09,0.075,1.2,batch,NaHCO3. KHCO3,,no,,no,,yes,90,yes,120,no,,,,,,,,,,,,,,,,,,thermophilic,53,,,,,,,,,,,,,,,,Saha. M.. Eskicioglu. C.. Marin. J. 2011. Microwave. ultrasonic and chemo-mechanical pretreatments for enhancing methane potential of pulp mill wastewater treatment sludge. Bioresource Technology. 102(17). 7815-7826.
Paper pulp and mill sludge,Paper mill sludge mixed,industrial,6.2,,,,,,,2.21,83,liquid,yes,physical,34229,,54,,16,laboratory,0.09,0.075,1.2,batch,NaHCO3. KHCO3,,no,,no,,yes,90,yes,120,no,,,,,,,,,,,,,,,,,,thermophilic,53,,,,,,,,,,,,,,,,Saha. M.. Eskicioglu. C.. Marin. J. 2011. Microwave. ultrasonic and chemo-mechanical pretreatments for enhancing methane potential of pulp mill wastewater treatment sludge. Bioresource Technology. 102(17). 7815-7826.
Paper pulp and mill sludge,Paper mill sludge mixed,industrial,6.2,,,,,,,2.21,83,liquid,yes,physical,34229,,60,,16,laboratory,0.09,0.075,1.2,batch,NaHCO3. KHCO3,,no,,no,,yes,90,yes,120,no,,,,,,,,,,,,,,,,,,thermophilic,53,,,,,,,,,,,,,,,,Saha. M.. Eskicioglu. C.. Marin. J. 2011. Microwave. ultrasonic and chemo-mechanical pretreatments for enhancing methane potential of pulp mill wastewater treatment sludge. Bioresource Technology. 102(17). 7815-7826.
Paper pulp and mill sludge,Paper mill sludge mixed,industrial,6.2,,,,,,,2.21,83,liquid,yes,physical,34229,,64,,16,laboratory,0.09,0.075,1.2,batch,NaHCO3. KHCO3,,no,,no,,yes,90,yes,120,no,,,,,,,,,,,,,,,,,,thermophilic,53,,,,,,,,,,,,,,,,Saha. M.. Eskicioglu. C.. Marin. J. 2011. Microwave. ultrasonic and chemo-mechanical pretreatments for enhancing methane potential of pulp mill wastewater treatment sludge. Bioresource Technology. 102(17). 7815-7826.
Paper pulp and mill sludge,Paper mill sludge mixed,industrial,6.2,,,,,,,2.21,83,liquid,yes,physical,34229,,70,,16,laboratory,0.09,0.075,1.2,batch,NaHCO3. KHCO3,,no,,no,,yes,90,yes,120,no,,,,,,,,,,,,,,,,,,thermophilic,53,,,,,,,,,,,,,,,,Saha. M.. Eskicioglu. C.. Marin. J. 2011. Microwave. ultrasonic and chemo-mechanical pretreatments for enhancing methane potential of pulp mill wastewater treatment sludge. Bioresource Technology. 102(17). 7815-7826.
Paper pulp and mill sludge,Paper mill sludge mixed,industrial,6.2,,,,,,,2.21,83,liquid,yes,physical,34229,,72,,16,laboratory,0.09,0.075,1.2,batch,NaHCO3. KHCO3,,no,,no,,yes,90,yes,120,no,,,,,,,,,,,,,,,,,,thermophilic,53,,,,,,,,,,,,,,,,Saha. M.. Eskicioglu. C.. Marin. J. 2011. Microwave. ultrasonic and chemo-mechanical pretreatments for enhancing methane potential of pulp mill wastewater treatment sludge. Bioresource Technology. 102(17). 7815-7826.
Paper pulp and mill sludge,pulp mill secondary sulphite sludge,industrial,7.4,,,,,,,,,,no,,12000,,120,,0.1755,laboratory,0.1,0.06,1.67,batch,,,no,,no,,yes,200,no,,,,,,,,,,,,,,,,,,,,mesophilic,35,,,,,,,,,,,,,,,,"http://www.tappi.org/content/events/09IBBC/Papers/46.2.pdf; Meyer, T., Edwards, E.A. 2014. Anaerobic digestion of pulp and Paper mill wastewater and sludge. Water Research, 65(0), 321-349. Wood, N., Tran, H., Master, E. 2009. Pretreatment of pulp mill secondary sludge for high-rate anaerobic conversion to biogas. Bioresource Technology, 100(23), 5729-5735."
Paper pulp and mill sludge,pulp mill secondary sulphite sludge,industrial,7.4,,,,,,,,,,yes,unspecified,12000,,185,,0.1755,laboratory,0.1,0.06,1.67,batch,HCl,,no,,no,,yes,200,no,,,,,,,,,,,,,,,,,,,,mesophilic,35,,,,,,,,,,,,,,,,"http://www.tappi.org/content/events/09IBBC/Papers/46.2.pdf; Meyer, T., Edwards, E.A. 2014. Anaerobic digestion of pulp and Paper mill wastewater and sludge. Water Research, 65(0), 321-349. Wood, N., Tran, H., Master, E. 2009. Pretreatment of pulp mill secondary sludge for high-rate anaerobic conversion to biogas. Bioresource Technology, 100(23), 5729-5735."
Paper pulp and mill sludge,pulp mill secondary sulphite sludge,industrial,7.4,,,,,,,,,,yes,unspecified,12000,,145,,0.1755,laboratory,0.1,0.06,1.67,batch,HCl,,no,,no,,yes,200,no,,,,,,,,,,,,,,,,,,,,mesophilic,35,,,,,,,,,,,,,,,,"http://www.tappi.org/content/events/09IBBC/Papers/46.2.pdf; Meyer, T., Edwards, E.A. 2014. Anaerobic digestion of pulp and Paper mill wastewater and sludge. Water Research, 65(0), 321-349. Wood, N., Tran, H., Master, E. 2009. Pretreatment of pulp mill secondary sludge for high-rate anaerobic conversion to biogas. Bioresource Technology, 100(23), 5729-5735."
Paper pulp and mill sludge,pulp mill secondary sulphite sludge,industrial,7.4,,,,,,,,,,yes,physical,12000,,120,,0.1755,laboratory,0.1,0.06,1.67,batch,,,no,,no,,yes,200,no,,,,,,,,,,,,,,,,,,,,mesophilic,35,,,,,,,,,,,,,,,,"http://www.tappi.org/content/events/09IBBC/Papers/46.2.pdf; Meyer, T., Edwards, E.A. 2014. Anaerobic digestion of pulp and Paper mill wastewater and sludge. Water Research, 65(0), 321-349. Wood, N., Tran, H., Master, E. 2009. Pretreatment of pulp mill secondary sludge for high-rate anaerobic conversion to biogas. Bioresource Technology, 100(23), 5729-5735."
Paper pulp and mill sludge,kraft pulp mill secondary WAS,industrial,7,,,,,,,,,,no,,27000,,30,,0.1755,laboratory,0.1,0.06,1.67,batch,,,no,,no,,yes,200,no,,,,,,,,,,,,,,,,,,,,mesophilic,35,,,,,,,,,,,,,,,,"http://www.tappi.org/content/events/09IBBC/Papers/46.2.pdf; Meyer, T., Edwards, E.A. 2014. Anaerobic digestion of pulp and Paper mill wastewater and sludge. Water Research, 65(0), 321-349. Wood, N., Tran, H., Master, E. 2009. Pretreatment of pulp mill secondary sludge for high-rate anaerobic conversion to biogas. Bioresource Technology, 100(23), 5729-5735."
Paper pulp and mill sludge,kraft pulp mill secondary WAS,industrial,7,,,,,,,,,,yes,unspecified,27000,,115,,0.1755,laboratory,0.1,0.06,1.67,batch,HCl,,no,,no,,yes,200,no,,,,,,,,,,,,,,,,,,,,mesophilic,35,,,,,,,,,,,,,,,,"http://www.tappi.org/content/events/09IBBC/Papers/46.2.pdf; Meyer, T., Edwards, E.A. 2014. Anaerobic digestion of pulp and Paper mill wastewater and sludge. Water Research, 65(0), 321-349. Wood, N., Tran, H., Master, E. 2009. Pretreatment of pulp mill secondary sludge for high-rate anaerobic conversion to biogas. Bioresource Technology, 100(23), 5729-5735."
Paper pulp and mill sludge,kraft pulp mill secondary WAS,industrial,7,,,,,,,,,,yes,unspecified,27000,,110,,0.1755,laboratory,0.1,0.06,1.67,batch,HCl,,no,,no,,yes,200,no,,,,,,,,,,,,,,,,,,,,mesophilic,35,,,,,,,,,,,,,,,,"http://www.tappi.org/content/events/09IBBC/Papers/46.2.pdf; Meyer, T., Edwards, E.A. 2014. Anaerobic digestion of pulp and Paper mill wastewater and sludge. Water Research, 65(0), 321-349. Wood, N., Tran, H., Master, E. 2009. Pretreatment of pulp mill secondary sludge for high-rate anaerobic conversion to biogas. Bioresource Technology, 100(23), 5729-5735."
Paper pulp and mill sludge,kraft pulp mill secondary WAS,industrial,7,,,,,,,,,,yes,physical,27000,,40,,0.1755,laboratory,0.1,0.06,1.67,batch,,,no,,no,,yes,200,no,,,,,,,,,,,,,,,,,,,,mesophilic,35,,,,,,,,,,,,,,,,"http://www.tappi.org/content/events/09IBBC/Papers/46.2.pdf; Meyer, T., Edwards, E.A. 2014. Anaerobic digestion of pulp and Paper mill wastewater and sludge. Water Research, 65(0), 321-349. Wood, N., Tran, H., Master, E. 2009. Pretreatment of pulp mill secondary sludge for high-rate anaerobic conversion to biogas. Bioresource Technology, 100(23), 5729-5735."
Paper pulp and mill sludge,pulp and Paper sludge,industrial,7.82,,,,,,,31.45,62.3,,no,,,,175,,,laboratory,0.7,0.3,2.34,batch,monosodium glutamate wate liquor,2,no,,no,,,,no,,,,,,,,,,,,,,,,,,,,mesophilic,37,,,,,,,,,,,,,,,,"Lin, Y., Wang, D., Wu, S., Wang, C. 2009. Alkali pretreatment enhances biogas production in the anaerobic digestion of pulp and Paper sludge. Journal of Hazardous Materials, 170(1), 366-373."
Paper pulp and mill sludge,pulp and Paper sludge,industrial,,,,,,,,31.45,62.3,,yes,chemical,,,265,,,laboratory,0.7,0.3,2.34,batch,monosodium glutamate wate liquor,2,no,,no,,,,no,,,,,,,,,,,,,,,,,,,,mesophilic,37,,,,,,,,,,,,,,,,"Lin, Y., Wang, D., Wu, S., Wang, C. 2009. Alkali pretreatment enhances biogas production in the anaerobic digestion of pulp and Paper sludge. Journal of Hazardous Materials, 170(1), 366-373."
Paper pulp and mill sludge,pulp and Paper sludge,industrial,,,,,,,,31.45,62.3,,yes,chemical,,,322,,,laboratory,0.7,0.3,2.34,batch,monosodium glutamate wate liquor,2,no,,no,,,,no,,,,,,,,,,,,,,,,,,,,mesophilic,37,,,,,,,,,,,,,,,,"Lin, Y., Wang, D., Wu, S., Wang, C. 2009. Alkali pretreatment enhances biogas production in the anaerobic digestion of pulp and Paper sludge. Journal of Hazardous Materials, 170(1), 366-373."
Paper pulp and mill sludge,pulp and Paper sludge,industrial,,,,,,,,31.45,62.3,,yes,chemical,,,325,,,laboratory,0.7,0.3,2.34,batch,monosodium glutamate wate liquor,2,no,,no,,,,no,,,,,,,,,,,,,,,,,,,,mesophilic,37,,,,,,,,,,,,,,,,"Lin, Y., Wang, D., Wu, S., Wang, C. 2009. Alkali pretreatment enhances biogas production in the anaerobic digestion of pulp and Paper sludge. Journal of Hazardous Materials, 170(1), 366-373."
Grass,Napier Grass growth stage 2,agricultural,,,,,,,,16.1,81.4,solid,no,,,236,,15,,laboratory,1.5,0.5,3,batch,,,no,,no,,yes,100,yes,,,,,,,,6,5.2,75.4,,,,,,,,,,mesophilic,37,NAPIER Grass NDF (% TS): 66.1,NAPIER Grass ADF (% TS): 45.2,,,,,,,,,,,,NAPIER Grass Lignin (ADL) (% TS): 6.2,NAPIER Grass HemiCellulose (% TS) (% TS): 20.9,"Surendra, K.C., Khanal, S.K. 2015. Effects of crop maturity and size reduction on digestibility and methane yield of dedicated energy crop. Bioresource Technology, 178(0), 187-193."
Grass,Napier Grass growth stage 2,agricultural,,,,,,,,16.1,81.4,solid,no,,,218,,15,,laboratory,1.5,0.5,3,batch,,,no,,no,,yes,100,yes,,,,,,,,10,5.2,75.4,,,,,,,,,,mesophilic,37,NAPIER Grass NDF (% TS): 66.1,NAPIER Grass ADF (% TS): 45.2,,,,,,,,,,,,NAPIER Grass Lignin (ADL) (% TS): 6.2,NAPIER Grass HemiCellulose (% TS) (% TS): 20.9,"Surendra, K.C., Khanal, S.K. 2015. Effects of crop maturity and size reduction on digestibility and methane yield of dedicated energy crop. Bioresource Technology, 178(0), 187-193."
Grass,Napier Grass growth stage 2,agricultural,,,,,,,,16.1,81.4,solid,no,,,203,,15,,laboratory,1.5,0.5,3,batch,,,no,,no,,yes,100,yes,,,,,,,,20,5.2,75.4,,,,,,,,,,mesophilic,37,NAPIER Grass NDF (% TS): 66.1,NAPIER Grass ADF (% TS): 45.2,,,,,,,,,,,,NAPIER Grass Lignin (ADL) (% TS): 6.2,NAPIER Grass HemiCellulose (% TS) (% TS): 20.9,"Surendra, K.C., Khanal, S.K. 2015. Effects of crop maturity and size reduction on digestibility and methane yield of dedicated energy crop. Bioresource Technology, 178(0), 187-193."
Grass,Napier Grass growth stage 4,agricultural,,,,,,,,23.2,83.9,solid,no,,,217,,15,,laboratory,1.5,0.5,3,batch,,,no,,no,,yes,100,yes,,,,,,,,6,5.2,75.4,,,,,,,,,,mesophilic,37,NAPIER Grass NDF (% TS): 69.1,NAPIER Grass ADF (% TS): 50.1,,,,,,,,,,,,NAPIER Grass Lignin (ADL) (% TS): 8.7,NAPIER Grass HemiCellulose (% TS) (% TS): 19,"Surendra, K.C., Khanal, S.K. 2015. Effects of crop maturity and size reduction on digestibility and methane yield of dedicated energy crop. Bioresource Technology, 178(0), 187-193."
Grass,Napier Grass growth stage 4,agricultural,,,,,,,,23.2,83.9,solid,no,,,181,,15,,laboratory,1.5,0.5,3,batch,,,no,,no,,yes,100,yes,,,,,,,,10,5.2,75.4,,,,,,,,,,mesophilic,37,NAPIER Grass NDF (% TS): 69.1,NAPIER Grass ADF (% TS): 50.1,,,,,,,,,,,,NAPIER Grass Lignin (ADL) (% TS): 8.7,NAPIER Grass HemiCellulose (% TS) (% TS): 19,"Surendra, K.C., Khanal, S.K. 2015. Effects of crop maturity and size reduction on digestibility and methane yield of dedicated energy crop. Bioresource Technology, 178(0), 187-193."
Grass,Napier Grass growth stage 4,agricultural,,,,,,,,23.2,83.9,solid,no,,,189,,15,,laboratory,1.5,0.5,3,batch,,,no,,no,,yes,100,yes,,,,,,,,20,5.2,75.4,,,,,,,,,,mesophilic,37,NAPIER Grass NDF (% TS): 69.1,NAPIER Grass ADF (% TS): 50.1,,,,,,,,,,,,NAPIER Grass Lignin (ADL) (% TS): 8.7,NAPIER Grass HemiCellulose (% TS) (% TS): 19,"Surendra, K.C., Khanal, S.K. 2015. Effects of crop maturity and size reduction on digestibility and methane yield of dedicated energy crop. Bioresource Technology, 178(0), 187-193."
Grass,Napier Grass growth stage 6,agricultural,,,,,,,,30.3,87.1,solid,no,,,150,,15,,laboratory,1.5,0.5,3,batch,,,no,,no,,yes,100,yes,,,,,,,,6,5.2,75.4,,,,,,,,,,mesophilic,37,NAPIER Grass NDF (% TS): 73.2,NAPIER Grass ADF (% TS): 53.5,,,,,,,,,,,,NAPIER Grass Lignin (ADL) (% TS): 11.1,NAPIER Grass HemiCellulose (% TS) (% TS): 19.7,"Surendra, K.C., Khanal, S.K. 2015. Effects of crop maturity and size reduction on digestibility and methane yield of dedicated energy crop. Bioresource Technology, 178(0), 187-193."
Grass,Napier Grass growth stage 6,agricultural,,,,,,,,30.3,87.1,solid,no,,,123,,15,,laboratory,1.5,0.5,3,batch,,,no,,no,,yes,100,yes,,,,,,,,10,5.2,75.4,,,,,,,,,,mesophilic,37,NAPIER Grass NDF (% TS): 73.2,NAPIER Grass ADF (% TS): 53.5,,,,,,,,,,,,NAPIER Grass Lignin (ADL) (% TS): 11.1,NAPIER Grass HemiCellulose (% TS) (% TS): 19.7,"Surendra, K.C., Khanal, S.K. 2015. Effects of crop maturity and size reduction on digestibility and methane yield of dedicated energy crop. Bioresource Technology, 178(0), 187-193."
Grass,Napier Grass growth stage 6,agricultural,,,,,,,,30.3,87.1,solid,no,,,121,,15,,laboratory,1.5,0.5,3,batch,,,no,,no,,yes,100,yes,,,,,,,,20,5.2,75.4,,,,,,,,,,mesophilic,37,NAPIER Grass NDF (% TS): 73.2,NAPIER Grass ADF (% TS): 53.5,,,,,,,,,,,,NAPIER Grass Lignin (ADL) (% TS): 11.1,NAPIER Grass HemiCellulose (% TS) (% TS): 19.7,"Surendra, K.C., Khanal, S.K. 2015. Effects of crop maturity and size reduction on digestibility and methane yield of dedicated energy crop. Bioresource Technology, 178(0), 187-193."
Grass,Napier Grass growth stage 8,agricultural,,,,,,,,37.8,91.6,solid,no,,,112,,15,,laboratory,1.5,0.5,3,batch,,,no,,no,,yes,100,yes,,,,,,,,6,5.2,75.4,,,,,,,,,,mesophilic,37,NAPIER Grass NDF (% TS): 73,NAPIER Grass ADF (% TS): 54.4,,,,,,,,,,,,NAPIER Grass Lignin (ADL) (% TS): 11.3,NAPIER Grass HemiCellulose (% TS) (% TS): 18.7,"Surendra, K.C., Khanal, S.K. 2015. Effects of crop maturity and size reduction on digestibility and methane yield of dedicated energy crop. Bioresource Technology, 178(0), 187-193."
Grass,Napier Grass growth stage 8,agricultural,,,,,,,,37.8,91.6,solid,no,,,103,,15,,laboratory,1.5,0.5,3,batch,,,no,,no,,yes,100,yes,,,,,,,,10,5.2,75.4,,,,,,,,,,mesophilic,37,NAPIER Grass NDF (% TS): 73,NAPIER Grass ADF (% TS): 54.4,,,,,,,,,,,,NAPIER Grass Lignin (ADL) (% TS): 11.3,NAPIER Grass HemiCellulose (% TS) (% TS): 18.7,"Surendra, K.C., Khanal, S.K. 2015. Effects of crop maturity and size reduction on digestibility and methane yield of dedicated energy crop. Bioresource Technology, 178(0), 187-193."
Grass,Napier Grass growth stage 8,agricultural,,,,,,,,37.7,91.6,solid,no,,,98,,15,,laboratory,1.5,0.5,3,batch,,,no,,no,,yes,100,yes,,,,,,,,20,5.2,75.4,,,,,,,,,,mesophilic,37,NAPIER Grass NDF (% TS): 73,NAPIER Grass ADF (% TS): 54.4,,,,,,,,,,,,NAPIER Grass Lignin (ADL) (% TS): 11.3,NAPIER Grass HemiCellulose (% TS) (% TS): 18.7,"Surendra, K.C., Khanal, S.K. 2015. Effects of crop maturity and size reduction on digestibility and methane yield of dedicated energy crop. Bioresource Technology, 178(0), 187-193."
Algae biomass,Arthrospira platensis,industrial,,,,,,,,,,,no,,,293,,,,laboratory,,,,batch,,,no,,no,,,,,,,,,,,,,,,,,,,,,,,,mesophilic,38,HRT = 32,,,,,,,,,,,,,,,"Mussgnug, J.H., Klassen, V., Schl├╝ter, A., Kruse, O. 2010. microalgal as substrates for fermentative biogas production in a combined biorefinery concept. Journal of Biotechnology, 150(1), 51-56."
Algae biomass,Chlamydomonas reinhardtii,industrial,,,,,,,,,,,no,,,387,,,,laboratory,,,,batch,,,no,,no,,,,,,,,,,,,,,,,,,,,,,,,mesophilic,38,HRT = 32,,,,,,,,,,,,,,,"Mussgnug, J.H., Klassen, V., Schl├╝ter, A., Kruse, O. 2010. microalgal as substrates for fermentative biogas production in a combined biorefinery concept. Journal of Biotechnology, 150(1), 51-56."
Algae biomass,Chlorella kessleri,industrial,,,,,,,,,,,no,,,218,,,,laboratory,,,,batch,,,no,,no,,,,,,,,,,,,,,,,,,,,,,,,mesophilic,38,HRT = 32,,,,,,,,,,,,,,,"Mussgnug, J.H., Klassen, V., Schl├╝ter, A., Kruse, O. 2010. microalgal as substrates for fermentative biogas production in a combined biorefinery concept. Journal of Biotechnology, 150(1), 51-56."
Algae biomass,Dunaliella salina,industrial,,,,,,,,,,,no,,,323,,,,laboratory,,,,batch,,,no,,no,,,,,,,,,,,,,,,,,,,,,,,,mesophilic,38,HRT = 32,,,,,,,,,,,,,,,"Mussgnug, J.H., Klassen, V., Schl├╝ter, A., Kruse, O. 2010. microalgal as substrates for fermentative biogas production in a combined biorefinery concept. Journal of Biotechnology, 150(1), 51-56."
Algae biomass,Euglena gracilis,industrial,,,,,,,,,,,no,,,325,,,,laboratory,,,,batch,,,no,,no,,,,,,,,,,,,,,,,,,,,,,,,mesophilic,38,HRT = 32,,,,,,,,,,,,,,,"Mussgnug, J.H., Klassen, V., Schl├╝ter, A., Kruse, O. 2010. microalgal as substrates for fermentative biogas production in a combined biorefinery concept. Journal of Biotechnology, 150(1), 51-56."
Algae biomass,Scenedesmus obliquus,industrial,,,,,,,,,,,no,,,178,,,,laboratory,,,,batch,,,no,,no,,,,,,,,,,,,,,,,,,,,,,,,mesophilic,38,HRT = 32,,,,,,,,,,,,,,,"Mussgnug, J.H., Klassen, V., Schl├╝ter, A., Kruse, O. 2010. microalgal as substrates for fermentative biogas production in a combined biorefinery concept. Journal of Biotechnology, 150(1), 51-56."
Manure,Chicken Manure,agricultural,,,,,0,20.5,1.6,25.9,75.3,,,,,295,,3,,laboratory,0.5,0.5,1,batch,,,no,,no,,yes,,,,yes,,yes,21,,,,4.5,55.6,,,,,,,,,,mesophilic,37,,,,,,,,,,,,,,,,"Li, Y., Zhang, R., Liu, G., Chen, C., He, Y., Liu, X. 2013. Comparison of methane production potential, biodegradability, and kinetics of different organic substrates. Bioresource Technology, 149(0), 565-569."
Manure,Dairy Manure,agricultural,,,,,0,17,17.4,38.5,74.8,,,,,51,,3,,laboratory,0.5,0.5,1,batch,,,no,,no,,yes,,,,yes,,yes,21,,,,4.5,55.6,,,,,,,,,,mesophilic,37,,,,,,,,,,,,,,,,"Li, Y., Zhang, R., Liu, G., Chen, C., He, Y., Liu, X. 2013. Comparison of methane production potential, biodegradability, and kinetics of different organic substrates. Bioresource Technology, 149(0), 565-569."
Manure,Swine Manure,agricultural,,,,,0,13.2,4.3,30.4,72.4,,,,,322,,3,,laboratory,0.5,0.5,1,batch,,,no,,no,,yes,,,,yes,,yes,21,,,,4.5,55.6,,,,,,,,,,mesophilic,37,,,,,,,,,,,,,,,,"Li, Y., Zhang, R., Liu, G., Chen, C., He, Y., Liu, X. 2013. Comparison of methane production potential, biodegradability, and kinetics of different organic substrates. Bioresource Technology, 149(0), 565-569."
Straw,Corn stover,agricultural,,,,,0,5,10.3,84.9,90.6,,,,,241,,3,,laboratory,0.5,0.5,1,batch,,,no,,no,,yes,,,,yes,,yes,21,,,,4.5,55.6,,,,,,,,,,mesophilic,37,,,,,,,,,,,,,,,,"Li, Y., Zhang, R., Liu, G., Chen, C., He, Y., Liu, X. 2013. Comparison of methane production potential, biodegradability, and kinetics of different organic substrates. Bioresource Technology, 149(0), 565-569."
Straw,Wheat Straw,agricultural,,,,,0,2.5,7.6,90.5,86.1,,,,,245,,3,,laboratory,0.5,0.5,1,batch,,,no,,no,,yes,,,,yes,,yes,21,,,,4.5,55.6,,,,,,,,,,mesophilic,37,,,,,,,,,,,,,,,,"Li, Y., Zhang, R., Liu, G., Chen, C., He, Y., Liu, X. 2013. Comparison of methane production potential, biodegradability, and kinetics of different organic substrates. Bioresource Technology, 149(0), 565-569."
Straw,Rice Straw,agricultural,,,,,0,5.6,10.8,92.9,84.6,,,,,281,,3,,laboratory,0.5,0.5,1,batch,,,no,,no,,yes,,,,yes,,yes,21,,,,4.5,55.6,,,,,,,,,,mesophilic,37,,,,,,,,,,,,,,,,"Li, Y., Zhang, R., Liu, G., Chen, C., He, Y., Liu, X. 2013. Comparison of methane production potential, biodegradability, and kinetics of different organic substrates. Bioresource Technology, 149(0), 565-569."
OFMSW,Kitchen waste,municipal,,,,,35.5,16,4.3,26.3,86.3,,,,,541,,3,,laboratory,0.5,0.5,1,batch,,,no,,no,,yes,,,,yes,,yes,21,,,,4.5,55.6,,,,,,,,,,mesophilic,37,,,,,,,,,,,,,,,,"Li, Y., Zhang, R., Liu, G., Chen, C., He, Y., Liu, X. 2013. Comparison of methane production potential, biodegradability, and kinetics of different organic substrates. Bioresource Technology, 149(0), 565-569."
OFMSW,Fruit and vegetable waste,municipal,,,,,0,20.6,7.9,3.7,89.2,,,,,342,,3,,laboratory,0.5,0.5,1,batch,,,no,,no,,yes,,,,yes,,yes,21,,,,4.5,55.6,,,,,,,,,,mesophilic,37,,,,,,,,,,,,,,,,"Li, Y., Zhang, R., Liu, G., Chen, C., He, Y., Liu, X. 2013. Comparison of methane production potential, biodegradability, and kinetics of different organic substrates. Bioresource Technology, 149(0), 565-569."
FOG,Used animal oil,municipal,,,,,99.9,0,0,99.7,99.9,,,,,776,,3,,laboratory,0.5,0.5,1,batch,,,no,,no,,yes,,,,yes,,yes,21,,,,4.5,55.6,,,,,,,,,,mesophilic,37,,,,,,,,,,,,,,,,"Li, Y., Zhang, R., Liu, G., Chen, C., He, Y., Liu, X. 2013. Comparison of methane production potential, biodegradability, and kinetics of different organic substrates. Bioresource Technology, 149(0), 565-569."
FOG,Used vegetable oil,municipal,,,,,99.9,0,0,99.6,99.9,,,,,811,,3,,laboratory,0.5,0.5,1,batch,,,no,,no,,yes,,,,yes,,yes,21,,,,4.5,55.6,,,,,,,,,,mesophilic,37,,,,,,,,,,,,,,,,"Li, Y., Zhang, R., Liu, G., Chen, C., He, Y., Liu, X. 2013. Comparison of methane production potential, biodegradability, and kinetics of different organic substrates. Bioresource Technology, 149(0), 565-569."
Other lignocellulosic biomass,Yard waste,agricultural,,,,,0,10,10.5,72.5,83.3,,,,,183,,3,,laboratory,0.5,0.5,1,batch,,,no,,no,,yes,,,,yes,,yes,21,,,,4.5,55.6,,,,,,,,,,mesophilic,37,,,,,,,,,,,,,,,,"Li, Y., Zhang, R., Liu, G., Chen, C., He, Y., Liu, X. 2013. Comparison of methane production potential, biodegradability, and kinetics of different organic substrates. Bioresource Technology, 149(0), 565-569."
Grass,SwitchGrass,agricultural,,,,,0,2.5,11.3,91.3,95.7,,,,,246,,3,,laboratory,0.5,0.5,1,batch,,,no,,no,,yes,,,,yes,,yes,21,,,,4.5,55.6,,,,,,,,,,mesophilic,37,,,,,,,,,,,,,,,,"Li, Y., Zhang, R., Liu, G., Chen, C., He, Y., Liu, X. 2013. Comparison of methane production potential, biodegradability, and kinetics of different organic substrates. Bioresource Technology, 149(0), 565-569."
processing organica wastes,Vinegar residue,agricultural,,,,,0,11.9,12.4,92.4,91.8,,,,,253,,3,,laboratory,0.5,0.5,1,batch,,,no,,no,,yes,,,,yes,,yes,21,,,,4.5,55.6,,,,,,,,,,mesophilic,37,,,,,,,,,,,,,,,,"Li, Y., Zhang, R., Liu, G., Chen, C., He, Y., Liu, X. 2013. Comparison of methane production potential, biodegradability, and kinetics of different organic substrates. Bioresource Technology, 149(0), 565-569."
processing organica wastes,Rice husk,agricultural,,,,,0,2.5,20.4,90.2,82.4,,,,,49,,3,,laboratory,0.5,0.5,1,batch,,,no,,no,,yes,,,,yes,,yes,21,,,,4.5,55.6,,,,,,,,,,mesophilic,37,,,,,,,,,,,,,,,,"Li, Y., Zhang, R., Liu, G., Chen, C., He, Y., Liu, X. 2013. Comparison of methane production potential, biodegradability, and kinetics of different organic substrates. Bioresource Technology, 149(0), 565-569."
Other lignocellulosic biomass,Chenopodium album L. leaf and seed,agricultural,,,,,0,16.9,7.7,84.4,92.7,,,,,262,,3,,laboratory,0.5,0.5,1,batch,,,no,,no,,yes,,,,yes,,yes,21,yes,,,4.5,55.6,,,,,,,,,,mesophilic,37,,,,,,,,,,,,,,,,"Li, Y., Zhang, R., Liu, G., Chen, C., He, Y., Liu, X. 2013. Comparison of methane production potential, biodegradability, and kinetics of different organic substrates. Bioresource Technology, 149(0), 565-569."
Other lignocellulosic biomass,Chenopodium album L. stalk,agricultural,,,,,0,2.5,15.8,85.8,97,,,,,171,,3,,laboratory,0.5,0.5,1,batch,,,no,,no,,yes,,,,yes,,yes,21,yes,,,4.5,55.6,,,,,,,,,,mesophilic,37,,,,,,,,,,,,,,,,"Li, Y., Zhang, R., Liu, G., Chen, C., He, Y., Liu, X. 2013. Comparison of methane production potential, biodegradability, and kinetics of different organic substrates. Bioresource Technology, 149(0), 565-569."
Algae biomass,Chlorella vulgaris,industrial,,,,,,,,,,,,,,286,,,,laboratory,,,,batch,,,,,,,,,,,,,,,,,,,,,,,,,,,,,mesophilic,37,HRT = 49,,,,,,,,,,,,,,,"Kwietniewska, E., Tys, J. 2014. Process characteristics, inhibition factors and methane yields of anaerobic digestion process, with particular focus on microalgal biomass fermentation. Renewable and Sustainable Energy Reviews, 34(0), 491-500."
Algae biomass,Dunaliella tertiolecta,industrial,,,,,,,,,,,,,,24,,,,laboratory,,,,batch,,,,,,,,,,,,,,,,,,,,,,,,,,,,,mesophilic,37,HRT = 49,,,,,,,,,,,,,,,"Kwietniewska, E., Tys, J. 2014. Process characteristics, inhibition factors and methane yields of anaerobic digestion process, with particular focus on microalgal biomass fermentation. Renewable and Sustainable Energy Reviews, 34(0), 491-500."
Straw,Straw - horse bedding material,agricultural,,,9.68,,9.1,54,88,81.77,92.46667482,solid,,,,214.214,,,,laboratory,0.36,0.64,0.562,batch,,,no,,no,,yes,,no,,,,,,yes,,1,,,,,,,,,,,,mesophilic,37,HRT = 35,,,,,,,,,,,,,,,"M├Ânch-Tegeder, M., Lemmer, A., Oechsner, H., Jungbluth, T., (2013). Investigation of the Methane Potential of Horse Manure. Agricultural Engineering International: CIGR Journal, Vol. 15, No. 2"
Straw,Straw - horse bedding material,agricultural,,,4.41,,12,25,67,89.5,93.77653631,solid,,,,237.237,,,,laboratory,0.36,0.64,0.562,batch,,,no,,no,,yes,,no,,,,,,yes,,1,,,,,,,,,,,,mesophilic,37,HRT = 35,,,,,,,,,,,,,,,"M├Ânch-Tegeder, M., Lemmer, A., Oechsner, H., Jungbluth, T., (2013). Investigation of the Methane Potential of Horse Manure. Agricultural Engineering International: CIGR Journal, Vol. 15, No. 2"
Straw,Straw - horse bedding material,agricultural,,,8.13,,12,29,96,90.57,94.36899636,solid,,,,203.203,,,,laboratory,0.36,0.64,0.562,batch,,,no,,no,,yes,,no,,,,,,yes,,1,,,,,,,,,,,,mesophilic,37,HRT = 35,,,,,,,,,,,,,,,"M├Ânch-Tegeder, M., Lemmer, A., Oechsner, H., Jungbluth, T., (2013). Investigation of the Methane Potential of Horse Manure. Agricultural Engineering International: CIGR Journal, Vol. 15, No. 2"
Straw,Straw - horse bedding material,agricultural,,,4.02,,10,26,74,90.98,93.55902396,solid,,,,183.183,,,,laboratory,0.36,0.64,0.562,batch,,,no,,no,,yes,,no,,,,,,yes,,1,,,,,,,,,,,,mesophilic,37,HRT = 35,,,,,,,,,,,,,,,"M├Ânch-Tegeder, M., Lemmer, A., Oechsner, H., Jungbluth, T., (2013). Investigation of the Methane Potential of Horse Manure. Agricultural Engineering International: CIGR Journal, Vol. 15, No. 2"
Straw,Straw - horse bedding material,agricultural,,,10.8,,12,52,75,85.32,94.39756212,solid,,,,200.2,,,,laboratory,0.36,0.64,0.562,batch,,,no,,no,,yes,,no,,,,,,yes,,1,,,,,,,,,,,,mesophilic,37,HRT = 35,,,,,,,,,,,,,,,"M├Ânch-Tegeder, M., Lemmer, A., Oechsner, H., Jungbluth, T., (2013). Investigation of the Methane Potential of Horse Manure. Agricultural Engineering International: CIGR Journal, Vol. 15, No. 2"
Straw,Straw-pellets as horse bedding material,agricultural,,,6.06,,8.5,36,56,90.03,94.56847717,solid,,,,247.247,,,,laboratory,0.36,0.64,0.562,batch,,,no,,no,,yes,,no,,,,,,yes,,1,,,,,,,,,,,,mesophilic,37,HRT = 35,,,,,,,,,,,,,,,"M├Ânch-Tegeder, M., Lemmer, A., Oechsner, H., Jungbluth, T., (2013). Investigation of the Methane Potential of Horse Manure. Agricultural Engineering International: CIGR Journal, Vol. 15, No. 2"
Straw,Straw/Flax as horse bedding material,agricultural,,,7.65,,11,65,119,72.69,93.21777411,solid,,,,156.156,,,,laboratory,0.36,0.64,0.562,batch,,,no,,no,,yes,,no,,,,,,yes,,1,,,,,,,,,,,,mesophilic,37,HRT = 35,,,,,,,,,,,,,,,"M├Ânch-Tegeder, M., Lemmer, A., Oechsner, H., Jungbluth, T., (2013). Investigation of the Methane Potential of Horse Manure. Agricultural Engineering International: CIGR Journal, Vol. 15, No. 2"
Straw,Flax as horse bedding material,agricultural,,,5.31,,7.7,27,210,85.05,97.83656673,solid,,,,67.067,,,,laboratory,0.36,0.64,0.562,batch,,,no,,no,,yes,,no,,,,,,yes,,1,,,,,,,,,,,,mesophilic,37,HRT = 35,,,,,,,,,,,,,,,"M├Ânch-Tegeder, M., Lemmer, A., Oechsner, H., Jungbluth, T., (2013). Investigation of the Methane Potential of Horse Manure. Agricultural Engineering International: CIGR Journal, Vol. 15, No. 2"
Wood,Wood-pellets as horse bedding material,agricultural,,,0.63,,,,228,89.32,97.90640394,solid,,,,21.021,,,,laboratory,0.36,0.64,0.562,batch,,,no,,no,,yes,,no,,,,,,yes,,1,,,,,,,,,,,,mesophilic,37,HRT = 35,,,,,,,,,,,,,,,"M├Ânch-Tegeder, M., Lemmer, A., Oechsner, H., Jungbluth, T., (2013). Investigation of the Methane Potential of Horse Manure. Agricultural Engineering International: CIGR Journal, Vol. 15, No. 2"
Wood,Sawdust as horse bedding material,agricultural,,,0.71,,8.7,,238,83.2,99.63942308,solid,,,,17.017,,,,laboratory,0.36,0.64,0.562,batch,,,no,,no,,yes,,no,,,,,,yes,,1,,,,,,,,,,,,mesophilic,37,HRT = 35,,,,,,,,,,,,,,,"M├Ânch-Tegeder, M., Lemmer, A., Oechsner, H., Jungbluth, T., (2013). Investigation of the Methane Potential of Horse Manure. Agricultural Engineering International: CIGR Journal, Vol. 15, No. 2"
Manure,horse dung,agricultural,,,14.23,,29,74,100,23.19,88.44329452,,,,,176,,,,laboratory,0.36,0.64,0.562,batch,,,no,,no,,yes,,no,,,,,,yes,,1,,,,,,,,,,,,mesophilic,37,HRT = 35,,,,,,,,,,,,,,,"M├Ânch-Tegeder, M., Lemmer, A., Oechsner, H., Jungbluth, T., (2013). Investigation of the Methane Potential of Horse Manure. Agricultural Engineering International: CIGR Journal, Vol. 15, No. 2"
Manure,horse dung,agricultural,,,17.52,,41,117,92,21.53,84.62610311,,,,,173,,,,laboratory,0.36,0.64,0.562,batch,,,no,,no,,yes,,no,,,,,,yes,,1,,,,,,,,,,,,mesophilic,37,HRT = 35,,,,,,,,,,,,,,,"M├Ânch-Tegeder, M., Lemmer, A., Oechsner, H., Jungbluth, T., (2013). Investigation of the Methane Potential of Horse Manure. Agricultural Engineering International: CIGR Journal, Vol. 15, No. 2"
Manure,horse dung,agricultural,,,17.25,,30,96,92,22.84,82.83712785,,,,,163,,,,laboratory,0.36,0.64,0.562,batch,,,no,,no,,yes,,no,,,,,,yes,,1,,,,,,,,,,,,mesophilic,37,HRT = 35,,,,,,,,,,,,,,,"M├Ânch-Tegeder, M., Lemmer, A., Oechsner, H., Jungbluth, T., (2013). Investigation of the Methane Potential of Horse Manure. Agricultural Engineering International: CIGR Journal, Vol. 15, No. 2"
Manure,horse dung,agricultural,,,11.72,,26,75,87,22.87,90.55531264,,,,,191,,,,laboratory,0.36,0.64,0.562,batch,,,no,,no,,yes,,no,,,,,,yes,,1,,,,,,,,,,,,mesophilic,37,HRT = 35,,,,,,,,,,,,,,,"M├Ânch-Tegeder, M., Lemmer, A., Oechsner, H., Jungbluth, T., (2013). Investigation of the Methane Potential of Horse Manure. Agricultural Engineering International: CIGR Journal, Vol. 15, No. 2"
Manure,horse dung,agricultural,,,18.68,,18,83,88,20.67,91.19496855,,,,,175,,,,laboratory,0.36,0.64,0.562,batch,,,no,,no,,yes,,no,,,,,,yes,,1,,,,,,,,,,,,mesophilic,37,HRT = 35,,,,,,,,,,,,,,,"M├Ânch-Tegeder, M., Lemmer, A., Oechsner, H., Jungbluth, T., (2013). Investigation of the Methane Potential of Horse Manure. Agricultural Engineering International: CIGR Journal, Vol. 15, No. 2"
Manure,horse dung,agricultural,,,13.07,,31,77,104,26.6,88.23308271,,,,,179,,,,laboratory,0.36,0.64,0.562,batch,,,no,,no,,yes,,no,,,,,,yes,,1,,,,,,,,,,,,mesophilic,37,HRT = 35,,,,,,,,,,,,,,,"M├Ânch-Tegeder, M., Lemmer, A., Oechsner, H., Jungbluth, T., (2013). Investigation of the Methane Potential of Horse Manure. Agricultural Engineering International: CIGR Journal, Vol. 15, No. 2"
Manure,horse dung,agricultural,,,16.12,,32,79,82,23.3,90.55793991,,,,,187,,,,laboratory,0.36,0.64,0.562,batch,,,no,,no,,yes,,no,,,,,,yes,,1,,,,,,,,,,,,mesophilic,37,HRT = 35,,,,,,,,,,,,,,,"M├Ânch-Tegeder, M., Lemmer, A., Oechsner, H., Jungbluth, T., (2013). Investigation of the Methane Potential of Horse Manure. Agricultural Engineering International: CIGR Journal, Vol. 15, No. 2"
Manure,horse dung,agricultural,,,11.76,,22,70,117,22.75,88.7032967,,,,,151,,,,laboratory,0.36,0.64,0.562,batch,,,no,,no,,yes,,no,,,,,,yes,,1,,,,,,,,,,,,mesophilic,37,HRT = 35,,,,,,,,,,,,,,,"M├Ânch-Tegeder, M., Lemmer, A., Oechsner, H., Jungbluth, T., (2013). Investigation of the Methane Potential of Horse Manure. Agricultural Engineering International: CIGR Journal, Vol. 15, No. 2"
Manure,horse dung,agricultural,,,13.03,,20,68,91,23.51,91.28030625,,,,,161,,,,laboratory,0.36,0.64,0.562,batch,,,no,,no,,yes,,no,,,,,,yes,,1,,,,,,,,,,,,mesophilic,37,HRT = 35,,,,,,,,,,,,,,,"M├Ânch-Tegeder, M., Lemmer, A., Oechsner, H., Jungbluth, T., (2013). Investigation of the Methane Potential of Horse Manure. Agricultural Engineering International: CIGR Journal, Vol. 15, No. 2"
Manure,horse dung,agricultural,,,15.04,,37,85,99,27.3,90.54945055,,,,,153,,,,laboratory,0.36,0.64,0.562,batch,,,no,,no,,yes,,no,,,,,,yes,,1,,,,,,,,,,,,mesophilic,37,HRT = 35,,,,,,,,,,,,,,,"M├Ânch-Tegeder, M., Lemmer, A., Oechsner, H., Jungbluth, T., (2013). Investigation of the Methane Potential of Horse Manure. Agricultural Engineering International: CIGR Journal, Vol. 15, No. 2"
Manure,fresh horse Manure with Straw bedding,agricultural,,,14.78,,12,72,87,53.38,87.39228175,,,,,180,,,,laboratory,0.36,0.64,0.562,batch,,,no,,no,,yes,,no,,,,,,yes,,1,,,,,,,,,,,,mesophilic,37,HRT = 35,,,,,,,,,,,,,,,"M├Ânch-Tegeder, M., Lemmer, A., Oechsner, H., Jungbluth, T., (2013). Investigation of the Methane Potential of Horse Manure. Agricultural Engineering International: CIGR Journal, Vol. 15, No. 2"
Manure,fresh horse Manure with Straw bedding,agricultural,,,10.07,,16,52,105,36.27,88.06175903,,,,,164,,,,laboratory,0.36,0.64,0.562,batch,,,no,,no,,yes,,no,,,,,,yes,,1,,,,,,,,,,,,mesophilic,37,HRT = 35,,,,,,,,,,,,,,,"M├Ânch-Tegeder, M., Lemmer, A., Oechsner, H., Jungbluth, T., (2013). Investigation of the Methane Potential of Horse Manure. Agricultural Engineering International: CIGR Journal, Vol. 15, No. 2"
Manure,fresh horse Manure with Straw bedding,agricultural,,,14.6,,18,71,75,51.58,89.91857309,,,,,212,,,,laboratory,0.36,0.64,0.562,batch,,,no,,no,,yes,,no,,,,,,yes,,1,,,,,,,,,,,,mesophilic,37,HRT = 35,,,,,,,,,,,,,,,"M├Ânch-Tegeder, M., Lemmer, A., Oechsner, H., Jungbluth, T., (2013). Investigation of the Methane Potential of Horse Manure. Agricultural Engineering International: CIGR Journal, Vol. 15, No. 2"
Manure,fresh horse Manure with Straw bedding,agricultural,,,11.82,,13,61,69,46.73,91.61138455,,,,,208,,,,laboratory,0.36,0.64,0.562,batch,,,no,,no,,yes,,no,,,,,,yes,,1,,,,,,,,,,,,mesophilic,37,HRT = 35,,,,,,,,,,,,,,,"M├Ânch-Tegeder, M., Lemmer, A., Oechsner, H., Jungbluth, T., (2013). Investigation of the Methane Potential of Horse Manure. Agricultural Engineering International: CIGR Journal, Vol. 15, No. 2"
Manure,fresh horse Manure with Straw bedding,agricultural,,,18.95,,15,60,83,33.49,90.77336518,,,,,191,,,,laboratory,0.36,0.64,0.562,batch,,,no,,no,,yes,,no,,,,,,yes,,1,,,,,,,,,,,,mesophilic,37,HRT = 35,,,,,,,,,,,,,,,"M├Ânch-Tegeder, M., Lemmer, A., Oechsner, H., Jungbluth, T., (2013). Investigation of the Methane Potential of Horse Manure. Agricultural Engineering International: CIGR Journal, Vol. 15, No. 2"
Manure,fresh horse Manure with Straw-pellets bedding,agricultural,,,12.29,,18,73,101,40.54,86.35915146,,,,,191,,,,laboratory,0.36,0.64,0.562,batch,,,no,,no,,yes,,no,,,,,,yes,,1,,,,,,,,,,,,mesophilic,37,HRT = 35,,,,,,,,,,,,,,,"M├Ânch-Tegeder, M., Lemmer, A., Oechsner, H., Jungbluth, T., (2013). Investigation of the Methane Potential of Horse Manure. Agricultural Engineering International: CIGR Journal, Vol. 15, No. 2"
Manure,fresh horse Manure with Straw/flax bedding,agricultural,,,18.68,,18,59,77,31.6,90.88607595,,,,,215,,,,laboratory,0.36,0.64,0.562,batch,,,no,,no,,yes,,no,,,,,,yes,,1,,,,,,,,,,,,mesophilic,37,HRT = 35,,,,,,,,,,,,,,,"M├Ânch-Tegeder, M., Lemmer, A., Oechsner, H., Jungbluth, T., (2013). Investigation of the Methane Potential of Horse Manure. Agricultural Engineering International: CIGR Journal, Vol. 15, No. 2"
Manure,fresh horse Manure with flax bedding,agricultural,,,15.51,,27,72,107,25.7,86.30350195,,,,,150,,,,laboratory,0.36,0.64,0.562,batch,,,no,,no,,yes,,no,,,,,,yes,,1,,,,,,,,,,,,mesophilic,37,HRT = 35,,,,,,,,,,,,,,,"M├Ânch-Tegeder, M., Lemmer, A., Oechsner, H., Jungbluth, T., (2013). Investigation of the Methane Potential of Horse Manure. Agricultural Engineering International: CIGR Journal, Vol. 15, No. 2"
Manure,fresh horse Manure with Wood-pellets bedding,agricultural,,,11.39,,13,74,170,47.23,89.94283295,,,,,104,,,,laboratory,0.36,0.64,0.562,batch,,,no,,no,,yes,,no,,,,,,yes,,1,,,,,,,,,,,,mesophilic,37,HRT = 35,,,,,,,,,,,,,,,"M├Ânch-Tegeder, M., Lemmer, A., Oechsner, H., Jungbluth, T., (2013). Investigation of the Methane Potential of Horse Manure. Agricultural Engineering International: CIGR Journal, Vol. 15, No. 2"
Manure,fresh horse Manure withsawdust bedding,agricultural,,,11.34,,10,54,157,49.14,92.30769231,,,,,114,,,,laboratory,0.36,0.64,0.562,batch,,,no,,no,,yes,,no,,,,,,yes,,1,,,,,,,,,,,,mesophilic,37,HRT = 35,,,,,,,,,,,,,,,"M├Ânch-Tegeder, M., Lemmer, A., Oechsner, H., Jungbluth, T., (2013). Investigation of the Methane Potential of Horse Manure. Agricultural Engineering International: CIGR Journal, Vol. 15, No. 2"
Manure,stored horse Manure with Straw bedding,agricultural,,,16.27,,16,83,117,24.13,88.02320763,,,,,151,,,,laboratory,0.36,0.64,0.562,batch,,,no,,no,,yes,,no,,,,,,yes,,1,,,,,,,,,,,,mesophilic,37,HRT = 35,,,,,,,,,,,,,,,"M├Ânch-Tegeder, M., Lemmer, A., Oechsner, H., Jungbluth, T., (2013). Investigation of the Methane Potential of Horse Manure. Agricultural Engineering International: CIGR Journal, Vol. 15, No. 2"
Manure,stored horse Manure with Straw bedding,agricultural,,,10.54,,14,61,127,28.79,83.64015283,,,,,153,,,,laboratory,0.36,0.64,0.562,batch,,,no,,no,,yes,,no,,,,,,yes,,1,,,,,,,,,,,,mesophilic,37,HRT = 35,,,,,,,,,,,,,,,"M├Ânch-Tegeder, M., Lemmer, A., Oechsner, H., Jungbluth, T., (2013). Investigation of the Methane Potential of Horse Manure. Agricultural Engineering International: CIGR Journal, Vol. 15, No. 2"
Manure,stored horse Manure with Straw bedding,agricultural,,,9.9,,7.8,63,116,25.73,90.12825496,,,,,196,,,,laboratory,0.36,0.64,0.562,batch,,,no,,no,,yes,,no,,,,,,yes,,1,,,,,,,,,,,,mesophilic,37,HRT = 35,,,,,,,,,,,,,,,"M├Ânch-Tegeder, M., Lemmer, A., Oechsner, H., Jungbluth, T., (2013). Investigation of the Methane Potential of Horse Manure. Agricultural Engineering International: CIGR Journal, Vol. 15, No. 2"
Manure,stored horse Manure with Straw bedding,agricultural,,,11.61,,6.7,74,149,25.56,82.82472613,,,,,128,,,,laboratory,0.36,0.64,0.562,batch,,,no,,no,,yes,,no,,,,,,yes,,1,,,,,,,,,,,,mesophilic,37,HRT = 35,,,,,,,,,,,,,,,"M├Ânch-Tegeder, M., Lemmer, A., Oechsner, H., Jungbluth, T., (2013). Investigation of the Methane Potential of Horse Manure. Agricultural Engineering International: CIGR Journal, Vol. 15, No. 2"
Manure,stored horse Manure with Straw bedding,agricultural,,,14.44,,11,76,130,21.59,83.23297823,,,,,137,,,,laboratory,0.36,0.64,0.562,batch,,,no,,no,,yes,,no,,,,,,yes,,1,,,,,,,,,,,,mesophilic,37,HRT = 35,,,,,,,,,,,,,,,"M├Ânch-Tegeder, M., Lemmer, A., Oechsner, H., Jungbluth, T., (2013). Investigation of the Methane Potential of Horse Manure. Agricultural Engineering International: CIGR Journal, Vol. 15, No. 2"
Manure,stored horse Manure with Straw-pellets bedding,agricultural,,,9.21,,18,60,94,22.45,91.18040089,,,,,181,,,,laboratory,0.36,0.64,0.562,batch,,,no,,no,,yes,,no,,,,,,yes,,1,,,,,,,,,,,,mesophilic,37,HRT = 35,,,,,,,,,,,,,,,"M├Ânch-Tegeder, M., Lemmer, A., Oechsner, H., Jungbluth, T., (2013). Investigation of the Methane Potential of Horse Manure. Agricultural Engineering International: CIGR Journal, Vol. 15, No. 2"
Manure,stored horse Manure with Straw/flax bedding,agricultural,,,19.41,,23,69,142,24.44,85.22913257,,,,,118,,,,laboratory,0.36,0.64,0.562,batch,,,no,,no,,yes,,no,,,,,,yes,,1,,,,,,,,,,,,mesophilic,37,HRT = 35,,,,,,,,,,,,,,,"M├Ânch-Tegeder, M., Lemmer, A., Oechsner, H., Jungbluth, T., (2013). Investigation of the Methane Potential of Horse Manure. Agricultural Engineering International: CIGR Journal, Vol. 15, No. 2"
Manure,stored horse Manure with flax bedding,agricultural,,,17.09,,8.6,78,167,26.43,84.63866818,,,,,88,,,,laboratory,0.36,0.64,0.562,batch,,,no,,no,,yes,,no,,,,,,yes,,1,,,,,,,,,,,,mesophilic,37,HRT = 35,,,,,,,,,,,,,,,"M├Ânch-Tegeder, M., Lemmer, A., Oechsner, H., Jungbluth, T., (2013). Investigation of the Methane Potential of Horse Manure. Agricultural Engineering International: CIGR Journal, Vol. 15, No. 2"
Manure,stored horse Manure with Wood-pellets bedding,agricultural,,,14.21,,,71,231,76.7,88.01825293,,,,,102,,,,laboratory,0.36,0.64,0.562,batch,,,no,,no,,yes,,no,,,,,,yes,,1,,,,,,,,,,,,mesophilic,37,HRT = 35,,,,,,,,,,,,,,,"M├Ânch-Tegeder, M., Lemmer, A., Oechsner, H., Jungbluth, T., (2013). Investigation of the Methane Potential of Horse Manure. Agricultural Engineering International: CIGR Journal, Vol. 15, No. 2"
Other lignocellulosic biomass,albizia Leaves,agricultural,,49.7,5.1,,5.9,7.4,26.9,36.5,93.7,,,,,161,,,,laboratory,0.8,0.2,4,batch,,,no,,no,,yes,100,,,,,yes,3,yes,,,,,,,,,,,,,,mesophilic,37,HRT = 24,,,,,,,,,,,,,,,"Ge, X., Matsumoto, T., Keith, L., Li, Y. 2014. Biogas energy production from tropical biomass wastes by anaerobic digestion. Bioresource Technology, 169(0), 38-44."
Wood,albizia chips,agricultural,,45.1,0.9,,0.2,3.1,28.1,56.2,98.3,,,,,113,,,,laboratory,0.8,0.2,4,batch,,,no,,no,,yes,100,,,,,yes,3,yes,,,,,,,,,,,,,,mesophilic,37,HRT = 24,,,,,,,,,,,,,,,"Ge, X., Matsumoto, T., Keith, L., Li, Y. 2014. Biogas energy production from tropical biomass wastes by anaerobic digestion. Bioresource Technology, 169(0), 38-44."
OFMSW,Taro skin,agricultural,,47.5,2,,0.2,3.5,13,14.8,83.5,,,,,384,,,,laboratory,0.8,0.2,4,batch,,,no,,no,,yes,100,,,,,yes,3,yes,,,,,,,,,,,,,,mesophilic,37,HRT = 24,,,,,,,,,,,,,,,"Ge, X., Matsumoto, T., Keith, L., Li, Y. 2014. Biogas energy production from tropical biomass wastes by anaerobic digestion. Bioresource Technology, 169(0), 38-44."
OFMSW,Taro flesh,agricultural,,47.9,1,,0,1.8,3.1,21.1,98,,,,,350,,,,laboratory,0.8,0.2,4,batch,,,no,,no,,yes,100,,,,,yes,3,yes,,,,,,,,,,,,,,mesophilic,37,HRT = 24,,,,,,,,,,,,,,,"Ge, X., Matsumoto, T., Keith, L., Li, Y. 2014. Biogas energy production from tropical biomass wastes by anaerobic digestion. Bioresource Technology, 169(0), 38-44."
OFMSW,papaya,agricultural,,52,4.2,,2.9,4.6,5.1,10.7,92.4,,,,,360,,,,laboratory,0.8,0.2,4,batch,,,no,,no,,yes,100,,,,,yes,3,yes,,,,,,,,,,,,,,mesophilic,37,HRT = 24,,,,,,,,,,,,,,,"Ge, X., Matsumoto, T., Keith, L., Li, Y. 2014. Biogas energy production from tropical biomass wastes by anaerobic digestion. Bioresource Technology, 169(0), 38-44."
OFMSW,sweet Potato,agricultural,,44.8,1,,0.3,1.7,3.1,35.5,97.6,,,,,345,,,,laboratory,0.8,0.2,4,batch,,,no,,no,,yes,100,,,,,yes,3,yes,,,,,,,,,,,,,,mesophilic,37,HRT = 24,,,,,,,,,,,,,,,"Ge, X., Matsumoto, T., Keith, L., Li, Y. 2014. Biogas energy production from tropical biomass wastes by anaerobic digestion. Bioresource Technology, 169(0), 38-44."
MSW,municipal solid waste,municipal,,,,,,,,,,,,,,360,,,,,,,,,,,,,,,,,,,,,,,,,,,,,,,,,,,,,thermophilic,55,,,,,,,,,,,,,,,,"Khalid, A., Arshad, M., Anjum, M., Mahmood, T., Dawson, L. 2011. The anaerobic digestion of solid organic waste. Waste Management, 31(8), 1737-1744."
OFMSW,Fruit and vegetable wastes,municipal,,,,,,,,,,,,,,420,,,,,,,,,,,,,,,,,,,,,,,,,,,,,,,,,,,,,,,,,,,,,,,,,,,,,,"Khalid, A., Arshad, M., Anjum, M., Mahmood, T., Dawson, L. 2011. The anaerobic digestion of solid organic waste. Waste Management, 31(8), 1737-1744."
MSW,municipal solid waste,municipal,,,,,,,,,,,,,,530,,,,,,,,,,,,,,,,,,,,,,,,,,,,,,,,,,,,,,,,,,,,,,,,,,,,,,"Khalid, A., Arshad, M., Anjum, M., Mahmood, T., Dawson, L. 2011. The anaerobic digestion of solid organic waste. Waste Management, 31(8), 1737-1744."
Manure,swine Manure,agricultural,,,,,,,,,,,,,,337,,,,,,,,,,,,,,,,,,,,,,,,,,,,,,,,,,,,,,,,,,,,,,,,,,,,,,"Khalid, A., Arshad, M., Anjum, M., Mahmood, T., Dawson, L. 2011. The anaerobic digestion of solid organic waste. Waste Management, 31(8), 1737-1744."
MSW,municipal solid waste,municipal,,,,,,,,,,,,,,200,,,,,,,,,,,,,,,,,,,,,,,,,,,,,,,,,,,,,,,,,,,,,,,,,,,,,,"Khalid, A., Arshad, M., Anjum, M., Mahmood, T., Dawson, L. 2011. The anaerobic digestion of solid organic waste. Waste Management, 31(8), 1737-1744."
OFMSW,food waste leachate,municipal,,,,,,,,,,,,,,294,,,,,,,,,,,,,,,,,,,,,,,,,,,,,,,,,,,,,,,,,,,,,,,,,,,,,,"Khalid, A., Arshad, M., Anjum, M., Mahmood, T., Dawson, L. 2011. The anaerobic digestion of solid organic waste. Waste Management, 31(8), 1737-1744."
Straw,rice Straw,agricultural,,,,,,,,,,,,,,350,,,,,,,,,,,,,,,,,,,,,,,,,,,,,,,,,,,,,,,,,,,,,,,,,,,,,,"Khalid, A., Arshad, M., Anjum, M., Mahmood, T., Dawson, L. 2011. The anaerobic digestion of solid organic waste. Waste Management, 31(8), 1737-1744."
Other lignocellulosic biomass,jatropha oil seed cake,agricultural,,,,,,,,,,,,,,422,,,,,,,,,,,,,,,,,,,,,,,,,,,,,,,,,,,,,,,,,,,,,,,,,,,,,,"Khalid, A., Arshad, M., Anjum, M., Mahmood, T., Dawson, L. 2011. The anaerobic digestion of solid organic waste. Waste Management, 31(8), 1737-1744."
Other lignocellulosic biomass,Palm oil mill waste,agricultural,,,,,,,,,,,,,,610,,,,,,,,,,,,,,,,,,,,,,,,,,,,,,,,,,,,,,,,,,,,,,,,,,,,,,"Khalid, A., Arshad, M., Anjum, M., Mahmood, T., Dawson, L. 2011. The anaerobic digestion of solid organic waste. Waste Management, 31(8), 1737-1744."
OFMSW,household waste,municipal,,,,,,,,,,,,,,350,,,,,,,,,,,,,,,,,,,,,,,,,,,,,,,,,,,,,,,,,,,,,,,,,,,,,,"Khalid, A., Arshad, M., Anjum, M., Mahmood, T., Dawson, L. 2011. The anaerobic digestion of solid organic waste. Waste Management, 31(8), 1737-1744."
Other lignocellulosic biomass,lignin-rich organic waste,agricultural,,,,,,,,,,,,,,200,,,,,,,,,,,,,,,,,,,,,,,,,,,,,,,,,,,,,,,,,,,,,,,,,,,,,,"Khalid, A., Arshad, M., Anjum, M., Mahmood, T., Dawson, L. 2011. The anaerobic digestion of solid organic waste. Waste Management, 31(8), 1737-1744."
OFMSW,food waste,municipal,,,,,,,,,,,,,,396,,,,,,,,,,,,,,,,,,,,,,,,,,,,,,,,,,,,,,,,,,,,,,,,,,,,,,"Khalid, A., Arshad, M., Anjum, M., Mahmood, T., Dawson, L. 2011. The anaerobic digestion of solid organic waste. Waste Management, 31(8), 1737-1744."
OFMSW,Fruit and vegetable wastes,municipal,,,,,,,,,,,,,,160,,1.06,,,,,,batch,,,,,,,,,,,,,,,,,,,,,,,,,,,,,,,HRT = 47,,,,,,,,,,,,,,,"Bouallagui, H., Touhami, Y., Ben Cheikh, R., Hamdi, M. 2005. Bioreactor performance in anaerobic digestion of fruit and vegetable wastes. Process Biochemistry, 40(3ÔÇô4), 989-995."
OFMSW,Fruit and vegetable wastes,municipal,,,,,,,,,,,,,,260,,0.9,,,,,,batch,,,,,,,,,,,,,,,,,,,,,,,,,,,,,,,HRT = 32,,,,,,,,,,,,,,,"Bouallagui, H., Touhami, Y., Ben Cheikh, R., Hamdi, M. 2005. Bioreactor performance in anaerobic digestion of fruit and vegetable wastes. Process Biochemistry, 40(3ÔÇô4), 989-995."
OFMSW,Fruit and vegetable wastes,municipal,,,,,,,,,,,,,,470,,1.6,,,,,,semicontinuous,,,,,,,,,,,,,,,,,,,,,,,,,,,,,,,HRT = 20,,,,,,,,,,,,,,,"Bouallagui, H., Touhami, Y., Ben Cheikh, R., Hamdi, M. 2005. Bioreactor performance in anaerobic digestion of fruit and vegetable wastes. Process Biochemistry, 40(3ÔÇô4), 989-995."
OFMSW,Fruit and vegetable wastes,municipal,,,,,,,,,,,,,,370,,3.6,,,,,,semicontinuous,,,,,,,,,,,,,,,,,,,,,,,,,,,,,,,HRT = 23,,,,,,,,,,,,,,,"Bouallagui, H., Touhami, Y., Ben Cheikh, R., Hamdi, M. 2005. Bioreactor performance in anaerobic digestion of fruit and vegetable wastes. Process Biochemistry, 40(3ÔÇô4), 989-995."
Manure,dairy Manure,agricultural,7.24,,,,,,,,,,,,307000,90.8,,,,laboratory,0.126,0.124,1.02,batch,,,no,,no,,,,no,,,,,,,,,,,,,,,,,,,,mesophilic,35,HRT = 69,,,,,,,,,,,,,,,"Lisboa, M.S., Lansing, S. 2013. Characterizing food waste substrates for co-digestion through biochemical methane potential (BMP) experiments. Waste Management, 33(12), 2664-2669."
OFMSW,hand sorted OFMSW,municipal,,,,,,,,,,,,,,390,,1,,laboratory,,,,semicontinuous,,,,,,,,,,,,,,,,,,,,,,,,,,,,,mesophilic,35,,,,,,,,,,,,,,,,"Nallathambi Gunaseelan, V. 1997. Anaerobic digestion of biomass for methane production: A review. Biomass and Bioenergy, 13(1ÔÇô2), 83-114."
OFMSW,hand sorted OFMSW,municipal,,,,,,,,,,,,,,360,,1.5,,laboratory,,,,semicontinuous,,,,,,,,,,,,,,,,,,,,,,,,,,,,,mesophilic,35,,,,,,,,,,,,,,,,"Nallathambi Gunaseelan, V. 1997. Anaerobic digestion of biomass for methane production: A review. Biomass and Bioenergy, 13(1ÔÇô2), 83-114."
OFMSW,hand sorted OFMSW,municipal,,,,,,,,,,,,,,430,,2,,laboratory,,,,semicontinuous,,,,,,,,,,,,,,,,,,,,,,,,,,,,,mesophilic,35,,,,,,,,,,,,,,,,"Nallathambi Gunaseelan, V. 1997. Anaerobic digestion of biomass for methane production: A review. Biomass and Bioenergy, 13(1ÔÇô2), 83-114."
OFMSW,hand sorted OFMSW,municipal,,,,,,,,,,,,,,430,,4,,laboratory,,,,semicontinuous,,,,,,,,,,,,,,,,,,,,,,,,,,,,,mesophilic,35,,,,,,,,,,,,,,,,"Nallathambi Gunaseelan, V. 1997. Anaerobic digestion of biomass for methane production: A review. Biomass and Bioenergy, 13(1ÔÇô2), 83-114."
OFMSW,hand sorted OFMSW,municipal,,,,,,,,6.4,89.9,,,,,390,,,,pilot,,,,semicontinuous,,,,,,,,,,,,,,,,,,,,,,,,,,,,,mesophilic,,,,,,,,,,,,,,,,,"Nallathambi Gunaseelan, V. 1997. Anaerobic digestion of biomass for methane production: A review. Biomass and Bioenergy, 13(1ÔÇô2), 83-114."
OFMSW,mechanicaly sorted OFMSW,municipal,,,,,,,,,79.7,,,,,222,,,,,,,,batch,,,,,,,,,,,,,,,,,,,,,,,,,,,,,mesophilic,35,,,,,,,,,,,,,,,,"Nallathambi Gunaseelan, V. 1997. Anaerobic digestion of biomass for methane production: A review. Biomass and Bioenergy, 13(1ÔÇô2), 83-114."
OFMSW,mechanicaly sorted OFMSW,municipal,,,,,,,,,84.1,,,,,215,,,,,,,,batch,,,,,,,,,,,,,,,,,,,,,,,,,,,,,mesophilic,35,,,,,,,,,,,,,,,,"Nallathambi Gunaseelan, V. 1997. Anaerobic digestion of biomass for methane production: A review. Biomass and Bioenergy, 13(1ÔÇô2), 83-114."
OFMSW,hand sorted OFMSW,municipal,,,,,,,,,92.5,,,,,205,,,,,,,,batch,,,,,,,,,,,,,,,,,,,,,,,,,,,,,mesophilic,35,,,,,,,,,,,,,,,,"Nallathambi Gunaseelan, V. 1997. Anaerobic digestion of biomass for methane production: A review. Biomass and Bioenergy, 13(1ÔÇô2), 83-114."
MSW,Grass,municipal,,,,,,,,,88.1,,,,,209,,,,,,,,batch,,,,,,,,,,,,,,,,,,,,,,,,,,,,,mesophilic,35,,,,,,,,,,,,,,,,"Nallathambi Gunaseelan, V. 1997. Anaerobic digestion of biomass for methane production: A review. Biomass and Bioenergy, 13(1ÔÇô2), 83-114."
MSW,Leaves,municipal,,,,,,,,,95,,,,,123,,,,,,,,batch,,,,,,,,,,,,,,,,,,,,,,,,,,,,,mesophilic,35,,,,,,,,,,,,,,,,"Nallathambi Gunaseelan, V. 1997. Anaerobic digestion of biomass for methane production: A review. Biomass and Bioenergy, 13(1ÔÇô2), 83-114."
MSW,Branches,municipal,,,,,,,,,93.9,,,,,134,,,,,,,,batch,,,,,,,,,,,,,,,,,,,,,,,,,,,,,mesophilic,35,,,,,,,,,,,,,,,,"Nallathambi Gunaseelan, V. 1997. Anaerobic digestion of biomass for methane production: A review. Biomass and Bioenergy, 13(1ÔÇô2), 83-114."
MSW,blend,municipal,,,,,,,,,92,,,,,143,,,,,,,,batch,,,,,,,,,,,,,,,,,,,,,,,,,,,,,mesophilic,35,,,,,,,,,,,,,,,,"Nallathambi Gunaseelan, V. 1997. Anaerobic digestion of biomass for methane production: A review. Biomass and Bioenergy, 13(1ÔÇô2), 83-114."
Paper,office Paper,industrial,,,,,,,,,92.7,,,,,369,,,,laboratory,,,,batch,,,,,,,,,,,,,,,,,,,,,,,,,,,,,mesophilic,35,,,,,,,,,,,,,,,,"Nallathambi Gunaseelan, V. 1997. Anaerobic digestion of biomass for methane production: A review. Biomass and Bioenergy, 13(1ÔÇô2), 83-114."
Paper,corrugated Paper,industrial,,,,,,,,,97.7,,,,,278,,,,laboratory,,,,batch,,,,,,,,,,,,,,,,,,,,,,,,,,,,,mesophilic,35,,,,,,,,,,,,,,,,"Nallathambi Gunaseelan, V. 1997. Anaerobic digestion of biomass for methane production: A review. Biomass and Bioenergy, 13(1ÔÇô2), 83-114."
Paper,printed newsPaper,industrial,,,,,,,,,97.6,,,,,100,,,,laboratory,,,,batch,,,,,,,,,,,,,,,,,,,,,,,,,,,,,mesophilic,35,,,,,,,,,,,,,,,,"Nallathambi Gunaseelan, V. 1997. Anaerobic digestion of biomass for methane production: A review. Biomass and Bioenergy, 13(1ÔÇô2), 83-114."
Paper,unprinted newsPaper,industrial,,,,,,,,,97.9,,,,,84,,,,laboratory,,,,batch,,,,,,,,,,,,,,,,,,,,,,,,,,,,,mesophilic,35,,,,,,,,,,,,,,,,"Nallathambi Gunaseelan, V. 1997. Anaerobic digestion of biomass for methane production: A review. Biomass and Bioenergy, 13(1ÔÇô2), 83-114."
Paper,magazine,industrial,,,,,,,,,78.1,,,,,203,,,,laboratory,,,,batch,,,,,,,,,,,,,,,,,,,,,,,,,,,,,mesophilic,35,,,,,,,,,,,,,,,,"Nallathambi Gunaseelan, V. 1997. Anaerobic digestion of biomass for methane production: A review. Biomass and Bioenergy, 13(1ÔÇô2), 83-114."
WW sludge,wastewater sludge at short HRT,municipal,,,,,,,,,,,,,,354,,1.7,,pilot,200,50,4,semicontinuous,,,,,,,,,,,,,,,,,,,,,,,,,,,,,mesophilic,35,HRT = 18,,,,,,,,,,,,25600,,,"Ramos, I., Fdz-Polanco, M. 2013. The potential of oxygen to improve the stability of anaerobic reactors during unbalanced conditions: Results from a pilot-scale digester treating sewage sludge. Bioresource Technology, 140(0), 80-85."
WW sludge,wastewater sludge at short HRT,municipal,,,,,,,,,,,,,,352,,2.1,,pilot,200,50,4,semicontinuous,,,,,,,,,,,,,,,,,,,,,,,,,,,,,mesophilic,35,HRT = 14,,,,,,,,,,,,26000,,,"Ramos, I., Fdz-Polanco, M. 2013. The potential of oxygen to improve the stability of anaerobic reactors during unbalanced conditions: Results from a pilot-scale digester treating sewage sludge. Bioresource Technology, 140(0), 80-85."
WW sludge,wastewater sludge at short HRT,municipal,,,,,,,,,,,,,,342,,1.9,,pilot,200,50,4,semicontinuous,,,,,,,,,,,,,,,,,,,,,,,,,,,,,mesophilic,35,HRT = 14,,,,,,,,,,,,24400,,,"Ramos, I., Fdz-Polanco, M. 2013. The potential of oxygen to improve the stability of anaerobic reactors during unbalanced conditions: Results from a pilot-scale digester treating sewage sludge. Bioresource Technology, 140(0), 80-85."
Triticale,Triticale,agricultural,,,,,,,,,,solid,,,,340,,,,,,,,batch,,,,,,,,,,,,,,,,,,,,,,,,,,,,,mesophilic,37,HRT = 47,,,,,,,,,,,,,,,"Antognoni, S., Ragazzi, M., Rada, E.C., Plank, R., Aichinger, P., Kuprian, M., Ebner, C. 2013. Potential Effects of Mechanical Pre-treatments on Methane Yield from Solid Waste Anaerobically Digested. International Journal of Environmental Bioremediation & Biodegradation, 1(1), 20-25."
Triticale,Triticale Silage harvester,agricultural,,,,,,,,,,solid,,,,324,,,,,,,,batch,,,,,,,,,,,,,,,,,,,,,,,,,,,,,mesophilic,37,HRT = 47,,,,,,,,,,,,,,,"Antognoni, S., Ragazzi, M., Rada, E.C., Plank, R., Aichinger, P., Kuprian, M., Ebner, C. 2013. Potential Effects of Mechanical Pre-treatments on Methane Yield from Solid Waste Anaerobically Digested. International Journal of Environmental Bioremediation & Biodegradation, 1(1), 20-25."
Triticale,Triticale - chopped,agricultural,,,,,,,,,,solid,,,,340,,,,,,,,batch,,,,,,,,,,,,,,,,,,,,,,,,,,,,,mesophilic,37,HRT = 47,,,,,,,,,,,,,,,"Antognoni, S., Ragazzi, M., Rada, E.C., Plank, R., Aichinger, P., Kuprian, M., Ebner, C. 2013. Potential Effects of Mechanical Pre-treatments on Methane Yield from Solid Waste Anaerobically Digested. International Journal of Environmental Bioremediation & Biodegradation, 1(1), 20-25."
WW sludge,WW sludge,municipal,,,,,,,,,76,liquid,,,,,221,,,laboratory,,,,batch,,,no,,no,,yes,200,no,,,,,,no,0.0363,,,,,,,,,,,,,mesophilic,35,HRT = 24,,,,,,,,,,,,,,,"Bougrier, C., Albasi, C., Delgenes, J.P., Carrere, H. 2006. Effect of ultrasonic, thermal and ozone pre-treatments on WW sludge solubilisation and anaerobic biodegradability. Chemical Engineering and Processing, 45(8), 711-718."
WW sludge,WW sludge,municipal,,,,,,,,,76,liquid,,physical,,,325,,,laboratory,,,,batch,,,no,,no,,yes,200,no,,,,,,yes,0.0107,,,,,,,,,,,,,mesophilic,35,HRT = 24,,,,,,,,,,,,,,,"Bougrier, C., Albasi, C., Delgenes, J.P., Carrere, H. 2006. Effect of ultrasonic, thermal and ozone pre-treatments on WW sludge solubilisation and anaerobic biodegradability. Chemical Engineering and Processing, 45(8), 711-718."
WW sludge,WW sludge,municipal,,,,,,,,,76,liquid,,physical,,,334,,,laboratory,,,,batch,,,no,,no,,yes,200,no,,,,,,yes,0.0096,,,,,,,,,,,,,mesophilic,35,HRT = 24,,,,,,,,,,,,,,,"Bougrier, C., Albasi, C., Delgenes, J.P., Carrere, H. 2006. Effect of ultrasonic, thermal and ozone pre-treatments on WW sludge solubilisation and anaerobic biodegradability. Chemical Engineering and Processing, 45(8), 711-718."
WW sludge,WW sludge,municipal,,,,,,,,,76,liquid,,chemical,,,246,,,laboratory,,,,batch,,,no,,no,,yes,200,no,,,,,,yes,0.0332,,,,,,,,,,,,,mesophilic,35,HRT = 24,,,,,,,,,,,,,,,"Bougrier, C., Albasi, C., Delgenes, J.P., Carrere, H. 2006. Effect of ultrasonic, thermal and ozone pre-treatments on WW sludge solubilisation and anaerobic biodegradability. Chemical Engineering and Processing, 45(8), 711-718."
WW sludge,WW sludge,municipal,,,,,,,,,76,liquid,,chemical,,,272,,,laboratory,,,,batch,,,no,,no,,yes,200,no,,,,,,yes,0.0326,,,,,,,,,,,,,mesophilic,35,HRT = 24,,,,,,,,,,,,,,,"Bougrier, C., Albasi, C., Delgenes, J.P., Carrere, H. 2006. Effect of ultrasonic, thermal and ozone pre-treatments on WW sludge solubilisation and anaerobic biodegradability. Chemical Engineering and Processing, 45(8), 711-718."
WW sludge,WW sludge,municipal,,,,,,,,,76,liquid,,unspecified,,,333,,,laboratory,,,,batch,,,no,,no,,yes,200,no,,,,,,yes,0.0768,,,,,,,,,,,,,mesophilic,35,HRT = 24,,,,,,,,,,,,,,,"Bougrier, C., Albasi, C., Delgenes, J.P., Carrere, H. 2006. Effect of ultrasonic, thermal and ozone pre-treatments on WW sludge solubilisation and anaerobic biodegradability. Chemical Engineering and Processing, 45(8), 711-718."
WW sludge,WW sludge,municipal,,,,,,,,,76,liquid,,unspecified,,,328,,,laboratory,,,,batch,,,no,,no,,yes,200,no,,,,,,yes,0.0771,,,,,,,,,,,,,mesophilic,35,HRT = 24,,,,,,,,,,,,,,,"Bougrier, C., Albasi, C., Delgenes, J.P., Carrere, H. 2006. Effect of ultrasonic, thermal and ozone pre-treatments on WW sludge solubilisation and anaerobic biodegradability. Chemical Engineering and Processing, 45(8), 711-718."
Sorghum,ensiled sorgum forage,agricultural,,,,,,,,93,86.6,solid,,,,269,,,,laboratory,0.5,0.5,1,batch,,,no,,no,,yes,,,,,,yes,7,,,,,,,,,,,,,,,mesophilic,35,HRT = 31,,,,,,,,,,,,,,,"Sambusiti, C., Monlau, F., Ficara, E., Carr├¿re, H., Malpei, F. 2013. A comparison of different pre-treatments to increase methane production from two agricultural substrates. Applied Energy, 104(0), 62-70."
Sorghum,ensiled sorgum forage,agricultural,,,,,,,,93,86.6,solid,,chemical-unspecified,,346,,,,laboratory,0.5,0.5,1,batch,,,no,,no,,yes,,,,,,yes,7,,,,,,,,,,,,,,,mesophilic,35,HRT = 31,,,,,,,,,,,,,,,"Sambusiti, C., Monlau, F., Ficara, E., Carr├¿re, H., Malpei, F. 2013. A comparison of different pre-treatments to increase methane production from two agricultural substrates. Applied Energy, 104(0), 62-70."
Sorghum,ensiled sorgum forage,agricultural,,,,,,,,93,86.6,solid,,chemical-unspecified,,361,,,,laboratory,0.5,0.5,1,batch,,,no,,no,,yes,,,,,,yes,7,,,,,,,,,,,,,,,mesophilic,35,HRT = 31,,,,,,,,,,,,,,,"Sambusiti, C., Monlau, F., Ficara, E., Carr├¿re, H., Malpei, F. 2013. A comparison of different pre-treatments to increase methane production from two agricultural substrates. Applied Energy, 104(0), 62-70."
Straw,Wheat Straw,agricultural,,,,,,,,94,92.7,solid,,,,204,,,,laboratory,0.5,0.5,1,batch,,,no,,no,,yes,,,,,,yes,7,,,,,,,,,,,,,,,mesophilic,35,HRT = 31,,,,,,,,,,,,,,,"Sambusiti, C., Monlau, F., Ficara, E., Carr├¿re, H., Malpei, F. 2013. A comparison of different pre-treatments to increase methane production from two agricultural substrates. Applied Energy, 104(0), 62-70."
Straw,Wheat Straw,agricultural,,,,,,,,94,92.7,solid,,chemical-unspecified,,291,,,,laboratory,0.5,0.5,1,batch,,,no,,no,,yes,,,,,,yes,7,,,,,,,,,,,,,,,mesophilic,35,HRT = 31,,,,,,,,,,,,,,,"Sambusiti, C., Monlau, F., Ficara, E., Carr├¿re, H., Malpei, F. 2013. A comparison of different pre-treatments to increase methane production from two agricultural substrates. Applied Energy, 104(0), 62-70."
Straw,Wheat Straw,agricultural,,,,,,,,94,92.7,solid,,chemical-unspecified,,302,,,,laboratory,0.5,0.5,1,batch,,,no,,no,,yes,,,,,,yes,7,,,,,,,,,,,,,,,mesophilic,35,HRT = 31,,,,,,,,,,,,,,,"Sambusiti, C., Monlau, F., Ficara, E., Carr├¿re, H., Malpei, F. 2013. A comparison of different pre-treatments to increase methane production from two agricultural substrates. Applied Energy, 104(0), 62-70."
Straw,Wheat Straw,agricultural,,,,,,,,94,92.7,solid,,chemical-unspecified,,341,,,,laboratory,0.5,0.5,1,batch,,,,,,,,,,,,,,,,,,,,,,,,,,,,,,,,,,,,,,,,,,,,,,"Gunaseelan, V.N. 2004. Biochemical methane potential of fruits and vegetable solid waste feedstocks. Biomass and Bioenergy, 26(4), 389-399."
OFMSW,mango peels,municipal,,,,,,,,,98.4,solid,,,,373,,,,,,,,batch,,,,,,,,,,,,,,,,,,,,,,,,,,,,,mesophilic,28,HRT = 100,,,,,,,,,,,,,,,"Gunaseelan, V.N. 2004. Biochemical methane potential of fruits and vegetable solid waste feedstocks. Biomass and Bioenergy, 26(4), 389-399."
OFMSW,mango peels,municipal,,,,,,,,,98.4,solid,,,,370,,,,,,,,batch,,,,,,,,,,,,,,,,,,,,,,,,,,,,,mesophilic,35,HRT = 100,,,,,,,,,,,,,,,"Gunaseelan, V.N. 2004. Biochemical methane potential of fruits and vegetable solid waste feedstocks. Biomass and Bioenergy, 26(4), 389-399."
OFMSW,mango peels,municipal,,,,,,,,,97.4,solid,,,,449,,,,,,,,batch,,,,,,,,,,,,,,,,,,,,,,,,,,,,,mesophilic,28,HRT = 100,,,,,,,,,,,,,,,"Gunaseelan, V.N. 2004. Biochemical methane potential of fruits and vegetable solid waste feedstocks. Biomass and Bioenergy, 26(4), 389-399."
OFMSW,mango peels,municipal,,,,,,,,,97.4,solid,,,,467,,,,,,,,batch,,,,,,,,,,,,,,,,,,,,,,,,,,,,,mesophilic,35,HRT = 100,,,,,,,,,,,,,,,"Gunaseelan, V.N. 2004. Biochemical methane potential of fruits and vegetable solid waste feedstocks. Biomass and Bioenergy, 26(4), 389-399."
OFMSW,mango peels,municipal,,,,,,,,,94.4,solid,,,,440,,,,,,,,batch,,,,,,,,,,,,,,,,,,,,,,,,,,,,,mesophilic,28,HRT = 100,,,,,,,,,,,,,,,"Gunaseelan, V.N. 2004. Biochemical methane potential of fruits and vegetable solid waste feedstocks. Biomass and Bioenergy, 26(4), 389-399."
OFMSW,mango peels,municipal,,,,,,,,,94.4,solid,,,,472,,,,,,,,batch,,,,,,,,,,,,,,,,,,,,,,,,,,,,,mesophilic,35,HRT = 100,,,,,,,,,,,,,,,"Gunaseelan, V.N. 2004. Biochemical methane potential of fruits and vegetable solid waste feedstocks. Biomass and Bioenergy, 26(4), 389-399."
OFMSW,mango peels,municipal,,,,,,,,,88.9,solid,,,,514,,,,,,,,batch,,,,,,,,,,,,,,,,,,,,,,,,,,,,,mesophilic,28,HRT = 100,,,,,,,,,,,,,,,"Gunaseelan, V.N. 2004. Biochemical methane potential of fruits and vegetable solid waste feedstocks. Biomass and Bioenergy, 26(4), 389-399."
OFMSW,mango peels,municipal,,,,,,,,,88.9,solid,,,,523,,,,,,,,batch,,,,,,,,,,,,,,,,,,,,,,,,,,,,,mesophilic,35,HRT = 100,,,,,,,,,,,,,,,"Gunaseelan, V.N. 2004. Biochemical methane potential of fruits and vegetable solid waste feedstocks. Biomass and Bioenergy, 26(4), 389-399."
OFMSW,mango peels,municipal,,,,,,,,,97.9,solid,,,,469,,,,,,,,batch,,,,,,,,,,,,,,,,,,,,,,,,,,,,,mesophilic,28,HRT = 100,,,,,,,,,,,,,,,"Gunaseelan, V.N. 2004. Biochemical methane potential of fruits and vegetable solid waste feedstocks. Biomass and Bioenergy, 26(4), 389-399."
OFMSW,mango peels,municipal,,,,,,,,,97.9,solid,,,,490,,,,,,,,batch,,,,,,,,,,,,,,,,,,,,,,,,,,,,,mesophilic,35,HRT = 100,,,,,,,,,,,,,,,"Gunaseelan, V.N. 2004. Biochemical methane potential of fruits and vegetable solid waste feedstocks. Biomass and Bioenergy, 26(4), 389-399."
OFMSW,mango peels,municipal,,,,,,,,,98.3,solid,,,,448,,,,,,,,batch,,,,,,,,,,,,,,,,,,,,,,,,,,,,,mesophilic,28,HRT = 100,,,,,,,,,,,,,,,"Gunaseelan, V.N. 2004. Biochemical methane potential of fruits and vegetable solid waste feedstocks. Biomass and Bioenergy, 26(4), 389-399."
OFMSW,mango peels,municipal,,,,,,,,,98.3,solid,,,,448,,,,,,,,batch,,,,,,,,,,,,,,,,,,,,,,,,,,,,,mesophilic,35,HRT = 100,,,,,,,,,,,,,,,"Gunaseelan, V.N. 2004. Biochemical methane potential of fruits and vegetable solid waste feedstocks. Biomass and Bioenergy, 26(4), 389-399."
OFMSW,mango peels,municipal,,,,,,,,,97.4,solid,,,,403,,,,,,,,batch,,,,,,,,,,,,,,,,,,,,,,,,,,,,,mesophilic,28,HRT = 100,,,,,,,,,,,,,,,"Gunaseelan, V.N. 2004. Biochemical methane potential of fruits and vegetable solid waste feedstocks. Biomass and Bioenergy, 26(4), 389-399."
OFMSW,mango peels,municipal,,,,,,,,,97.4,solid,,,,412,,,,,,,,batch,,,,,,,,,,,,,,,,,,,,,,,,,,,,,mesophilic,35,HRT = 100,,,,,,,,,,,,,,,"Gunaseelan, V.N. 2004. Biochemical methane potential of fruits and vegetable solid waste feedstocks. Biomass and Bioenergy, 26(4), 389-399."
OFMSW,Banana peels,municipal,,,,,,,,,86.9,solid,,,,277,,,,,,,,batch,,,,,,,,,,,,,,,,,,,,,,,,,,,,,mesophilic,35,HRT = 100,,,,,,,,,,,,,,,"Gunaseelan, V.N. 2004. Biochemical methane potential of fruits and vegetable solid waste feedstocks. Biomass and Bioenergy, 26(4), 389-399."
OFMSW,Banana peels,municipal,,,,,,,,,93.7,solid,,,,321,,,,,,,,batch,,,,,,,,,,,,,,,,,,,,,,,,,,,,,mesophilic,35,HRT = 100,,,,,,,,,,,,,,,"Gunaseelan, V.N. 2004. Biochemical methane potential of fruits and vegetable solid waste feedstocks. Biomass and Bioenergy, 26(4), 389-399."
OFMSW,Banana peels,municipal,,,,,,,,,89.4,solid,,,,284,,,,,,,,batch,,,,,,,,,,,,,,,,,,,,,,,,,,,,,mesophilic,35,HRT = 100,,,,,,,,,,,,,,,"Gunaseelan, V.N. 2004. Biochemical methane potential of fruits and vegetable solid waste feedstocks. Biomass and Bioenergy, 26(4), 389-399."
OFMSW,Banana peels,municipal,,,,,,,,,89.7,solid,,,,322,,,,,,,,batch,,,,,,,,,,,,,,,,,,,,,,,,,,,,,mesophilic,35,HRT = 100,,,,,,,,,,,,,,,"Gunaseelan, V.N. 2004. Biochemical methane potential of fruits and vegetable solid waste feedstocks. Biomass and Bioenergy, 26(4), 389-399."
OFMSW,Banana peels,municipal,,,,,,,,,91.4,solid,,,,300,,,,,,,,batch,,,,,,,,,,,,,,,,,,,,,,,,,,,,,mesophilic,35,HRT = 100,,,,,,,,,,,,,,,"Gunaseelan, V.N. 2004. Biochemical methane potential of fruits and vegetable solid waste feedstocks. Biomass and Bioenergy, 26(4), 389-399."
OFMSW,Banana peels,municipal,,,,,,,,,94.3,solid,,,,274,,,,,,,,batch,,,,,,,,,,,,,,,,,,,,,,,,,,,,,mesophilic,35,HRT = 100,,,,,,,,,,,,,,,"Gunaseelan, V.N. 2004. Biochemical methane potential of fruits and vegetable solid waste feedstocks. Biomass and Bioenergy, 26(4), 389-399."
OFMSW,Banana peels,municipal,,,,,,,,,91.7,solid,,,,314,,,,,,,,batch,,,,,,,,,,,,,,,,,,,,,,,,,,,,,mesophilic,35,HRT = 100,,,,,,,,,,,,,,,"Gunaseelan, V.N. 2004. Biochemical methane potential of fruits and vegetable solid waste feedstocks. Biomass and Bioenergy, 26(4), 389-399."
OFMSW,Banana peels,municipal,,,,,,,,,92.3,solid,,,,243,,,,,,,,batch,,,,,,,,,,,,,,,,,,,,,,,,,,,,,mesophilic,35,HRT = 100,,,,,,,,,,,,,,,"Gunaseelan, V.N. 2004. Biochemical methane potential of fruits and vegetable solid waste feedstocks. Biomass and Bioenergy, 26(4), 389-399."
OFMSW,citrus sinesis peels,municipal,,,,,,,,,94.7,solid,,,,455,,,,,,,,batch,,,,,,,,,,,,,,,,,,,,,,,,,,,,,mesophilic,35,HRT = 100,,,,,,,,,,,,,,,"Gunaseelan, V.N. 2004. Biochemical methane potential of fruits and vegetable solid waste feedstocks. Biomass and Bioenergy, 26(4), 389-399."
OFMSW,citrus sinesis pressings,municipal,,,,,,,,,92.3,solid,,,,502,,,,,,,,batch,,,,,,,,,,,,,,,,,,,,,,,,,,,,,mesophilic,35,HRT = 100,,,,,,,,,,,,,,,"Gunaseelan, V.N. 2004. Biochemical methane potential of fruits and vegetable solid waste feedstocks. Biomass and Bioenergy, 26(4), 389-399."
OFMSW,Mandarin peels,municipal,,,,,,,,,97.3,solid,,,,486,,,,,,,,batch,,,,,,,,,,,,,,,,,,,,,,,,,,,,,mesophilic,35,HRT = 100,,,,,,,,,,,,,,,"Gunaseelan, V.N. 2004. Biochemical methane potential of fruits and vegetable solid waste feedstocks. Biomass and Bioenergy, 26(4), 389-399."
OFMSW,Mandarin pressing,municipal,,,,,,,,,97.4,solid,,,,433,,,,,,,,batch,,,,,,,,,,,,,,,,,,,,,,,,,,,,,mesophilic,35,HRT = 100,,,,,,,,,,,,,,,"Gunaseelan, V.N. 2004. Biochemical methane potential of fruits and vegetable solid waste feedstocks. Biomass and Bioenergy, 26(4), 389-399."
OFMSW,Mandarin whole rotten fruit,municipal,,,,,,,,,89,solid,,,,494,,,,,,,,batch,,,,,,,,,,,,,,,,,,,,,,,,,,,,,mesophilic,35,HRT = 100,,,,,,,,,,,,,,,"Gunaseelan, V.N. 2004. Biochemical methane potential of fruits and vegetable solid waste feedstocks. Biomass and Bioenergy, 26(4), 389-399."
OFMSW,Mandarin seeds,municipal,,,,,,,,,94.7,solid,,,,732,,,,,,,,batch,,,,,,,,,,,,,,,,,,,,,,,,,,,,,mesophilic,35,HRT = 100,,,,,,,,,,,,,,,"Gunaseelan, V.N. 2004. Biochemical methane potential of fruits and vegetable solid waste feedstocks. Biomass and Bioenergy, 26(4), 389-399."
OFMSW,lemon pressings,municipal,,,,,,,,,96.8,solid,,,,473,,,,,,,,batch,,,,,,,,,,,,,,,,,,,,,,,,,,,,,mesophilic,35,HRT = 100,,,,,,,,,,,,,,,"Gunaseelan, V.N. 2004. Biochemical methane potential of fruits and vegetable solid waste feedstocks. Biomass and Bioenergy, 26(4), 389-399."
Sorghum,Sorghum bicolor Lamina,agricultural,,,,,,,,,94.7,solid,,,,367,,,,,,,,batch,,,,,,,,,,,,,,,,,,,,,,,,,,,,,mesophilic,35,HRT = 100,,,,,,,,,,,,,,,"Gunaseelan, V.N. 2004. Biochemical methane potential of fruits and vegetable solid waste feedstocks. Biomass and Bioenergy, 26(4), 389-399."
Sorghum,Sorghum bicolor Sheath,agricultural,,,,,,,,,91.7,solid,,,,407,,,,,,,,batch,,,,,,,,,,,,,,,,,,,,,,,,,,,,,mesophilic,35,HRT = 100,,,,,,,,,,,,,,,"Gunaseelan, V.N. 2004. Biochemical methane potential of fruits and vegetable solid waste feedstocks. Biomass and Bioenergy, 26(4), 389-399."
Sorghum,Sorghum bicolor Inflorescence with flowers,agricultural,,,,,,,,,96.9,solid,,,,480,,,,,,,,batch,,,,,,,,,,,,,,,,,,,,,,,,,,,,,mesophilic,35,HRT = 100,,,,,,,,,,,,,,,"Gunaseelan, V.N. 2004. Biochemical methane potential of fruits and vegetable solid waste feedstocks. Biomass and Bioenergy, 26(4), 389-399."
Sorghum,Sorghum bicolor Inflorescence with Grains,agricultural,,,,,,,,,97.1,solid,,,,538,,,,,,,,batch,,,,,,,,,,,,,,,,,,,,,,,,,,,,,mesophilic,35,HRT = 100,,,,,,,,,,,,,,,"Gunaseelan, V.N. 2004. Biochemical methane potential of fruits and vegetable solid waste feedstocks. Biomass and Bioenergy, 26(4), 389-399."
Sorghum,Sorghum bicolor Roots,agricultural,,,,,,,,,72.4,solid,,,,228,,,,,,,,batch,,,,,,,,,,,,,,,,,,,,,,,,,,,,,mesophilic,35,HRT = 100,,,,,,,,,,,,,,,"Gunaseelan, V.N. 2004. Biochemical methane potential of fruits and vegetable solid waste feedstocks. Biomass and Bioenergy, 26(4), 389-399."
Grass,NapierGrass Lamina,agricultural,,,,,,,,,94.7,solid,,,,372,,,,,,,,batch,,,,,,,,,,,,,,,,,,,,,,,,,,,,,mesophilic,35,HRT = 100,,,,,,,,,,,,,,,"Gunaseelan, V.N. 2004. Biochemical methane potential of fruits and vegetable solid waste feedstocks. Biomass and Bioenergy, 26(4), 389-399."
Grass,NapierGrass Sheath,agricultural,,,,,,,,,90.6,solid,,,,342,,,,,,,,batch,,,,,,,,,,,,,,,,,,,,,,,,,,,,,mesophilic,35,HRT = 100,,,,,,,,,,,,,,,"Gunaseelan, V.N. 2004. Biochemical methane potential of fruits and vegetable solid waste feedstocks. Biomass and Bioenergy, 26(4), 389-399."
Other lignocellulosic biomass,Cellulose,industrial,,,,,,,,,99.4,solid,,,,419,,,,,,,,batch,,,,,,,,,,,,,,,,,,,,,,,,,,,,,mesophilic,35,HRT = 100,,,,,,,,,,,,,,,"Gunaseelan, V.N. 2004. Biochemical methane potential of fruits and vegetable solid waste feedstocks. Biomass and Bioenergy, 26(4), 389-399."
OFMSW,Achras sapota peels,municipal,,,,,,,,,95.7,solid,,,,244,,,,,,,,batch,,,,,,,,,,,,,,,,,,,,,,,,,,,,,mesophilic,35,HRT = 100,,,,,,,,,,,,,,,"Gunaseelan, V.N. 2004. Biochemical methane potential of fruits and vegetable solid waste feedstocks. Biomass and Bioenergy, 26(4), 389-399."
OFMSW,Achras sapota - whole rotten fruit,municipal,,,,,,,,,95.9,solid,,,,327,,,,,,,,batch,,,,,,,,,,,,,,,,,,,,,,,,,,,,,mesophilic,35,HRT = 100,,,,,,,,,,,,,,,"Gunaseelan, V.N. 2004. Biochemical methane potential of fruits and vegetable solid waste feedstocks. Biomass and Bioenergy, 26(4), 389-399."
OFMSW,pine apple peels,municipal,,,,,,,,,93.2,solid,,,,357,,,,,,,,batch,,,,,,,,,,,,,,,,,,,,,,,,,,,,,mesophilic,35,HRT = 100,,,,,,,,,,,,,,,"Gunaseelan, V.N. 2004. Biochemical methane potential of fruits and vegetable solid waste feedstocks. Biomass and Bioenergy, 26(4), 389-399."
OFMSW,pine apple leafy shoot,municipal,,,,,,,,,94.6,solid,,,,355,,,,,,,,batch,,,,,,,,,,,,,,,,,,,,,,,,,,,,,mesophilic,35,HRT = 100,,,,,,,,,,,,,,,"Gunaseelan, V.N. 2004. Biochemical methane potential of fruits and vegetable solid waste feedstocks. Biomass and Bioenergy, 26(4), 389-399."
OFMSW,pomegranate peels,municipal,,,,,,,,,97.2,solid,,,,312,,,,,,,,batch,,,,,,,,,,,,,,,,,,,,,,,,,,,,,mesophilic,35,HRT = 100,,,,,,,,,,,,,,,"Gunaseelan, V.N. 2004. Biochemical methane potential of fruits and vegetable solid waste feedstocks. Biomass and Bioenergy, 26(4), 389-399."
OFMSW,pomegranate rotten pulpy seeds,municipal,,,,,,,,,86.8,solid,,,,430,,,,,,,,batch,,,,,,,,,,,,,,,,,,,,,,,,,,,,,mesophilic,35,HRT = 100,,,,,,,,,,,,,,,"Gunaseelan, V.N. 2004. Biochemical methane potential of fruits and vegetable solid waste feedstocks. Biomass and Bioenergy, 26(4), 389-399."
OFMSW,pomegranate whole rotten fruit,municipal,,,,,,,,,87,solid,,,,342,,,,,,,,batch,,,,,,,,,,,,,,,,,,,,,,,,,,,,,mesophilic,35,HRT = 100,,,,,,,,,,,,,,,"Gunaseelan, V.N. 2004. Biochemical methane potential of fruits and vegetable solid waste feedstocks. Biomass and Bioenergy, 26(4), 389-399."
OFMSW,pomegranate pressings,municipal,,,,,,,,,97.1,solid,,,,420,,,,,,,,batch,,,,,,,,,,,,,,,,,,,,,,,,,,,,,mesophilic,35,HRT = 100,,,,,,,,,,,,,,,"Gunaseelan, V.N. 2004. Biochemical methane potential of fruits and vegetable solid waste feedstocks. Biomass and Bioenergy, 26(4), 389-399."
OFMSW,gRape vine pressings,municipal,,,,,,,,,93.2,solid,,,,283,,,,,,,,batch,,,,,,,,,,,,,,,,,,,,,,,,,,,,,mesophilic,35,HRT = 100,,,,,,,,,,,,,,,"Gunaseelan, V.N. 2004. Biochemical methane potential of fruits and vegetable solid waste feedstocks. Biomass and Bioenergy, 26(4), 389-399."
OFMSW,peduncle (stalk of gRape bunch),municipal,,,,,,,,,88.9,solid,,,,180,,,,,,,,batch,,,,,,,,,,,,,,,,,,,,,,,,,,,,,mesophilic,35,HRT = 100,,,,,,,,,,,,,,,"Gunaseelan, V.N. 2004. Biochemical methane potential of fruits and vegetable solid waste feedstocks. Biomass and Bioenergy, 26(4), 389-399."
OFMSW,tomato whole rotten,municipal,,,,,,,,,92.5,solid,,,,211,,,,,,,,batch,,,,,,,,,,,,,,,,,,,,,,,,,,,,,mesophilic,35,HRT = 100,,,,,,,,,,,,,,,"Gunaseelan, V.N. 2004. Biochemical methane potential of fruits and vegetable solid waste feedstocks. Biomass and Bioenergy, 26(4), 389-399."
OFMSW,tomato whole rotten,municipal,,,,,,,,,98.1,solid,,,,384,,,,,,,,batch,,,,,,,,,,,,,,,,,,,,,,,,,,,,,mesophilic,35,HRT = 100,,,,,,,,,,,,,,,"Gunaseelan, V.N. 2004. Biochemical methane potential of fruits and vegetable solid waste feedstocks. Biomass and Bioenergy, 26(4), 389-399."
OFMSW,abelmoschus esculentus fruit stalks,municipal,,,,,,,,,91.9,solid,,,,350,,,,,,,,batch,,,,,,,,,,,,,,,,,,,,,,,,,,,,,mesophilic,35,HRT = 100,,,,,,,,,,,,,,,"Gunaseelan, V.N. 2004. Biochemical methane potential of fruits and vegetable solid waste feedstocks. Biomass and Bioenergy, 26(4), 389-399."
OFMSW,onion exterior peels,municipal,,,,,,,,,88.2,solid,,,,400,,,,,,,,batch,,,,,,,,,,,,,,,,,,,,,,,,,,,,,mesophilic,35,HRT = 100,,,,,,,,,,,,,,,"Gunaseelan, V.N. 2004. Biochemical methane potential of fruits and vegetable solid waste feedstocks. Biomass and Bioenergy, 26(4), 389-399."
OFMSW,Potato peels,municipal,,,,,,,,,90.9,solid,,,,267,,,,,,,,batch,,,,,,,,,,,,,,,,,,,,,,,,,,,,,mesophilic,35,HRT = 100,,,,,,,,,,,,,,,"Gunaseelan, V.N. 2004. Biochemical methane potential of fruits and vegetable solid waste feedstocks. Biomass and Bioenergy, 26(4), 389-399."
OFMSW,Brinjal Stalk,municipal,,,,,,,,,94.1,solid,,,,374,,,,,,,,batch,,,,,,,,,,,,,,,,,,,,,,,,,,,,,mesophilic,35,HRT = 100,,,,,,,,,,,,,,,"Gunaseelan, V.N. 2004. Biochemical methane potential of fruits and vegetable solid waste feedstocks. Biomass and Bioenergy, 26(4), 389-399."
OFMSW,Brinjal whole fruit (pest infested),municipal,,,,,,,,,91.1,solid,,,,396,,,,,,,,batch,,,,,,,,,,,,,,,,,,,,,,,,,,,,,mesophilic,35,HRT = 100,,,,,,,,,,,,,,,"Gunaseelan, V.N. 2004. Biochemical methane potential of fruits and vegetable solid waste feedstocks. Biomass and Bioenergy, 26(4), 389-399."
OFMSW,Coriander Leaves,municipal,,,,,,,,,80,solid,,,,325,,,,,,,,batch,,,,,,,,,,,,,,,,,,,,,,,,,,,,,mesophilic,35,HRT = 100,,,,,,,,,,,,,,,"Gunaseelan, V.N. 2004. Biochemical methane potential of fruits and vegetable solid waste feedstocks. Biomass and Bioenergy, 26(4), 389-399."
OFMSW,Coriander stems,municipal,,,,,,,,,85.7,solid,,,,309,,,,,,,,batch,,,,,,,,,,,,,,,,,,,,,,,,,,,,,mesophilic,35,HRT = 100,,,,,,,,,,,,,,,"Gunaseelan, V.N. 2004. Biochemical methane potential of fruits and vegetable solid waste feedstocks. Biomass and Bioenergy, 26(4), 389-399."
OFMSW,Coriander roots,municipal,,,,,,,,,83.3,solid,,,,283,,,,,,,,batch,,,,,,,,,,,,,,,,,,,,,,,,,,,,,mesophilic,35,HRT = 100,,,,,,,,,,,,,,,"Gunaseelan, V.N. 2004. Biochemical methane potential of fruits and vegetable solid waste feedstocks. Biomass and Bioenergy, 26(4), 389-399."
OFMSW,Coriander whole plant,municipal,,,,,,,,,84.9,solid,,,,322,,,,,,,,batch,,,,,,,,,,,,,,,,,,,,,,,,,,,,,mesophilic,35,HRT = 100,,,,,,,,,,,,,,,"Gunaseelan, V.N. 2004. Biochemical methane potential of fruits and vegetable solid waste feedstocks. Biomass and Bioenergy, 26(4), 389-399."
OFMSW,Cabbage Leaves,municipal,,,,,,,,,91.2,solid,,,,309,,,,,,,,batch,,,,,,,,,,,,,,,,,,,,,,,,,,,,,mesophilic,35,HRT = 100,,,,,,,,,,,,,,,"Gunaseelan, V.N. 2004. Biochemical methane potential of fruits and vegetable solid waste feedstocks. Biomass and Bioenergy, 26(4), 389-399."
OFMSW,Cabbage stem,municipal,,,,,,,,,91.8,solid,,,,291,,,,,,,,batch,,,,,,,,,,,,,,,,,,,,,,,,,,,,,mesophilic,35,HRT = 100,,,,,,,,,,,,,,,"Gunaseelan, V.N. 2004. Biochemical methane potential of fruits and vegetable solid waste feedstocks. Biomass and Bioenergy, 26(4), 389-399."
OFMSW,cauliflower Leaves,municipal,,,,,,,,,82,solid,,,,190,,,,,,,,batch,,,,,,,,,,,,,,,,,,,,,,,,,,,,,mesophilic,35,HRT = 100,,,,,,,,,,,,,,,"Gunaseelan, V.N. 2004. Biochemical methane potential of fruits and vegetable solid waste feedstocks. Biomass and Bioenergy, 26(4), 389-399."
OFMSW,cauliflower stems,municipal,,,,,,,,,87.1,solid,,,,331,,,,,,,,batch,,,,,,,,,,,,,,,,,,,,,,,,,,,,,mesophilic,35,HRT = 100,,,,,,,,,,,,,,,"Gunaseelan, V.N. 2004. Biochemical methane potential of fruits and vegetable solid waste feedstocks. Biomass and Bioenergy, 26(4), 389-399."
OFMSW,Turnip Leaves,municipal,,,,,,,,,84.4,solid,,,,314,,,,,,,,batch,,,,,,,,,,,,,,,,,,,,,,,,,,,,,mesophilic,35,HRT = 100,,,,,,,,,,,,,,,"Gunaseelan, V.N. 2004. Biochemical methane potential of fruits and vegetable solid waste feedstocks. Biomass and Bioenergy, 26(4), 389-399."
OFMSW,radish pale pink,municipal,,,,,,,,,84.9,solid,,,,304,,,,,,,,batch,,,,,,,,,,,,,,,,,,,,,,,,,,,,,mesophilic,35,HRT = 100,,,,,,,,,,,,,,,"Gunaseelan, V.N. 2004. Biochemical methane potential of fruits and vegetable solid waste feedstocks. Biomass and Bioenergy, 26(4), 389-399."
OFMSW,radish yellow white,municipal,,,,,,,,,81.7,solid,,,,293,,,,,,,,batch,,,,,,,,,,,,,,,,,,,,,,,,,,,,,mesophilic,35,HRT = 100,,,,,,,,,,,,,,,"Gunaseelan, V.N. 2004. Biochemical methane potential of fruits and vegetable solid waste feedstocks. Biomass and Bioenergy, 26(4), 389-399."
OFMSW,garden Beet Leaves,municipal,,,,,,,,,81.4,solid,,,,231,,,,,,,,batch,,,,,,,,,,,,,,,,,,,,,,,,,,,,,mesophilic,35,HRT = 100,,,,,,,,,,,,,,,"Gunaseelan, V.N. 2004. Biochemical methane potential of fruits and vegetable solid waste feedstocks. Biomass and Bioenergy, 26(4), 389-399."
OFMSW,garden pea pods (seeds removed),municipal,,,,,,,,,91.8,solid,,,,390,,,,,,,,batch,,,,,,,,,,,,,,,,,,,,,,,,,,,,,mesophilic,35,HRT = 100,,,,,,,,,,,,,,,"Gunaseelan, V.N. 2004. Biochemical methane potential of fruits and vegetable solid waste feedstocks. Biomass and Bioenergy, 26(4), 389-399."
OFMSW,carrot Leaves,municipal,,,,,,,,,93.1,solid,,,,241,,,,,,,,batch,,,,,,,,,,,,,,,,,,,,,,,,,,,,,mesophilic,35,HRT = 100,,,,,,,,,,,,,,,"Gunaseelan, V.N. 2004. Biochemical methane potential of fruits and vegetable solid waste feedstocks. Biomass and Bioenergy, 26(4), 389-399."
OFMSW,carrot petiole,municipal,,,,,,,,,91.3,solid,,,,309,,,,,,,,batch,,,,,,,,,,,,,,,,,,,,,,,,,,,,,mesophilic,35,HRT = 100,,,,,,,,,,,,,,,"Gunaseelan, V.N. 2004. Biochemical methane potential of fruits and vegetable solid waste feedstocks. Biomass and Bioenergy, 26(4), 389-399."
Maize,"Maize, Maize whole plant, dried",agricultural,,,,,,,,,,,,,,329,,,,,,,,,,,,,,,,,,,,,,,,,,,,,,,,,,,,,,,,,,,,,,,,,,,,,,http://daten.ktbl.de/euagrobiogasbasis/startSeite.do
Maize,"Maize, Maize whole plant, fresh",agricultural,,,,,,,,,,,,,,277,,,,,,,,,,,,,,,,,,,,,,,,,,,,,,,,,,,,,,,,,,,,,,,,,,,,,,http://daten.ktbl.de/euagrobiogasbasis/startSeite.do
Sorghum,"Sorghum, total plant, fresh",agricultural,,,,,,,,,,,,,,312,,,,,,,,,,,,,,,,,,,,,,,,,,,,,,,,,,,,,,,,,,,,,,,,,,,,,,http://daten.ktbl.de/euagrobiogasbasis/startSeite.do
Sorghum,"Sorghum, total plants Silage",agricultural,,,,,,,,,,,,,,319,,,,,,,,,,,,,,,,,,,,,,,,,,,,,,,,,,,,,,,,,,,,,,,,,,,,,,http://daten.ktbl.de/euagrobiogasbasis/startSeite.do
Barley,Barley Grains,agricultural,,,,,,,,,,,,,,381,,,,,,,,,,,,,,,,,,,,,,,,,,,,,,,,,,,,,,,,,,,,,,,,,,,,,,http://daten.ktbl.de/euagrobiogasbasis/startSeite.do
Barley,"Barley, total plants Silage",agricultural,,,,,,,,,,,,,,326,,,,,,,,,,,,,,,,,,,,,,,,,,,,,,,,,,,,,,,,,,,,,,,,,,,,,,http://daten.ktbl.de/euagrobiogasbasis/startSeite.do
Grain,Cereal Grains,agricultural,,,,,,,,,,,,,,381,,,,,,,,,,,,,,,,,,,,,,,,,,,,,,,,,,,,,,,,,,,,,,,,,,,,,,http://daten.ktbl.de/euagrobiogasbasis/startSeite.do
Grain,Oat Grains,agricultural,,,,,,,,,,,,,,381,,,,,,,,,,,,,,,,,,,,,,,,,,,,,,,,,,,,,,,,,,,,,,,,,,,,,,http://daten.ktbl.de/euagrobiogasbasis/startSeite.do
Oat,"Oat, total plants Silage",agricultural,,,,,,,,,,,,,,326,,,,,,,,,,,,,,,,,,,,,,,,,,,,,,,,,,,,,,,,,,,,,,,,,,,,,,http://daten.ktbl.de/euagrobiogasbasis/startSeite.do
Grain,Rye Grains,agricultural,,,,,,,,,,,,,,381,,,,,,,,,,,,,,,,,,,,,,,,,,,,,,,,,,,,,,,,,,,,,,,,,,,,,,http://daten.ktbl.de/euagrobiogasbasis/startSeite.do
Rye,"Rye, total plants Silage",agricultural,,,,,,,,,,,,,,356,,,,,,,,,,,,,,,,,,,,,,,,,,,,,,,,,,,,,,,,,,,,,,,,,,,,,,http://daten.ktbl.de/euagrobiogasbasis/startSeite.do
Triticale,"Triticale, total plants Silage",agricultural,,,,,,,,,,,,,,281,,,,,,,,,,,,,,,,,,,,,,,,,,,,,,,,,,,,,,,,,,,,,,,,,,,,,,http://daten.ktbl.de/euagrobiogasbasis/startSeite.do
Grain,Wheat Grains,agricultural,,,,,,,,,,,,,,381,,,,,,,,,,,,,,,,,,,,,,,,,,,,,,,,,,,,,,,,,,,,,,,,,,,,,,http://daten.ktbl.de/euagrobiogasbasis/startSeite.do
Wheat,"Wheat, total plants Silage",agricultural,,,,,,,,,,,,,,298,,,,,,,,,,,,,,,,,,,,,,,,,,,,,,,,,,,,,,,,,,,,,,,,,,,,,,http://daten.ktbl.de/euagrobiogasbasis/startSeite.do
Grass,Gras Silage,agricultural,,,,,,,,,,,,,,318,,,,,,,,,,,,,,,,,,,,,,,,,,,,,,,,,,,,,,,,,,,,,,,,,,,,,,http://daten.ktbl.de/euagrobiogasbasis/startSeite.do
Grass,Grass clippings,agricultural,,,,,,,,,,,,,,80,,,,,,,,,,,,,,,,,,,,,,,,,,,,,,,,,,,,,,,,,,,,,,,,,,,,,,http://daten.ktbl.de/euagrobiogasbasis/startSeite.do
Grass,"Grass, fresh",agricultural,,,,,,,,,,,,,,268,,,,,,,,,,,,,,,,,,,,,,,,,,,,,,,,,,,,,,,,,,,,,,,,,,,,,,http://daten.ktbl.de/euagrobiogasbasis/startSeite.do
Grass,"Grass Silage, First cut",agricultural,,,,,,,,,,,,,,308,,,,,,,,,,,,,,,,,,,,,,,,,,,,,,,,,,,,,,,,,,,,,,,,,,,,,,http://daten.ktbl.de/euagrobiogasbasis/startSeite.do
Grass,"Grass Silage, second cut",agricultural,,,,,,,,,,,,,,232,,,,,,,,,,,,,,,,,,,,,,,,,,,,,,,,,,,,,,,,,,,,,,,,,,,,,,http://daten.ktbl.de/euagrobiogasbasis/startSeite.do
Grass,"Grass Silage, third cut",agricultural,,,,,,,,,,,,,,232,,,,,,,,,,,,,,,,,,,,,,,,,,,,,,,,,,,,,,,,,,,,,,,,,,,,,,http://daten.ktbl.de/euagrobiogasbasis/startSeite.do
Grass,"Grass, wilted Silage",agricultural,,,,,,,,,,,,,,180,,,,,,,,,,,,,,,,,,,,,,,,,,,,,,,,,,,,,,,,,,,,,,,,,,,,,,http://daten.ktbl.de/euagrobiogasbasis/startSeite.do
Other lignocellulosic biomass,"Miscanthus, fresh",agricultural,,,,,,,,,,,,,,296,,,,,,,,,,,,,,,,,,,,,,,,,,,,,,,,,,,,,,,,,,,,,,,,,,,,,,http://daten.ktbl.de/euagrobiogasbasis/startSeite.do
Other lignocellulosic biomass,"Miscanthus, Silage",agricultural,,,,,,,,,,,,,,187,,,,,,,,,,,,,,,,,,,,,,,,,,,,,,,,,,,,,,,,,,,,,,,,,,,,,,http://daten.ktbl.de/euagrobiogasbasis/startSeite.do
panicum,"Panicum, fresh",agricultural,,,,,,,,,,,,,,299,,,,,,,,,,,,,,,,,,,,,,,,,,,,,,,,,,,,,,,,,,,,,,,,,,,,,,http://daten.ktbl.de/euagrobiogasbasis/startSeite.do
panicum,"Panicum, Silage",agricultural,,,,,,,,,,,,,,348,,,,,,,,,,,,,,,,,,,,,,,,,,,,,,,,,,,,,,,,,,,,,,,,,,,,,,http://daten.ktbl.de/euagrobiogasbasis/startSeite.do
Sunflower,"Sunflower, total plants Silage",agricultural,,,,,,,,,,,,,,288,,,,,,,,,,,,,,,,,,,,,,,,,,,,,,,,,,,,,,,,,,,,,,,,,,,,,,http://daten.ktbl.de/euagrobiogasbasis/startSeite.do
Beet,"Sugar Beet, total plants Silage",agricultural,,,,,,,,,,,,,,390,,,,,,,,,,,,,,,,,,,,,,,,,,,,,,,,,,,,,,,,,,,,,,,,,,,,,,http://daten.ktbl.de/euagrobiogasbasis/startSeite.do
Other lignocellulosic biomass,"Tobacco, whole plant, fresh",agricultural,,,,,,,,,,,,,,244,,,,,,,,,,,,,,,,,,,,,,,,,,,,,,,,,,,,,,,,,,,,,,,,,,,,,,http://daten.ktbl.de/euagrobiogasbasis/startSeite.do
OFMSW,"Apple processing waste (filtration cake, pulp)",municipal,,,,,,,,,,,,,,166,,,,,,,,,,,,,,,,,,,,,,,,,,,,,,,,,,,,,,,,,,,,,,,,,,,,,,http://daten.ktbl.de/euagrobiogasbasis/startSeite.do
Grain,"Bran and cereal strip waste (70:30), fresh",agricultural,,,,,,,,,,,,,,289,,,,,,,,,,,,,,,,,,,,,,,,,,,,,,,,,,,,,,,,,,,,,,,,,,,,,,http://daten.ktbl.de/euagrobiogasbasis/startSeite.do
Grain,"Cereal strip waste, fresh",agricultural,,,,,,,,,,,,,,350,,,,,,,,,,,,,,,,,,,,,,,,,,,,,,,,,,,,,,,,,,,,,,,,,,,,,,http://daten.ktbl.de/euagrobiogasbasis/startSeite.do
Maize,"Maize , broken",agricultural,,,,,,,,,,,,,,378,,,,,,,,,,,,,,,,,,,,,,,,,,,,,,,,,,,,,,,,,,,,,,,,,,,,,,http://daten.ktbl.de/euagrobiogasbasis/startSeite.do
Grain,Maize Grain powder,agricultural,,,,,,,,,,,,,,229,,,,,,,,,,,,,,,,,,,,,,,,,,,,,,,,,,,,,,,,,,,,,,,,,,,,,,http://daten.ktbl.de/euagrobiogasbasis/startSeite.do
Grain,Wheat Bran,agricultural,,,,,,,,,,,,,,386,,,,,,,,,,,,,,,,,,,,,,,,,,,,,,,,,,,,,,,,,,,,,,,,,,,,,,http://daten.ktbl.de/euagrobiogasbasis/startSeite.do
FOG,Chip fat,industrial,,,,,,,,,,,,,,151,,,,,,,,,,,,,,,,,,,,,,,,,,,,,,,,,,,,,,,,,,,,,,,,,,,,,,http://daten.ktbl.de/euagrobiogasbasis/startSeite.do
Other lignocellulosic biomass,Succory chaff,agricultural,,,,,,,,,,,,,,334,,,,,,,,,,,,,,,,,,,,,,,,,,,,,,,,,,,,,,,,,,,,,,,,,,,,,,http://daten.ktbl.de/euagrobiogasbasis/startSeite.do
Other lignocellulosic biomass,Succory mush,agricultural,,,,,,,,,,,,,,352,,,,,,,,,,,,,,,,,,,,,,,,,,,,,,,,,,,,,,,,,,,,,,,,,,,,,,http://daten.ktbl.de/euagrobiogasbasis/startSeite.do
Grain,Brewer`s Grains,agricultural,,,,,,,,,,,,,,503,,,,,,,,,,,,,,,,,,,,,,,,,,,,,,,,,,,,,,,,,,,,,,,,,,,,,,http://daten.ktbl.de/euagrobiogasbasis/startSeite.do
Grain,Brewer`s Grains and Yeast,agricultural,,,,,,,,,,,,,,385,,,,,,,,,,,,,,,,,,,,,,,,,,,,,,,,,,,,,,,,,,,,,,,,,,,,,,http://daten.ktbl.de/euagrobiogasbasis/startSeite.do
Grain,"Brewers Grains, fresh",agricultural,,,,,,,,,,,,,,465,,,,,,,,,,,,,,,,,,,,,,,,,,,,,,,,,,,,,,,,,,,,,,,,,,,,,,http://daten.ktbl.de/euagrobiogasbasis/startSeite.do
Marc,"GRape Marc, fresh",agricultural,,,,,,,,,,,,,,160,,,,,,,,,,,,,,,,,,,,,,,,,,,,,,,,,,,,,,,,,,,,,,,,,,,,,,http://daten.ktbl.de/euagrobiogasbasis/startSeite.do
Coffe,"Malt coffe draff, fresh",agricultural,,,,,,,,,,,,,,310,,,,,,,,,,,,,,,,,,,,,,,,,,,,,,,,,,,,,,,,,,,,,,,,,,,,,,http://daten.ktbl.de/euagrobiogasbasis/startSeite.do
OFMSW,"Compost input (medicinal tea and Grass clippings), fresh",municipal,,,,,,,,,,,,,,133,,,,,,,,,,,,,,,,,,,,,,,,,,,,,,,,,,,,,,,,,,,,,,,,,,,,,,http://daten.ktbl.de/euagrobiogasbasis/startSeite.do
FOG,Fat seperator residues,municipal,,,,,,,,,,,,,,966,,,,,,,,,,,,,,,,,,,,,,,,,,,,,,,,,,,,,,,,,,,,,,,,,,,,,,http://daten.ktbl.de/euagrobiogasbasis/startSeite.do
FOG,Flotate fat,municipal,,,,,,,,,,,,,,336,,,,,,,,,,,,,,,,,,,,,,,,,,,,,,,,,,,,,,,,,,,,,,,,,,,,,,http://daten.ktbl.de/euagrobiogasbasis/startSeite.do
WW sludge,"Flotate sludge, fresh",municipal,,,,,,,,,,,,,,980,,,,,,,,,,,,,,,,,,,,,,,,,,,,,,,,,,,,,,,,,,,,,,,,,,,,,,http://daten.ktbl.de/euagrobiogasbasis/startSeite.do
OFMSW,Meat waste,industrial,,,,,,,,,,,,,,583,,,,,,,,,,,,,,,,,,,,,,,,,,,,,,,,,,,,,,,,,,,,,,,,,,,,,,http://daten.ktbl.de/euagrobiogasbasis/startSeite.do
Other lignocellulosic biomass,Sunflower peelings,agricultural,,,,,,,,,,,,,,288,,,,,,,,,,,,,,,,,,,,,,,,,,,,,,,,,,,,,,,,,,,,,,,,,,,,,,http://daten.ktbl.de/euagrobiogasbasis/startSeite.do
FOG,Glycerol,industrial,,,,,,,,,,,,,,751,,,,,,,,,,,,,,,,,,,,,,,,,,,,,,,,,,,,,,,,,,,,,,,,,,,,,,http://daten.ktbl.de/euagrobiogasbasis/startSeite.do
Maize,Maize strip waste,agricultural,,,,,,,,,,,,,,472,,,,,,,,,,,,,,,,,,,,,,,,,,,,,,,,,,,,,,,,,,,,,,,,,,,,,,http://daten.ktbl.de/euagrobiogasbasis/startSeite.do
Straw,Pea Straw,agricultural,,,,,,,,,,,,,,284,,,,,,,,,,,,,,,,,,,,,,,,,,,,,,,,,,,,,,,,,,,,,,,,,,,,,,http://daten.ktbl.de/euagrobiogasbasis/startSeite.do
Straw,Rapeseed Straw,agricultural,,,,,,,,,,,,,,301,,,,,,,,,,,,,,,,,,,,,,,,,,,,,,,,,,,,,,,,,,,,,,,,,,,,,,http://daten.ktbl.de/euagrobiogasbasis/startSeite.do
Other lignocellulosic biomass,Rapeseed strip waste,agricultural,,,,,,,,,,,,,,324,,,,,,,,,,,,,,,,,,,,,,,,,,,,,,,,,,,,,,,,,,,,,,,,,,,,,,http://daten.ktbl.de/euagrobiogasbasis/startSeite.do
Other lignocellulosic biomass,Rye strip waste,agricultural,,,,,,,,,,,,,,404,,,,,,,,,,,,,,,,,,,,,,,,,,,,,,,,,,,,,,,,,,,,,,,,,,,,,,http://daten.ktbl.de/euagrobiogasbasis/startSeite.do
Straw,RyeGrass Straw,agricultural,,,,,,,,,,,,,,352,,,,,,,,,,,,,,,,,,,,,,,,,,,,,,,,,,,,,,,,,,,,,,,,,,,,,,http://daten.ktbl.de/euagrobiogasbasis/startSeite.do
Straw,Straw,agricultural,,,,,,,,,,,,,,249,,,,,,,,,,,,,,,,,,,,,,,,,,,,,,,,,,,,,,,,,,,,,,,,,,,,,,http://daten.ktbl.de/euagrobiogasbasis/startSeite.do
Beet,"Sugar Beet, Leaves and tops, Silage",agricultural,,,,,,,,,,,,,,344,,,,,,,,,,,,,,,,,,,,,,,,,,,,,,,,,,,,,,,,,,,,,,,,,,,,,,http://daten.ktbl.de/euagrobiogasbasis/startSeite.do
Turnip,"Turnips tops, fresh",agricultural,,,,,,,,,,,,,,273,,,,,,,,,,,,,,,,,,,,,,,,,,,,,,,,,,,,,,,,,,,,,,,,,,,,,,http://daten.ktbl.de/euagrobiogasbasis/startSeite.do
Straw,Wheat Straw,agricultural,,,,,,,,,,,,,,268,,,,,,,,,,,,,,,,,,,,,,,,,,,,,,,,,,,,,,,,,,,,,,,,,,,,,,http://daten.ktbl.de/euagrobiogasbasis/startSeite.do
Other lignocellulosic biomass,Wheat strip waste,agricultural,,,,,,,,,,,,,,470,,,,,,,,,,,,,,,,,,,,,,,,,,,,,,,,,,,,,,,,,,,,,,,,,,,,,,http://daten.ktbl.de/euagrobiogasbasis/startSeite.do
Grain,Cereal grist,agricultural,,,,,,,,,,,,,,304,,,,,,,,,,,,,,,,,,,,,,,,,,,,,,,,,,,,,,,,,,,,,,,,,,,,,,http://daten.ktbl.de/euagrobiogasbasis/startSeite.do
Manure,Cattle farmyard Manure,agricultural,,,,,,,,,,,,,,209,,,,,,,,,,,,,,,,,,,,,,,,,,,,,,,,,,,,,,,,,,,,,,,,,,,,,,http://daten.ktbl.de/euagrobiogasbasis/startSeite.do
Manure,Cattle slurry,agricultural,,,,,,,,,,,,,,181,,,,,,,,,,,,,,,,,,,,,,,,,,,,,,,,,,,,,,,,,,,,,,,,,,,,,,http://daten.ktbl.de/euagrobiogasbasis/startSeite.do
Manure,Dairy cattle farmyard Manure,agricultural,,,,,,,,,,,,,,63,,,,,,,,,,,,,,,,,,,,,,,,,,,,,,,,,,,,,,,,,,,,,,,,,,,,,,http://daten.ktbl.de/euagrobiogasbasis/startSeite.do
Manure,Fattening cattle slurry,agricultural,,,,,,,,,,,,,,269,,,,,,,,,,,,,,,,,,,,,,,,,,,,,,,,,,,,,,,,,,,,,,,,,,,,,,http://daten.ktbl.de/euagrobiogasbasis/startSeite.do
Manure,Pig slurry,agricultural,,,,,,,,,,,,,,336,,,,,,,,,,,,,,,,,,,,,,,,,,,,,,,,,,,,,,,,,,,,,,,,,,,,,,http://daten.ktbl.de/euagrobiogasbasis/startSeite.do
Manure,Chicken slurry,agricultural,,,,,,,,,,,,,,226,,,,,,,,,,,,,,,,,,,,,,,,,,,,,,,,,,,,,,,,,,,,,,,,,,,,,,http://daten.ktbl.de/euagrobiogasbasis/startSeite.do
Manure,Laying hen Manure,agricultural,,,,,,,,,,,,,,198,,,,,,,,,,,,,,,,,,,,,,,,,,,,,,,,,,,,,,,,,,,,,,,,,,,,,,http://daten.ktbl.de/euagrobiogasbasis/startSeite.do
Manure,Poultry Manure,agricultural,,,,,,,,,,,,,,293,,,,,,,,,,,,,,,,,,,,,,,,,,,,,,,,,,,,,,,,,,,,,,,,,,,,,,http://daten.ktbl.de/euagrobiogasbasis/startSeite.do
Manure,Poultry slurry,agricultural,,,,,,,,,,,,,,183,,,,,,,,,,,,,,,,,,,,,,,,,,,,,,,,,,,,,,,,,,,,,,,,,,,,,,http://daten.ktbl.de/euagrobiogasbasis/startSeite.do
Manure,Feed residues,agricultural,,,,,,,,,,,,,,166,,,,,,,,,,,,,,,,,,,,,,,,,,,,,,,,,,,,,,,,,,,,,,,,,,,,,,http://daten.ktbl.de/euagrobiogasbasis/startSeite.do
Manure,Rabbit slurry,agricultural,,,,,,,,,,,,,,235,,,,,,,,,,,,,,,,,,,,,,,,,,,,,,,,,,,,,,,,,,,,,,,,,,,,,,http://daten.ktbl.de/euagrobiogasbasis/startSeite.do
Manure,Beef Manure (Outdoor Pen),agricultural,,,,,,,,15,82,,,,,84,,,,,,,,,,,,,,,,,,,,,,,,,,,,,,,,,,,,,,,,,,,,,,,,,,,,,,http://pods.dasnr.okstate.edu/docushare/dsweb/Get/Document-8544/BAE-1762web.pdf
Manure,Beef Manure (Covered Pen),agricultural,,,,,,,,17,82,,,,,100,,,,,,,,,,,,,,,,,,,,,,,,,,,,,,,,,,,,,,,,,,,,,,,,,,,,,,http://pods.dasnr.okstate.edu/docushare/dsweb/Get/Document-8544/BAE-1762web.pdf
Manure,Swine Manure Slurry,agricultural,,,,,,,,2.6,77,,,,,130,,,,,,,,,,,,,,,,,,,,,,,,,,,,,,,,,,,,,,,,,,,,,,,,,,,,,,http://pods.dasnr.okstate.edu/docushare/dsweb/Get/Document-8544/BAE-1762web.pdf
Manure,Dairy Manure,agricultural,,,,,,,,12,84,,,,,240,,,,,,,,,,,,,,,,,,,,,,,,,,,,,,,,,,,,,,,,,,,,,,,,,,,,,,http://pods.dasnr.okstate.edu/docushare/dsweb/Get/Document-8544/BAE-1762web.pdf
Grass,AlemanGrass 6A,agricultural,,,,,,,,,,,no,,,298,,,,,,,,batch,,,no,,,,,,,,,,,,,,,,,,,,,,,,,,mesophilic,35,,,,,,,,,,,,,,,,4
Grass,AlemanGrass 7A,agricultural,,,,,,,,,,,no,,,293,,,,,,,,batch,,,no,,,,,,,,,,,,,,,,,,,,,,,,,,mesophilic,35,,,,,,,,,,,,,,,,4
Alfalfa,Alfalfa,agricultural,,,,,,,,19.94,90.92,,no,,,340,,,,,,,,batch,,,no,,,,,,,,,,,,,,,,,,,,,,,,,,mesophilic,40,,,,,,,,,,,,,,,,18
Apple,Apple,agricultural,,,,,,,,,97.9,,no,,,317,,,,,,,,batch,,,no,,,,,,,,,,,,,,,,,,,,,,,,,,thermophilic,55,,,,,,,,,,,,,,,,1
Pulp,Apple pulp,municipal,,,,,,,,12,,,no,,,308,,,,,,,,semicontinuous,,,no,,,,,,,,,,,,,,,,,,,,,,,,,,mesophilic,36,,,,,,,,,,,,,,,,11
Asparagus,Asparagus peels,municipal,,,,,,,,17.7,,,no,,,219,,,,,,,,semicontinuous,,,no,,,,,,,,,,,,,,,,,,,,,,,,,,mesophilic,36,,,,,,,,,,,,,,,,11
Cellulose,Avicel Cellulose,industrial,,,,,,,,,,,no,,,370,,,,,,,,semicontinuous,,,no,,,,,,,,,,,,,,,,,,,,,,,,,,mesophilic,35,,,,,,,,,,,,,,,,4
Bamboo,Bamboo,agricultural,,,,,,,,,,,,,,16,,,,,,,,batch,,,no,,,,,,,,,,,,,,,,,,,,,,,,,,mesophilic,35,,,,,,,,,,,,,,,,2
Banana,Banana,agricultural,,,,,,,,,,,no,,,289,,,,,,,,batch,,,no,,,,,,,,,,,,,,,,,,,,,,,,,,mesophilic,35,,,,,,,,,,,,,,,,4
Banana,Banana,agricultural,,,,,,,,,85.2,,no,,,408,,,,,,,,batch,,,no,,,,,,,,,,,,,,,,,,,,,,,,,,thermophilic,55,,,,,,,,,,,,,,,,1
Banana,Banana,agricultural,,,,,,,,22.4,83.8,,yes,unspecified,,409,,,,,,,,batch,,,no,,,,,,,,,,,,,,,,,,,,,,,,,,mesophilic,37,,,,,,,,,,,,,,,,19
Banana,Banana,agricultural,,,,,,,,22.4,83.8,,yes,unspecified,,396,,,,,,,,batch,,,no,,,,,,,,,,,,,,,,,,,,,,,,,,mesophilic,37,,,,,,,,,,,,,,,,19
Banana,Banana,agricultural,,,,,,,,22.4,83.8,,yes,unspecified,,374,,,,,,,,batch,,,no,,,,,,,,,,,,,,,,,,,,,,,,,,mesophilic,37,,,,,,,,,,,,,,,,19
Banana,Banana,agricultural,,,,,,,,22.4,83.8,,yes,unspecified,,271,,,,,,,,batch,,,no,,,,,,,,,,,,,,,,,,,,,,,,,,mesophilic,37,,,,,,,,,,,,,,,,19
Banana,Banana peels,municipal,,,,,,,,22.4,83.8,,yes,unspecified,,277,,,,,,,,batch,,,no,,,,,,,,,,,,,,,,,,,,,,,,,,mesophilic,37,,,,,,,,,,,,,,,,19
Barley,Barley,agricultural,,,,,,,,24.57,93.89,,no,,,438,,,,,,,,batch,,,no,,,,,,,,,,,,,,,,,,,,,,,,,,mesophilic,40,,,,,,,,,,,,,,,,18
Barley,Barley,agricultural,,,,,,,,18.8,90.2,,no,,,462,,,,,,,,batch,,,no,,,,,,,,,,,,,,,,,,,,,,,,,,mesophilic,35,,,,,,,,,,,,,,,,9
Barley,Barley,agricultural,,,,,,,,38.2,90.2,,yes,fermentation,,503,,,,,,,,batch,,,no,,,,,,,,,,,,,,,,,,,,,,,,,,mesophilic,35,,,,,,,,,,,,,,,,9
Barley,Barley,agricultural,,,,,,,,27.4,93.2,,no,,,658,,,,,,,,batch,,,no,,,,,,,,,,,,,,,,,,,,,,,,,,mesophilic,35,,,,,,,,,,,,,,,,9
Barley,Barley,agricultural,,,,,,,,25.3,93.4,,yes,fermentation,,353,,,,,,,,batch,,,no,,,,,,,,,,,,,,,,,,,,,,,,,,mesophilic,35,,,,,,,,,,,,,,,,9
Barley,Barley,agricultural,,,,,,,,,,,yes,fermentation,,425.17,,,,,,,,,,,no,,,,,,,,,,,,,,,,,,,,,,,,,,mesophilic,35,,,,,,,,,,,,,,,,9
Barley,Barley,agricultural,,,,,,,,18.8,,,,,,454.45,,,,,,,,,,,,,,,,,,,,,,,,,,,,,,,,,,,,,,,,,,,,,,,,,,,,,,31
Barley,Barley,agricultural,,,,,,,,38.2,,,,,,524.8,,,,,,,,,,,,,,,,,,,,,,,,,,,,,,,,,,,,,,,,,,,,,,,,,,,,,,31
Barley,Barley,agricultural,,,,,,,,27.4,,,,,,690.9,,,,,,,,,,,,,,,,,,,,,,,,,,,,,,,,,,,,,,,,,,,,,,,,,,,,,,31
Barley,Barley,agricultural,,,,,,,,25.3,,,,,,384.09,,,,,,,,,,,,,,,,,,,,,,,,,,,,,,,,,,,,,,,,,,,,,,,,,,,,,,31
Beet,Beet leaf,agricultural,,,,,,,,46.5,,,,,,290,,,,,,,,,,,,,,,,,,,,,,,,,,,,,,,,,,,,,,,,,,,,,,,,,,,,,,31
Beet,Beet leaf,agricultural,,,,,,,,11.18,,,,,,290.505,,,,,,,,,,,,,,,,,,,,,,,,,,,,,,,,,,,,,,,,,,,,,,,,,,,,,,32
OFMSW,bio-waste container (-),municipal,,,,,,,,13.6,,,,,,220.5,,,,,,,,,,,,,,,,,,,,,,,,,,,,,,,,,,,,,,,,,,,,,,,,,,,,,,37
Locust,Black Locust,agricultural,,,,,,,,23,,,,,,240,,,,,,,,batch,,,,,,,,,,,,,,,,,,,,,,,,,,,,,,,,,,,,,,,,,,,,,,37
Braken,Braken,agricultural,,,,,,,,,,,no,,,176,,,,,,,,batch,,,no,,,,,,,,,,,,,,,,,,,,,,,,,,mesophilic,35,,,,,,,,,,,,,,,,4
Braken,Braken,agricultural,,,,,,,,16,,,no,,,170,,,,,,,,batch,,,no,,,,,,,,,,,,,,,,,,,,,,,,,,mesophilic,35,,,,,,,,,,,,,,,,41
Bran,Bran 70%/Grain waste 30%,agricultural,,,,,,,,16,,,no,,,287.04,,,,,,,,,,,no,,,,,,,,,,,,,,,,,,,,,,,,,,mesophilic,35,,,,,,,,,,,,,,,,41
Brinjal,Brinjal,agricultural,,,,,,,,95,,,,,,374,,,,,,,,batch,,,,,,,,,,,,,,,,,,,,,,,,,,,,,,,,,,,,,,,,,,,,,,37
Taro,Bun-long Taro,agricultural,,,,,,,,16.6,,,no,,,355,,,,,,,,batch,,,no,,,,,,,,,,,,,,,,,,,,,,,,,,mesophilic,35,,,,,,,,,,,,,,,,41
Taro,Bun-long Taro,agricultural,,,,,,,,,,,no,,,314,,,,,,,,batch,,,no,,,,,,,,,,,,,,,,,,,,,,,,,,mesophilic,35,,,,,,,,,,,,,,,,4
Cabbage,Cabbage,agricultural,,,,,,,,,,,no,,,309,,,,,,,,batch,,,no,,,,,,,,,,,,,,,,,,,,,,,,,,mesophilic,35,,,,,,,,,,,,,,,,4
Carrot,Carrot,agricultural,,,,,,,,10.57,,,no,,,333,,,,,,,,batch,,,no,,,,,,,,,,,,,,,,,,,,,,,,,,mesophilic,35,,,,,,,,,,,,,,,,41
OFMSW,Carrot waste,municipal,,,,,,,,10.57,,,no,,,417,,,,,,,,semicontinuous,,,no,,,,,,,,,,,,,,,,,,,,,,,,,,mesophilic,35,,,,,,,,,,,,,,,,41
Carrot,Carrot,agricultural,,,,,,,,,,,,,,388,,,,,,,,batch,,,,,,,,,,,,,,,,,,,,,,,,,,,,,mesophilic,32,,,,,,,,,,,,,,,,6
Carrot,Carrot,agricultural,,,,,,,,,89.9,,no,,,368,,,,,,,,semicontinuous,,,no,,,,,,,,,,,,,,,,,,,,,,,,,,thermophilic,55,,,,,,,,,,,,,,,,1
Manure,Cattle dung (-),agricultural,,,,,,,,12,,,no,,,179.284,,,,,,,,,,,no,,,,,,,,,,,,,,,,,,,,,,,,,,mesophilic,42,,,,,,,,,,,,,,,,38
Manure,Cattle Manure (-),agricultural,,,,,,,,21.8,,,,,,200.1,,,,,,,,,,,,,,,,,,,,,,,,,,,,,,,,,,,,,,,,,,,,,,,,,,,,,,37
Manure,Cattle Manure (Calf),agricultural,,,,,,,,8.5,,,,,,122.54,,,,,,,,,,,,,,,,,,,,,,,,,,,,,,,,,,,,,,,,,,,,,,,,,,,,,,37
Manure,Cattle Manure (Cow),agricultural,,,,,,,,12.3,,,,,,150.744,,,,,,,,,,,,,,,,,,,,,,,,,,,,,,,,,,,,,,,,,,,,,,,,,,,,,,37
Manure,Cattle Manure (dairy cattle),agricultural,,,,,,,,9.7,,,,,,144.227,,,,,,,,,,,,,,,,,,,,,,,,,,,,,,,,,,,,,,,,,,,,,,,,,,,,,,37
Manure,Cattle Manure (fattening cattle),agricultural,,,,,,,,10.1,,,,,,128.927,,,,,,,,,,,,,,,,,,,,,,,,,,,,,,,,,,,,,,,,,,,,,,,,,,,,,,37
Manure + Maize Silage,Cattle Manure with Fodder rest (proportion of Maize Silage 10% of VSS),agricultural,,,,,,,,11.1,,,,,,225.04,,,,,,,,,,,,,,,,,,,,,,,,,,,,,,,,,,,,,,,,,,,,,,,,,,,,,,37
Manure + Maize Silage,Cattle Manure with Fodder rest (proportion of Maize Silage 20% of VSS),agricultural,,,,,,,,8,,,,,,266.8,,,,,,,,,,,,,,,,,,,,,,,,,,,,,,,,,,,,,,,,,,,,,,,,,,,,,,37
Cauiliflower,Cauiliflower,agricultural,,,,,,,,8,,,,,,423,,,,,,,,batch,,,,,,,,,,,,,,,,,,,,,,,,,,,,,,,,,,,,,,,,,,,,,,37
Cauiliflower,Cauiliflower,agricultural,,,,,,,,21.2,84.3,,yes,unspecified,,423,,,,,,,,batch,,,no,,,,,,,,,,,,,,,,,,,,,,,,,,mesophilic,37,,,,,,,,,,,,,,,,19
Cauiliflower,Cauiliflower,agricultural,,,,,,,,21.2,84.3,,yes,unspecified,,420,,,,,,,,batch,,,no,,,,,,,,,,,,,,,,,,,,,,,,,,mesophilic,37,,,,,,,,,,,,,,,,19
Cauiliflower,Cauiliflower,agricultural,,,,,,,,21.2,84.3,,yes,unspecified,,407,,,,,,,,batch,,,no,,,,,,,,,,,,,,,,,,,,,,,,,,mesophilic,37,,,,,,,,,,,,,,,,19
Cauiliflower,Cauiliflower,agricultural,,,,,,,,21.2,84.3,,yes,unspecified,,358,,,,,,,,batch,,,no,,,,,,,,,,,,,,,,,,,,,,,,,,mesophilic,37,,,,,,,,,,,,,,,,19
Cauliflower,Cauliflower,agricultural,,,,,,,,21.2,84.3,,yes,unspecified,,190,,,,,,,,batch,,,no,,,,,,,,,,,,,,,,,,,,,,,,,,mesophilic,37,,,,,,,,,,,,,,,,19
Cauliflower,Cauliflower,agricultural,,,,,,,,11.2,83,,no,,,341,,,,,,,,batch,,,no,,,,,,,,,,,,,,,,,,,,,,,,,,mesophilic,35,,,,,,,,,,,,,,,,21
Manure,Chicken dung (dry),agricultural,,,,,,,,11.2,83,,yes,fermentation,,197.89,,,,,,,,,,,no,,,,,,,,,,,,,,,,,,,,,,,,,,mesophilic,35,,,,,,,,,,,,,,,,21
Taro,Chin-Sen Taro,agricultural,,,,,,,,86.4,,,,,,344,,,,,,,,batch,,,,,,,,,,,,,,,,,,,,,,,,,,,,,,,,,,,,,,,,,,,,,,37
Taro,Chin-Sen Taro,agricultural,,,,,,,,,,,no,,,321,,,,,,,,batch,,,no,,,,,,,,,,,,,,,,,,,,,,,,,,mesophilic,35,,,,,,,,,,,,,,,,4
Clover,Clover,agricultural,,,,,,,,,,,no,,,384,,,,,,,,batch,,,no,,,,,,,,,,,,,,,,,,,,,,,,,,mesophilic,35,,,,,,,,,,,,,,,,4
Clover,Clover,agricultural,,,,,,,,19.39,91.5,,no,,,549,,,,,,,,batch,,,no,,,,,,,,,,,,,,,,,,,,,,,,,,mesophilic,40,,,,,,,,,,,,,,,,18
Clover,Clover,agricultural,,,,,,,,19.39,91.5,,no,,,558,,,,,,,,batch,,,no,,,,,,,,,,,,,,,,,,,,,,,,,,mesophilic,40,,,,,,,,,,,,,,,,18
Comfrey,Comfrey,agricultural,,,,,,,,19.39,91.5,,no,,,334,,,,,,,,batch,,,no,,,,,,,,,,,,,,,,,,,,,,,,,,mesophilic,40,,,,,,,,,,,,,,,,18
Comfrey,Comfrey,agricultural,,,,,,,,11.1,84,,no,,,323,,,,,,,,batch,,,no,,,,,,,,,,,,,,,,,,,,,,,,,,mesophilic,35,,,,,,,,,,,,,,,,21
Coriander,Coriander plant,agricultural,,,,,,,,11.1,84,,yes,fermentation,,325,,,,,,,,batch,,,no,,,,,,,,,,,,,,,,,,,,,,,,,,mesophilic,35,,,,,,,,,,,,,,,,21
Maize,Corn,agricultural,,,,,,,,95.1,97.5,,yes,fermentation,,444,,,,,,,,batch,,,no,,,,,,,,,,,,,,,,,,,,,,,,,,,,,,,,,,,,,,,,,,,10
Maize,Corn,agricultural,,,,,,,,85.26,,,no,,,444,,,,,,,,batch,,,no,,,,,,,,,,,,,,,,,,,,,,,,,,mesophilic,35,,,,,,,,,,,,,,,,unpublished results
Maize,Corn,agricultural,,,,,,,,85.26,,,no,,,442,,,,,,,,batch,,,no,,,,,,,,,,,,,,,,,,,,,,,,,,mesophilic,35,,,,,,,,,,,,,,,,unpublished results
Maize,Corn,agricultural,,,,,,,,85.26,,,no,,,441,,,,,,,,batch,,,no,,,,,,,,,,,,,,,,,,,,,,,,,,mesophilic,35,,,,,,,,,,,,,,,,unpublished results
Maize,Corn,agricultural,,,,,,,,85.26,,,no,,,538,,,,,,,,batch,,,no,,,,,,,,,,,,,,,,,,,,,,,,,,mesophilic,35,,,,,,,,,,,,,,,,unpublished results
Maize,Corn,agricultural,,,,,,,,43.39,,,yes,fermentation,,530,,,,,,,,batch,,,no,,,,,,,,,,,,,,,,,,,,,,,,,,mesophilic,35,,,,,,,,,,,,,,,,17
Maize,Whole crop Maize Silage,agricultural,,,,,,,,50.09,,,yes,fermentation,,350,,,,,,,,batch,,,no,,,,,,,,,,,,,,,,,,,,,,,,,,mesophilic,35,,,,,,,,,,,,,,,,17
Maize,Whole crop Maize Silage,agricultural,,,,,,,,36.35,,,yes,fermentation,,335,,,,,,,,batch,,,no,,,,,,,,,,,,,,,,,,,,,,,,,,mesophilic,35,,,,,,,,,,,,,,,,17
Maize,Whole crop Maize Silage,agricultural,,,,,,,,36.35,,,yes,fermentation,,319,,,,,,,,batch,,,no,,,,,,,,,,,,,,,,,,,,,,,,,,mesophilic,35,,,,,,,,,,,,,,,,17
Maize,Whole crop Maize Silage,agricultural,,,,,,,,36.35,,,yes,fermentation,,431,,,,,,,,batch,,,no,,,,,,,,,,,,,,,,,,,,,,,,,,mesophilic,35,,,,,,,,,,,,,,,,17
Maize,Whole crop Maize Silage,agricultural,,,,,,,,38.86,,,yes,unspecified,,409,,,,,,,,batch,,,no,,,,,,,,,,,,,,,,,,,,,,,,,,mesophilic,35,,,,,,,,,,,,,,,,17
Maize,Whole crop Maize Silage,agricultural,,,,,,,,39.21,,,yes,unspecified,,422,,,,,,,,batch,,,no,,,,,,,,,,,,,,,,,,,,,,,,,,mesophilic,35,,,,,,,,,,,,,,,,17
Maize,Whole crop Maize Silage,agricultural,,,,,,,,38.73,,,yes,unspecified,,435,,,,,,,,batch,,,no,,,,,,,,,,,,,,,,,,,,,,,,,,mesophilic,35,,,,,,,,,,,,,,,,17
Maize,Whole crop Maize Silage,agricultural,,,,,,,,38.73,,,no,,,538,,,,,,,,batch,,,no,,,,,,,,,,,,,,,,,,,,,,,,,,mesophilic,35,,,,,,,,,,,,,,,,17
Maize,Whole crop Maize Silage,agricultural,,,,,,,,11.11,,,yes,chemical,,584,,,,,,,,batch,,,no,,,,,,,,,,,,,,,,,,,,,,,,,,mesophilic,35,,,,,,,,,,,,,,,,17
Maize,Whole crop Maize Silage,agricultural,,,,,,,,11.24,,,yes,chemical,,597,,,,,,,,batch,,,no,,,,,,,,,,,,,,,,,,,,,,,,,,mesophilic,35,,,,,,,,,,,,,,,,17
Maize,Whole crop Maize Silage,agricultural,,,,,,,,11.37,,,yes,chemical,,539,,,,,,,,batch,,,no,,,,,,,,,,,,,,,,,,,,,,,,,,mesophilic,35,,,,,,,,,,,,,,,,17
Maize,Whole crop Maize Silage,agricultural,,,,,,,,9.78,,,yes,chemical,,391,,,,,,,,batch,,,no,,,,,,,,,,,,,,,,,,,,,,,,,,mesophilic,35,,,,,,,,,,,,,,,,17
Maize,Corn stover,agricultural,,,,,,,,20.9,,,no,,,360,,,,,,,,batch,,,no,,,,,,,,,,,,,,,,,,,,,,,,,,mesophilic,36,,,,,,,,,,,,,,,,11
Grass,Dhub Grass or Bermuda Grass,agricultural,,,,,,,,5,,,no,,,226,,,,,,,,batch,,,no,,,,,,,,,,,,,,,,,,,,,,,,,,mesophilic,42,,,,,,,,,,,,,,,,38
Grass,Dhub Grass or Bermuda Grass,agricultural,,,,,,,,33.2,89.3,,yes,unspecified,,228,,,,,,,,batch,,,no,,,,,,,,,,,,,,,,,,,,,,,,,,mesophilic,37,,,,,,,,,,,,,,,,19
Grass,Dhub Grass or Bermuda Grass,agricultural,,,,,,,,33.2,89.3,,yes,unspecified,,214,,,,,,,,batch,,,no,,,,,,,,,,,,,,,,,,,,,,,,,,mesophilic,37,,,,,,,,,,,,,,,,19
Grass,Dhub Grass or Bermuda Grass,agricultural,,,,,,,,33.2,89.3,,yes,unspecified,,205,,,,,,,,batch,,,no,,,,,,,,,,,,,,,,,,,,,,,,,,mesophilic,37,,,,,,,,,,,,,,,,19
Grass,Dhub Grass or Bermuda Grass,agricultural,,,,,,,,33.2,89.3,,yes,unspecified,,137,,,,,,,,batch,,,no,,,,,,,,,,,,,,,,,,,,,,,,,,mesophilic,37,,,,,,,,,,,,,,,,19
Doge,Doge early harvest,agricultural,,,,,,,,33.2,89.3,,yes,unspecified,,330,,,,,,,,,,,no,,,,,,,,,,,,,,,,,,,,,,,,,,mesophilic,37,,,,,,,,,,,,,,,,19
Draff,Draff (fresh or pressed out),agricultural,,,,,,,,19.79,,,,,,336.319,,,,,,,,,,,,,,,,,,,,,,,,,,,,,,,,,,,,,,,,,,,,,,,,,,,,,,32
Willow,Energy Willow,industrial,,,,,,,,19.9,,,,,,160,,,,,,,,,,,,,,,,,,,,,,,,,,,,,,,,,,,,,,,,,,,,,,,,,,,,,,37
Willow,Energy Willow,agricultural,,,,,,,,50,49,,no,,,290,,,,,,,,batch,,,no,,,,,,,,,,,,,,,,,,,,,,,,,,mesophilic,35,,,,,,,,,,,,,,,,13
Cane,EnergyCane,agricultural,,,,,,,,50,49,,no,,,320,,,,,,,,batch,,,no,,,,,,,,,,,,,,,,,,,,,,,,,,mesophilic,37,,,,,,,,,,,,,,,,13
Cane,EnergyCane,agricultural,,,,,,,,,,,,,,240,,,,,,,,batch,,,,,,,,,,,,,,,,,,,,,,,,,,,,,mesophilic,35,,,,,,,,,,,,,,,,4
Cane,EnergyCane,agricultural,,,,,,,,,,,,,,290,,,,,,,,batch,,,,,,,,,,,,,,,,,,,,,,,,,,,,,mesophilic,35,,,,,,,,,,,,,,,,4
Cane,EnergyCane,agricultural,,,,,,,,,,,,,,279,,,,,,,,batch,,,,,,,,,,,,,,,,,,,,,,,,,,,,,mesophilic,35,,,,,,,,,,,,,,,,4
Cane,EnergyCane,agricultural,,,,,,,,,,,no,,,277,,,,,,,,batch,,,no,,,,,,,,,,,,,,,,,,,,,,,,,,mesophilic,35,,,,,,,,,,,,,,,,4
Cane,EnergyCane,agricultural,,,,,,,,,,,no,,,293,,,,,,,,batch,,,no,,,,,,,,,,,,,,,,,,,,,,,,,,mesophilic,35,,,,,,,,,,,,,,,,4
Cane,EnergyCane,agricultural,,,,,,,,,,,yes,unspecified,,251,,,,,,,,batch,,,no,,,,,,,,,,,,,,,,,,,,,,,,,,mesophilic,35,,,,,,,,,,,,,,,,4
Cane,EnergyCane,agricultural,,,,,,,,,,,yes,unspecified,,253,,,,,,,,batch,,,no,,,,,,,,,,,,,,,,,,,,,,,,,,mesophilic,35,,,,,,,,,,,,,,,,4
Cane,EnergyCane,agricultural,,,,,,,,,,,yes,unspecified,,240,,,,,,,,batch,,,no,,,,,,,,,,,,,,,,,,,,,,,,,,mesophilic,35,,,,,,,,,,,,,,,,4
Cane,EnergyCane,agricultural,,,,,,,,,,,yes,unspecified,,245,,,,,,,,batch,,,no,,,,,,,,,,,,,,,,,,,,,,,,,,mesophilic,35,,,,,,,,,,,,,,,,4
Cane,EnergyCane,agricultural,,,,,,,,,,,no,,,265,,,,,,,,batch,,,no,,,,,,,,,,,,,,,,,,,,,,,,,,mesophilic,35,,,,,,,,,,,,,,,,4
Cane,EnergyCane,agricultural,,,,,,,,,,,yes,fermentation,,294,,,,,,,,batch,,,no,,,,,,,,,,,,,,,,,,,,,,,,,,mesophilic,35,,,,,,,,,,,,,,,,4
Cane,EnergyCane,agricultural,,,,,,,,,,,no,,,261,,,,,,,,batch,,,no,,,,,,,,,,,,,,,,,,,,,,,,,,mesophilic,35,,,,,,,,,,,,,,,,4
Cane,EnergyCane,agricultural,,,,,,,,,,,no,,,246,,,,,,,,batch,,,no,,,,,,,,,,,,,,,,,,,,,,,,,,mesophilic,35,,,,,,,,,,,,,,,,4
Cane,EnergyCane,agricultural,,,,,,,,,,,no,,,276,,,,,,,,batch,,,no,,,,,,,,,,,,,,,,,,,,,,,,,,mesophilic,35,,,,,,,,,,,,,,,,4
Cane,EnergyCane,agricultural,,,,,,,,,,,no,,,228,,,,,,,,batch,,,no,,,,,,,,,,,,,,,,,,,,,,,,,,mesophilic,35,,,,,,,,,,,,,,,,4
Cane,EnergyCane,agricultural,,,,,,,,,,,no,,,298,,,,,,,,batch,,,no,,,,,,,,,,,,,,,,,,,,,,,,,,mesophilic,35,,,,,,,,,,,,,,,,4
Cane,EnergyCane,agricultural,,,,,,,,,,,no,,,299,,,,,,,,batch,,,no,,,,,,,,,,,,,,,,,,,,,,,,,,mesophilic,35,,,,,,,,,,,,,,,,4
Cane,EnergyCane,agricultural,,,,,,,,,,,no,,,279,,,,,,,,batch,,,no,,,,,,,,,,,,,,,,,,,,,,,,,,mesophilic,35,,,,,,,,,,,,,,,,4
Cane,EnergyCane,agricultural,,,,,,,,,,,no,,,261,,,,,,,,batch,,,no,,,,,,,,,,,,,,,,,,,,,,,,,,mesophilic,35,,,,,,,,,,,,,,,,4
Eucalyptus,Eucalyptus,agricultural,,,,,,,,,,,no,,,14,,,,,,,,batch,,,no,,,,,,,,,,,,,,,,,,,,,,,,,,mesophilic,35,,,,,,,,,,,,,,,,4
Bean,Field Beans,agricultural,,,,,,,,43,,,,,,259,,,,,,,,semicontinuous,,,,,,,,,,,,,,,,,,,,,,,,,,,,,,,,,,,,,,,,,,,,,,37
Fodder,Field Fodder,agricultural,,,,,,,,18,,,no,,,236.845,,,,,,,,,,,no,,,,,,,,,,,,,,,,,,,,,,,,,,mesophilic,42,,,,,,,,,,,,,,,,38
Fodder,Field Fodder,agricultural,,,,,,,,19.3,,,,,,267.729,,,,,,,,,,,,,,,,,,,,,,,,,,,,,,,,,,,,,,,,,,,,,,,,,,,,,,37
Fodder,Field Fodder,agricultural,,,,,,,,87.6,,,,,,331.038,,,,,,,,,,,,,,,,,,,,,,,,,,,,,,,,,,,,,,,,,,,,,,,,,,,,,,37
Beet,Fodder Beet - Sumo,agricultural,,,,,,,,12.7,,,,,,278,,,,,,,,semicontinuous,,,,,,,,,,,,,,,,,,,,,,,,,,,,,,,,,,,,,,,,,,,,,,37
Beet,Fodder Beet Kyros,agricultural,,,,,,,,16,,,no,,,400,,,,,,,,,,,no,,,,,,,,,,,,,,,,,,,,,,,,,,mesophilic,42,,,,,,,,,,,,,,,,38
OFMSW,Food waste,municipal,,,,,,,,23,,,,,,541,,,,,,,,batch,,,,,,,,,,,,,,,,,,,,,,,,,,,,,,,,,,,,,,,,,,,,,,32
Sorghum,Forage Sorghum,agricultural,,,,,,,,,,,no,,,295,,,,,,,,batch,,,no,,,,,,,,,,,,,,,,,,,,,,,,,,mesophilic,35,,,,,,,,,,,,,,,,4
OFMSW,French-Bean waste,municipal,,,,,,,,27.05,91.93,,no,,,343,,,,,,,,semicontinuous,,,no,,,,,,,,,,,,,,,,,,,,,,,,,,mesophilic,40,,,,,,,,,,,,,,,,18
Knotweed,Giant knotweed,agricultural,,,,,,,,20.7,92.27,,no,,,270,,,,,,,,batch,,,no,,,,,,,,,,,,,,,,,,,,,,,,,,mesophilic,35,,,,,,,,,,,,,,,,14
Grass,Glover Grass,agricultural,,,,,,,,30.3,93.4,,no,,,279.45,,,,,,,,,,,no,,,,,,,,,,,,,,,,,,,,,,,,,,mesophilic,35,,,,,,,,,,,,,,,,14
Grass,Glover Grass,agricultural,,,,,,,,89.5,,,,,,334.508,,,,,,,,,,,,,,,,,,,,,,,,,,,,,,,,,,,,,,,,,,,,,,,,,,,,,,37
Grain,Grain,agricultural,,,,,,,,12.7,,,,,,364.766,,,,,,,,,,,,,,,,,,,,,,,,,,,,,,,,,,,,,,,,,,,,,,,,,,,,,,37
Grain,Grain,agricultural,,,,,,,,6.9,,,,,,354.24,,,,,,,,,,,,,,,,,,,,,,,,,,,,,,,,,,,,,,,,,,,,,,,,,,,,,,37
Grain,Grain Sorghum,agricultural,,,,,,,,89.2,,,,,,372,,,,,,,,batch,,,,,,,,,,,,,,,,,,,,,,,,,,,,,,,,,,,,,,,,,,,,,,37
Grain,"Grain wastage, Dung",agricultural,,,,,,,,46.69,95.38,,no,,,243.6,,,,,,,,,,,no,,,,,,,,,,,,,,,,,,,,,,,,,,mesophilic,40,,,,,,,,,,,,,,,,18
Marc,GRape Marc (<1mm grinded),municipal,,,,,,,,26.1,,,,,,160.146,,,,,,,,,,,,,,,,,,,,,,,,,,,,,,,,,,,,,,,,,,,,,,,,,,,,,,37
Vine,GRape vine,agricultural,,,,,,,,16.4,,,,,,283,,,,,,,,batch,,,,,,,,,,,,,,,,,,,,,,,,,,,,,,,,,,,,,,,,,,,,,,37
Grass,Grass,agricultural,,,,,,,,,,,no,,,330.184,,,,,,,,,,,no,,,,,,,,,,,,,,,,,,,,,,,,,,thermophilic,55,,,,,,,,,,,,,,,,1
Grass,Grass,agricultural,,,,,,,,21.1,,,,,,295.22,,,,,,,,,,,,,,,,,,,,,,,,,,,,,,,,,,,,,,,,,,,,,,,,,,,,,,37
Grass,Grass,agricultural,,,,,,,,83.9,,,,,,80.223,,,,,,,,,,,,,,,,,,,,,,,,,,,,,,,,,,,,,,,,,,,,,,,,,,,,,,37
Grass,Grass,agricultural,,,,,,,,74.7,,,,,,82.65,,,,,,,,,,,,,,,,,,,,,,,,,,,,,,,,,,,,,,,,,,,,,,,,,,,,,,37
Grass,Grass (mixture of timothy and Clover),agricultural,,,,,,,,21.6,,,,,,360,,,,,,,,batch,,,,,,,,,,,,,,,,,,,,,,,,,,,,,,,,,,,,,,,,,,,,,,37
Grass,Grass (mixture of timothy and Clover),agricultural,,,,,,,,15.6,,,no,,,420,,,,,,,,batch,,,no,,,,,,,,,,,,,,,,,,,,,,,,,,mesophilic,35,,,,,,,,,,,,,,,,40
Grass,Grass (mixture of timothy and Clover),agricultural,,,,,,,,13,,,no,,,430,,,,,,,,batch,,,no,,,,,,,,,,,,,,,,,,,,,,,,,,mesophilic,35,,,,,,,,,,,,,,,,40
Grass,Grass (mixture of timothy and Clover),agricultural,,,,,,,,12.1,,,no,,,420,,,,,,,,batch,,,no,,,,,,,,,,,,,,,,,,,,,,,,,,mesophilic,35,,,,,,,,,,,,,,,,40
Grass,Grass (mixture of timothy and Clover),agricultural,,,,,,,,13.3,,,yes,enzymatic,,430,,,,,,,,batch,,,yes,Josilac (containing LAB and enzymes),,,,,,,,,,,,,,,,,,,,,,,,,mesophilic,35,,,,,,,,,,,,,,,,40
Grass,Grass (mixture of timothy and Clover),agricultural,,,,,,,,12.1,,,yes,enzymatic,,510,,,,,,,,batch,,,yes,Josilac (containing LAB and enzymes),,,,,,,,,,,,,,,,,,,,,,,,,mesophilic,35,,,,,,,,,,,,,,,,40
Artichoke,Jerusalem Artichoke - biomass,agricultural,,,,,,,,16.4,,,yes,unspecified,,175,,,,,,,,semicontinuous,,,no,,,,,,,,,,,,,,,,,,,,,,,,,,mesophilic,35,,,,,,,,,,,,,,,,40
Artichoke,Jerusalem Artichoke - tubers,agricultural,,,,,,,,33,,,no,,,349,,,,,,,,semicontinuous,,,no,,,,,,,,,,,,,,,,,,,,,,,,,,mesophilic,42,,,,,,,,,,,,,,,,38
Grass,Lawn,agricultural,,,,,,,,,,,,,,300,,,,,,,,batch,,,,,,,,,,,,,,,,,,,,,,,,,,,,,mesophilic,35,,,,,,,,,,,,,,,,2
OFMSW,Leftover,agricultural,,,,,,,,21.5,88.84,,no,,,481.072,,,,,,,,,,,no,,,,,,,,,,,,,,,,,,,,,,,,,,mesophilic,35,,,,,,,,,,,,,,,,14
OFMSW,Leftover (mesophilicl),municipal,,,,,,,,88.5,,,,,,302.1,,,,,,,,,,,,,,,,,,,,,,,,,,,,,,,,,,,,,,,,,,,,,,,,,,,,,,37
OFMSW,Leftover (thermophilic),municipal,,,,,,,,1.4,,,,,,401.109,,,,,,,,,,,,,,,,,,,,,,,,,,,,,,,,,,,,,,,,,,,,,,,,,,,,,,37
Lemon,Lemon,agricultural,,,,,,,,18.2,,,,,,473,,,,,,,,batch,,,,,,,,,,,,,,,,,,,,,,,,,,,,,,,,,,,,,,,,,,,,,,37
Lucerne,Lucerne 1.Schnitt FM,agricultural,,,,,,,,22,,,no,,,339.57,,,,,,,,,,,no,,,,,,,,,,,,,,,,,,,,,,,,,,mesophilic,42,,,,,,,,,,,,,,,,38
Lucerne,Lucerne 1.Schnitt FM,agricultural,,,,,,,,21.9,,,,,,498.33,,,,,,,,,,,,,,,,,,,,,,,,,,,,,,,,,,,,,,,,,,,,,,,,,,,,,,31
Lucerne,Lucerne 2. Schnitt FM,agricultural,,,,,,,,14.4,,,,,,362.24,,,,,,,,,,,,,,,,,,,,,,,,,,,,,,,,,,,,,,,,,,,,,,,,,,,,,,31
Lucerne,Lucerne 2. Schnitt FM,agricultural,,,,,,,,22.9,,,,,,364.32,,,,,,,,,,,,,,,,,,,,,,,,,,,,,,,,,,,,,,,,,,,,,,,,,,,,,,31
Lucerne,Lucerne 3. Schnitt FM,agricultural,,,,,,,,34.8,,,,,,406.64,,,,,,,,,,,,,,,,,,,,,,,,,,,,,,,,,,,,,,,,,,,,,,,,,,,,,,31
Lucerne,Lucerne 3. Schnitt S,agricultural,,,,,,,,39.8,,,,,,448.8,,,,,,,,,,,,,,,,,,,,,,,,,,,,,,,,,,,,,,,,,,,,,,,,,,,,,,31
Lupin,Lupine,agricultural,,,,,,,,34.4,,,,,,360,,,,,,,,batch,,,,,,,,,,,,,,,,,,,,,,,,,,,,,,,,,,,,,,,,,,,,,,31
Lupin,Lupine,agricultural,,,,,,,,12.4,90.32,,no,,,310,,,,,,,,batch,,,no,,,,,,,,,,,,,,,,,,,,,,,,,,mesophilic,35,,,,,,,,,,,,,,,,14
Maize,Maize,agricultural,,,,,,,,14.3,93,,no,,,383,,,,,,,,batch,,,no,,,,,,,,,,,,,,,,,,,,,,,,,,mesophilic,35,,,,,,,,,,,,,,,,14
Grass,Grass (mixture of timothy and Clover),agricultural,,,,,,,,35.59,,,no,,,390,,,,,,,,batch,,,no,,,,,,,,,,,,,,,,,,,,,,,,,,mesophilic,35,,,,,,,,,,,,,,,,16
Grass,Grass (mixture of timothy and Clover),agricultural,,,,,,,,14.6,,,yes,unspecified,,480,,,,,,,,batch,,,no,,,,,,,,,,,,,,,,,,,,,,,,,,mesophilic,35,,,,,,,,,,,,,,,,40
Grass,Grass (mixture of timothy and Clover),agricultural,,,,,,,,16.3,,,yes,enzymatic-unspecified,,390,,,,,,,,batch,,,yes,24 h pre-wilting +Josilac (containing LAB and enzymes),,,,,,,,,,,,,,,,,,,,,,,,,mesophilic,35,,,,,,,,,,,,,,,,40
Grass,Grass (mixture of timothy and Clover),agricultural,,,,,,,,13.9,,,yes,enzymatic-unspecified,,420,,,,,,,,batch,,,yes,24 h pre-wilting +Josilac (containing LAB and enzymes),,,,,,,,,,,,,,,,,,,,,,,,,mesophilic,35,,,,,,,,,,,,,,,,40
Grass,Grass (mixture of timothy and Clover),agricultural,,,,,,,,22.8,,,yes,unspecified,,320,,,,,,,,batch,,,no,,,,,,,,,,,,,,,,,,,,,,,,,,mesophilic,35,,,,,,,,,,,,,,,,40
Grass,Grass (mixture of timothy and Clover),agricultural,,,,,,,,21.1,,,yes,unspecified,,410,,,,,,,,batch,,,no,,,,,,,,,,,,,,,,,,,,,,,,,,mesophilic,35,,,,,,,,,,,,,,,,40
Grass,Grass (mixture of timothy and Clover),agricultural,,,,,,,,22.5,,,yes,enzymatic-unspecified,,410,,,,,,,,batch,,,yes,48 h pre-wilting +Josilac (containing LAB and enzymes),,,,,,,,,,,,,,,,,,,,,,,,,mesophilic,35,,,,,,,,,,,,,,,,40
Grass,Grass,agricultural,,,,,,,,19.9,,,yes,enzymatic-unspecified,,331.683,,,,,,,,,,,yes,48 h pre-wilting +Josilac (containing LAB and enzymes),,,,,,,,,,,,,,,,,,,,,,,,,mesophilic,35,,,,,,,,,,,,,,,,40
Grass,Grass cut (golf course),agricultural,,,,,,,,28.3,,,,,,260.033,,,,,,,,,,,,,,,,,,,,,,,,,,,,,,,,,,,,,,,,,,,,,,,,,,,,,,37
Grass,Grass cut (loppings),agricultural,,,,,,,,31.8,,,,,,101.43,,,,,,,,,,,,,,,,,,,,,,,,,,,,,,,,,,,,,,,,,,,,,,,,,,,,,,37
Hay,Grass Hay 67.5% timothy 22.5% meadow Fescue 10% Red Clover,agricultural,,,,,,,,28.2,,,,,,370,,,,,,,,batch,,,,,,,,,,,,,,,,,,,,,,,,,,,,,,,,,,,,,,,,,,,,,,37
Hay,Grass Hay 67.5% timothy 22.5% meadow Fescue 10% Red Clover,agricultural,,,,,,,,24.8,92.74,,no,,,380,,,,,,,,batch,,,no,,,,,,,,,,,,,,,,,,,,,,,,,,mesophilic,35,,,,,,,,,,,,,,,,14
Hay,Grass Hay (75% thymothy 25% meadow Fescue),agricultural,,,,,,,,20.2,93.07,,no,,,230,,,,,,,,batch,,,no,,,,,,,,,,,,,,,,,,,,,,,,,,mesophilic,35,,,,,,,,,,,,,,,,14
Hay,Grass Hay (75% thymothy 25% meadow Fescue),agricultural,,,,,,,,30.2,27.9,,no,,,270,,,,,,,,batch,,,no,,,,,,,,,,,,,,,,,,,,,,,,,,mesophilic,35,,,,,,,,,,,,,,,,15
Hay,Grass Hay (75% thymothy 25% meadow Fescue),agricultural,,,,,,,,30.2,27.9,,yes,enzymatic,,270,,,,,,,,batch,,,yes,,,,,,,,,,,,,,,,,,,,,,,,,,mesophilic,35,,,,,,,,,,,,,,,,15
Hay,Grass Hay (75% thymothy 25% meadow Fescue),agricultural,,,,,,,,30.2,27.9,,yes,enzymatic,,260,,,,,,,,batch,,,yes,,,,,,,,,,,,,,,,,,,,,,,,,,mesophilic,35,,,,,,,,,,,,,,,,15
Hay,Grass Hay (75% thymothy 25% meadow Fescue),agricultural,,,,,,,,30.2,27.9,,yes,fermentation,,190,,,,,,,,batch,,,no,,,,,,,,,,,,,,,,,,,,,,,,,,mesophilic,35,,,,,,,,,,,,,,,,15
Hay,Grass Hay (75% thymothy 25% meadow Fescue),agricultural,,,,,,,,30.2,27.9,,yes,fermentation,,130,,,,,,,,batch,,,no,,,,,,,,,,,,,,,,,,,,,,,,,,mesophilic,35,,,,,,,,,,,,,,,,15
Hay,Grass Hay (75% thymothy 25% meadow Fescue),agricultural,,,,,,,,30.2,27.9,,yes,fermentation,,240,,,,,,,,batch,,,no,,,,,,,,,,,,,,,,,,,,,,,,,,mesophilic,35,,,,,,,,,,,,,,,,15
Hay,Grass Hay (75% thymothy 25% meadow Fescue),agricultural,,,,,,,,30.2,27.9,,yes,enzymatic,,100,,,,,,,,batch,,,,,yes,Active fungi on sterilised substrate 21d,,,,,,,,,,,,,,,,,,,,,,,mesophilic,35,,,,,,,,,,,,,,,,15
Hay,Grass Hay (75% thymothy 25% meadow Fescue),agricultural,,,,,,,,30.2,27.9,,yes,enzymatic,,140,,,,,,,,batch,,,,,yes,Inactive fungi on sterilised substrate 21 d.,,,,,,,,,,,,,,,,,,,,,,,mesophilic,35,,,,,,,,,,,,,,,,15
Hay,Grass Hay (75% thymothy 25% meadow Fescue),agricultural,,,,,,,,30.2,27.9,,yes,enzymatic,,130,,,,,,,,batch,,,,,yes,Active fungi on unsterilised substrate 21 d.,,,,,,,,,,,,,,,,,,,,,,,mesophilic,35,,,,,,,,,,,,,,,,15
Hay,Grass Hay (75% thymothy 25% meadow Fescue),agricultural,,,,,,,,30.2,27.9,,yes,enzymatic,,260,,,,,,,,batch,,,,,yes,Inactive fungi on unsterilised substrate 21 d.,,,,,,,,,,,,,,,,,,,,,,,mesophilic,35,,,,,,,,,,,,,,,,15
Hay,Grass Hay (75% thymothy 25% meadow Fescue),agricultural,,,,,,,,30.2,27.9,,yes,unspecified,,250,,,,,,,,batch,,,no,,,,,,,,,,,,,,,,,,,,,,,,,,mesophilic,35,,,,,,,,,,,,,,,,15
Hay,Grass Hay (75% thymothy 25% meadow Fescue),agricultural,,,,,,,,30.2,27.9,,yes,chemical,,270,,,,,,,,batch,,,no,,,,,,,,,,,,,,,,,,,,,,,,,,mesophilic,35,,,,,,,,,,,,,,,,15
Hay,Grass Hay (75% thymothy 25% meadow Fescue),agricultural,,,,,,,,30.2,27.9,,yes,chemical,,230,,,,,,,,batch,,,no,,,,,,,,,,,,,,,,,,,,,,,,,,mesophilic,35,,,,,,,,,,,,,,,,15
Hay,Grass Hay (75% thymothy 25% meadow Fescue),agricultural,,,,,,,,30.2,27.9,,yes,chemical,,140,,,,,,,,batch,,,no,,,,,,,,,,,,,,,,,,,,,,,,,,mesophilic,35,,,,,,,,,,,,,,,,15
Hay,Grass Hay (75% thymothy 25% meadow Fescue),agricultural,,,,,,,,30.2,27.9,,yes,chemical,,210,,,,,,,,batch,,,no,,,,,,,,,,,,,,,,,,,,,,,,,,mesophilic,35,,,,,,,,,,,,,,,,15
Hay,Grass Hay (75% thymothy 25% meadow Fescue),agricultural,,,,,,,,30.2,27.9,,yes,chemical,,170,,,,,,,,batch,,,no,,,,,,,,,,,,,,,,,,,,,,,,,,mesophilic,35,,,,,,,,,,,,,,,,15
Hay,Grass Hay (75% thymothy 25% meadow Fescue),agricultural,,,,,,,,30.2,27.9,,yes,chemical,,240,,,,,,,,batch,,,no,,,,,,,,,,,,,,,,,,,,,,,,,,mesophilic,35,,,,,,,,,,,,,,,,15
Hay,Grass Hay (75% thymothy 25% meadow Fescue),agricultural,,,,,,,,30.2,27.9,,yes,chemical,,270,,,,,,,,batch,,,no,,,,,,,,,,,,,,,,,,,,,,,,,,mesophilic,35,,,,,,,,,,,,,,,,15
Hay,Grass Hay (75% thymothy 25% meadow Fescue),agricultural,,,,,,,,30.2,27.9,,yes,chemical,,200,,,,,,,,batch,,,no,,,,,,,,,,,,,,,,,,,,,,,,,,mesophilic,35,,,,,,,,,,,,,,,,15
Hay,Grass Hay (75% thymothy 25% meadow Fescue),agricultural,,,,,,,,30.2,27.9,,yes,chemical,,230,,,,,,,,batch,,,no,,,,,,,,,,,,,,,,,,,,,,,,,,mesophilic,35,,,,,,,,,,,,,,,,15
Hay,Grass Hay (75% thymothy 25% meadow Fescue),agricultural,,,,,,,,30.2,27.9,,yes,chemical,,250,,,,,,,,batch,,,no,,,,,,,,,,,,,,,,,,,,,,,,,,mesophilic,35,,,,,,,,,,,,,,,,15
Hay,Grass Hay (75% thymothy 25% meadow Fescue),agricultural,,,,,,,,30.2,27.9,,yes,chemical,,230,,,,,,,,batch,,,no,,,,,,,,,,,,,,,,,,,,,,,,,,mesophilic,35,,,,,,,,,,,,,,,,15
Hay,Grass Hay (75% thymothy 25% meadow Fescue),agricultural,,,,,,,,30.2,27.9,,yes,chemical,,230,,,,,,,,batch,,,no,,,,,,,,,,,,,,,,,,,,,,,,,,mesophilic,35,,,,,,,,,,,,,,,,15
Hay,Grass Hay (75% thymothy 25% meadow Fescue),agricultural,,,,,,,,30.2,92.38410596,,no,,,230,,,,,,,,batch,,,no,,,,,,,,,,,,,,,,,,,,,,,,,,mesophilic,35,,,,,,,,,,,,,,,,12
Hay,Grass Hay (75% thymothy 25% meadow Fescue),agricultural,,,,,,,,24.4,93.03278689,,no,,,180,,,,,,,,batch,,,no,,,,,,,,,,,,,,,,,,,,,,,,,,mesophilic,35,,,,,,,,,,,,,,,,12
Hay,Grass Hay (75% thymothy 25% meadow Fescue),agricultural,,,,,,,,24.9,91.16465863,,no,,,230,,,,,,,,batch,,,no,,,,,,,,,,,,,,,,,,,,,,,,,,mesophilic,35,,,,,,,,,,,,,,,,12
Hay,Grass Hay (75% thymothy 25% meadow Fescue),agricultural,,,,,,,,23.7,89.87341772,,no,,,280,,,,,,,,batch,,,no,,,,,,,,,,,,,,,,,,,,,,,,,,mesophilic,35,,,,,,,,,,,,,,,,12
Hay,Grass Hay (75% thymothy 25% meadow Fescue),agricultural,,,,,,,,32.7,93.27217125,,yes,chemical,,280,,,,,,,,batch,,,no,,,,,,,,,,,,,,,,,,,,,,,,,,mesophilic,35,,,,,,,,,,,,,,,,12
Hay,Grass Hay (75% thymothy 25% meadow Fescue),agricultural,,,,,,,,30.4,93.42105263,,yes,chemical,,310,,,,,,,,batch,,,no,,,,,,,,,,,,,,,,,,,,,,,,,,mesophilic,35,,,,,,,,,,,,,,,,12
Hay,Grass Hay (75% thymothy 25% meadow Fescue),agricultural,,,,,,,,25.9,90.73359073,,yes,chemical,,280,,,,,,,,batch,,,no,,,,,,,,,,,,,,,,,,,,,,,,,,mesophilic,35,,,,,,,,,,,,,,,,12
Hay,Grass Hay (75% thymothy 25% meadow Fescue),agricultural,,,,,,,,28.5,91.57894737,,yes,chemical,,240,,,,,,,,batch,,,no,,,,,,,,,,,,,,,,,,,,,,,,,,mesophilic,35,,,,,,,,,,,,,,,,12
Hay,Grass Hay (75% thymothy 25% meadow Fescue),agricultural,,,,,,,,29.9,92.64214047,,yes,enzymatic,,240,,,,,,,,batch,,,yes,"Enzyme mix (1% v/v two xylanases and two cellulases from Trichoderma reesei) applied in a ratio 0,01% v/w",,,,,,,,,,,,,,,,,,,,,,,,,mesophilic,35,,,,,,,,,,,,,,,,12
Hay,Grass Hay (75% thymothy 25% meadow Fescue),agricultural,,,,,,,,27.7,92.41877256,,yes,enzymatic,,260,,,,,,,,batch,,,yes,"Enzyme mix (1% v/v two xylanases and two cellulases from Trichoderma reesei) applied in a ratio 0,01% v/w",,,,,,,,,,,,,,,,,,,,,,,,,mesophilic,35,,,,,,,,,,,,,,,,12
Hay,Grass Hay (75% thymothy 25% meadow Fescue),agricultural,,,,,,,,25.9,90.73359073,,yes,enzymatic,,240,,,,,,,,batch,,,yes,"Enzyme mix (1% v/v two xylanases and two cellulases from Trichoderma reesei) applied in a ratio 0,01% v/w",,,,,,,,,,,,,,,,,,,,,,,,,mesophilic,35,,,,,,,,,,,,,,,,12
Hay,Grass Hay (75% thymothy 25% meadow Fescue),agricultural,,,,,,,,27.1,91.51291513,,yes,enzymatic,,170,,,,,,,,batch,,,yes,"Enzyme mix (1% v/v two xylanases and two cellulases from Trichoderma reesei) applied in a ratio 0,01% v/w",,,,,,,,,,,,,,,,,,,,,,,,,mesophilic,35,,,,,,,,,,,,,,,,12
Hay,Grass Hay (75% thymothy 25% meadow Fescue),agricultural,,,,,,,,31.6,95.56962025,,yes,enzymatic,,240,,,,,,,,batch,,,,,yes,"Lactic Acid Bacteria (60% Lactobacillus rhamsonus and 40% Propionibacterium freudenreichii spp. Shermanii) diluted to 0,7 g/l and applied in ratio 0,5% v/w",,,,,,,,,,,,,,,,,,,,,,,mesophilic,35,,,,,,,,,,,,,,,,12
Hay,Grass Hay (75% thymothy 25% meadow Fescue),agricultural,,,,,,,,26.2,91.98473282,,yes,enzymatic,,240,,,,,,,,batch,,,,,yes,"Lactic Acid Bacteria (60% Lactobacillus rhamsonus and 40% Propionibacterium freudenreichii spp. Shermanii) diluted to 0,7 g/l and applied in ratio 0,5% v/w",,,,,,,,,,,,,,,,,,,,,,,mesophilic,35,,,,,,,,,,,,,,,,12
Hay,Grass Hay (75% thymothy 25% meadow Fescue),agricultural,,,,,,,,25.5,90.98039216,,yes,enzymatic,,240,,,,,,,,batch,,,,,yes,"Lactic Acid Bacteria (60% Lactobacillus rhamsonus and 40% Propionibacterium freudenreichii spp. Shermanii) diluted to 0,7 g/l and applied in ratio 0,5% v/w",,,,,,,,,,,,,,,,,,,,,,,mesophilic,35,,,,,,,,,,,,,,,,12
Hay,Grass Hay (75% thymothy 25% meadow Fescue),agricultural,,,,,,,,26.9,91.44981413,,yes,enzymatic,,270,,,,,,,,batch,,,,,yes,"Lactic Acid Bacteria (60% Lactobacillus rhamsonus and 40% Propionibacterium freudenreichii spp. Shermanii) diluted to 0,7 g/l and applied in ratio 0,5% v/w",,,,,,,,,,,,,,,,,,,,,,,mesophilic,35,,,,,,,,,,,,,,,,12
Hay,Grass Hay (75% thymothy 25% meadow Fescue),agricultural,,,,,,,,22,91.81818182,,yes,enzymatic,,230,,,,,,,,batch,,,,,yes,Mixed culture (Supernatant of centrifugated digested sludge from same digester as innoculum) applied in ratio 25% (v/w),,,,,,,,,,,,,,,,,,,,,,,mesophilic,35,,,,,,,,,,,,,,,,12
Hay,Grass Hay (75% thymothy 25% meadow Fescue),agricultural,,,,,,,,22.2,91.44144144,,yes,enzymatic,,230,,,,,,,,batch,,,,,yes,Mixed culture (Supernatant of centrifugated digested sludge from same digester as innoculum) applied in ratio 25% (v/w),,,,,,,,,,,,,,,,,,,,,,,mesophilic,35,,,,,,,,,,,,,,,,12
Hay,Grass Hay (75% thymothy 25% meadow Fescue),agricultural,,,,,,,,20.6,,,yes,enzymatic,,240,,,,,,,,batch,,,,,yes,Mixed culture (Supernatant of centrifugated digested sludge from same digester as innoculum) applied in ratio 25% (v/w),,,,,,,,,,,,,,,,,,,,,,,mesophilic,35,,,,,,,,,,,,,,,,12
Hay,Grass Hay (75% thymothy 25% meadow Fescue),agricultural,,,,,,,,20,90.5,,yes,enzymatic,,290,,,,,,,,batch,,,,,yes,Mixed culture (Supernatant of centrifugated digested sludge from same digester as innoculum) applied in ratio 25% (v/w),,,,,,,,,,,,,,,,,,,,,,,mesophilic,35,,,,,,,,,,,,,,,,12
Hay,Grass Hay (75% thymothy 25% meadow Fescue),agricultural,,,,,,,,25.9,,,yes,enzymatic,,560,,,,,,,,batch,,,,,yes,Mixed culture (Supernatant of centrifugated digested sludge from same digester as innoculum) applied in ratio 25% (v/w),,,,,,,,,,,,,,,,,,,,,,,mesophilic,35,,,,,,,,,,,,,,,,34
Manure,Green-pea slurry,agricultural,,,,,,,,25.7,,,yes,enzymatic,,310,,,,,,,,semicontinuous,,,,,yes,Mixed culture (Supernatant of centrifugated digested sludge from same digester as innoculum) applied in ratio 25% (v/w),,,,,,,,,,,,,,,,,,,,,,,mesophilic,35,,,,,,,,,,,,,,,,34
Hemp,Hemp press cake,industrial,,,,,,,,27.8,,,,,,77.588,,,,,,,,,,,,,,,,,,,,,,,,,,,,,,,,,,,,,,,,,,,,,,,,,,,,,,31
Hemp,Hemp Silage,industrial,,,,,,,,89.4,,,,,,159.46,,,,,,,,,,,,,,,,,,,,,,,,,,,,,,,,,,,,,,,,,,,,,,,,,,,,,,37
Ipomoea fistulosa,Ipomoea fistulosa,agricultural,,,,,,,,27.8,,,,,,429,,,,,,,,batch,,,,,,,,,,,,,,,,,,,,,,,,,,,,,,,,,,,,,,,,,,,,,,37
Ipomoea fistulosa,Ipomoea fistulosa,agricultural,,,,,,,,28.5,87.7,,yes,unspecified,,427,,,,,,,,batch,,,no,,,,,,,,,,,,,,,,,,,,,,,,,,mesophilic,37,,,,,,,,,,,,,,,,19
Ipomoea fistulosa,Ipomoea fistulosa,agricultural,,,,,,,,28.5,87.7,,yes,unspecified,,421,,,,,,,,batch,,,no,,,,,,,,,,,,,,,,,,,,,,,,,,mesophilic,37,,,,,,,,,,,,,,,,19
Ipomoea fistulosa,Ipomoea fistulosa,agricultural,,,,,,,,28.5,87.7,,yes,unspecified,,413,,,,,,,,batch,,,no,,,,,,,,,,,,,,,,,,,,,,,,,,mesophilic,37,,,,,,,,,,,,,,,,19
Ipomoea fistulosa,Ipomoea fistulosa,agricultural,,,,,,,,28.5,87.7,,yes,unspecified,,387,,,,,,,,batch,,,no,,,,,,,,,,,,,,,,,,,,,,,,,,mesophilic,37,,,,,,,,,,,,,,,,19
Artichoke,Jerusalem Artichoke,agricultural,,,,,,,,28.5,87.7,,yes,unspecified,,370,,,,,,,,batch,,,no,,,,,,,,,,,,,,,,,,,,,,,,,,mesophilic,37,,,,,,,,,,,,,,,,19
Artichoke,Jerusalem Artichoke,agricultural,,,,,,,,27.8,91.72661871,,no,,,360,,,,,,,,batch,,,no,,,,,,,,,,,,,,,,,,,,,,,,,,mesophilic,35,,,,,,,,,,,,,,,,14
Artichoke,Jerusalem Artichoke,agricultural,,,,,,,,32.4,93.51851852,,no,,,309,,,,,,,,batch,,,no,,,,,,,,,,,,,,,,,,,,,,,,,,mesophilic,35,,,,,,,,,,,,,,,,14
Artichoke,Jerusalem Artichoke,agricultural,,,,,,,,13.6,83,,no,,,301,,,,,,,,batch,,,no,,,,,,,,,,,,,,,,,,,,,,,,,,mesophilic,35,,,,,,,,,,,,,,,,21
Maize,Maize,agricultural,,,,,,,,,,,yes,fermentation,,338,,,,,,,,batch,,,no,,,,,,,,,,,,,,,,,,,,,,,,,,mesophilic,37,,,,,,,,,,,,,,,,8
Maize,Maize,agricultural,,,,,,,,33.86,,,yes,fermentation,,480,,,,,,,,batch,,,no,,,,,,,,,,,,,,,,,,,,,,,,,,mesophilic,35,,,,,,,,,,,,,,,,16
Maize,Maize,agricultural,,,,,,,,34.92,,,yes,fermentation,,348,,,,,,,,batch,,,no,,,,,,,,,,,,,,,,,,,,,,,,,,mesophilic,35,,,,,,,,,,,,,,,,16
Algae biomass,Sargassum,municipal,,,,,,,,34.18,,,yes,enzymatic,,143,,,,,,,,batch,,,,,yes,Silage 44 days+Treatment with homofermentative lactic acid bacteria (S02)(1 mg/Kg fresh material),,,,,,,,,,,,,,,,,,,,,,,mesophilic,35,,,,,,,,,,,,,,,,16
Algae biomass,Sargassum,municipal,,,,,,,,,,,no,,,182,,,,,,,,batch,,,,,,,,,,,,,,,,,,,,,,,,,,,,,mesophilic,35,,,,,,,,,,,,,,,,4
Algae biomass,Sargassum,municipal,,,,,,,,,,,no,,,165,,,,,,,,batch,,,,,,,,,,,,,,,,,,,,,,,,,,,,,mesophilic,35,,,,,,,,,,,,,,,,4
Algae biomass,Sargassum,municipal,,,,,,,,,,,no,,,171,,,,,,,,batch,,,,,,,,,,,,,,,,,,,,,,,,,,,,,mesophilic,35,,,,,,,,,,,,,,,,4
Algae biomass,Sargassum,municipal,,,,,,,,,,,no,,,148,,,,,,,,batch,,,,,,,,,,,,,,,,,,,,,,,,,,,,,mesophilic,35,,,,,,,,,,,,,,,,4
Algae biomass,Sargassum,municipal,,,,,,,,,,,no,,,119,,,,,,,,batch,,,,,,,,,,,,,,,,,,,,,,,,,,,,,mesophilic,35,,,,,,,,,,,,,,,,4
Algae biomass,Sargassum,municipal,,,,,,,,,,,no,,,145,,,,,,,,batch,,,,,,,,,,,,,,,,,,,,,,,,,,,,,mesophilic,35,,,,,,,,,,,,,,,,4
Silage,"Silage seep water (Grass- and MaizeSilage, approx 1:1)",agricultural,,,,,,,,,,,no,,,492.42,,,,,,,,,,,,,,,,,,,,,,,,,,,,,,,,,,,,,mesophilic,35,,,,,,,,,,,,,,,,4
Beet,Sugar Beet,agricultural,,,,,,,,,,,,,,440,,,,,,,,batch,,,,,,,,,,,,,,,,,,,,,,,,,,,,,mesophilic,35,,,,,,,,,,,,,,,,2
Beet,Sugar Beet,agricultural,,,,,,,,8.9,75.28089888,,yes,enzymatic,,410,,,,,,,,batch,,,,,yes,"Lactic Acid Bacteria (60% Lactobacillus rhamsonus and 40% Propionibacterium freudenreichii spp. Shermanii) diluted to 0,7 g/l and applied in ratio 0,5% v/w",,,,,,,,,,,,,,,,,,,,,,,mesophilic,35,,,,,,,,,,,,,,,,12
Beet,Sugar Beet,agricultural,,,,,,,,7.7,72.72727273,,yes,enzymatic,,250,,,,,,,,batch,,,,,yes,"Lactic Acid Bacteria (60% Lactobacillus rhamsonus and 40% Propionibacterium freudenreichii spp. Shermanii) diluted to 0,7 g/l and applied in ratio 0,5% v/w",,,,,,,,,,,,,,,,,,,,,,,mesophilic,35,,,,,,,,,,,,,,,,12
Beet,Sugar Beet,agricultural,,,,,,,,9.9,78.78787879,,yes,enzymatic,,380,,,,,,,,batch,,,,,yes,Mixed culture (Supernatant of centrifugated digested sludge from same digester as innoculum) applied in ratio 25% (v/w),,,,,,,,,,,,,,,,,,,,,,,mesophilic,35,,,,,,,,,,,,,,,,12
Beet,Sugar Beet,agricultural,,,,,,,,7.4,72.97297297,,yes,enzymatic,,510,,,,,,,,batch,,,,,yes,Mixed culture (Supernatant of centrifugated digested sludge from same digester as innoculum) applied in ratio 25% (v/w),,,,,,,,,,,,,,,,,,,,,,,mesophilic,35,,,,,,,,,,,,,,,,12
Beet,Sugar Beet,agricultural,,,,,,,,7,70,,yes,enzymatic,,450,,,,,,,,batch,,,,,yes,Mixed culture (Supernatant of centrifugated digested sludge from same digester as innoculum) applied in ratio 25% (v/w),,,,,,,,,,,,,,,,,,,,,,,mesophilic,35,,,,,,,,,,,,,,,,12
Beet,Sugar Beet,agricultural,,,,,,,,8.2,74.3902439,,yes,enzymatic,,400,,,,,,,,,,,,,yes,Mixed culture (Supernatant of centrifugated digested sludge from same digester as innoculum) applied in ratio 25% (v/w),,,,,,,,,,,,,,,,,,,,,,,mesophilic,35,,,,,,,,,,,,,,,,12
Beet,Sugar Beet,agricultural,,,,,,,,20,18,,no,,,450,,,,,,,,batch,,,,,,,,,,,,,,,,,,,,,,,,,,,,,mesophilic,36.5,,,,,,,,,,,,,,,,13
Beet,Sugas Beet leaf (fresh),agricultural,,,,,,,,0,,,,,,344.256,,,,,,,,,,,,,,,,,,,,,,,,,,,,,,,,,,,,,mesophilic,35,,,,,,,,,,,,,,,,3
Sunflower,Sun flower,agricultural,,,,,,,,18.1,,,,,,230,,,,,,,,,,,,,,,,,,,,,,,,,,,,,,,,,,,,,,,,,,,,,,,,,,,,,,37
Other lignocellulosic biomass,Sunflour Oil Cake (By-product),agricultural,,,,,,,,34.83,,,,,,230,,,,,,,,batch,,,,,,,,,,,,,,,,,,,,,,,,,,,,,,,,,,,,,,,,,,,,,,32
Other lignocellulosic biomass,Sunflour Oil Cake (By-product),agricultural,,,,,,,,92,93.4,,,,,200,,,,,,,,batch,,,,,,,,,,,,,,,,,,,,,,,,,,,,,mesophilic,35,,,,,,,,,,,,,,,,35
Maize,Maize,agricultural,,,,,,,,92,93.4,,,,,377,,,,,,,,batch,,,,,,,,,,,,,,,,,,,,,,,,,,,,,mesophilic,35,,,,,,,,,,,,,,,,35
Maize,Maize,agricultural,,,,,,,,34.26,,,yes,enzymatic,,414,,,,,,,,batch,,,,,yes,Silage 119 days+Treatment with homofermentative lactic acid bacteria (S02)(1 mg/Kg fresh material),,,,,,,,,,,,,,,,,,,,,,,mesophilic,35,,,,,,,,,,,,,,,,16
Maize,Maize,agricultural,,,,,,,,32.74,,,yes,enzymatic,,423,,,,,,,,batch,,,,,yes,Silage 44 days+Treatment with additive S03 of homo and heterofermentative acid bacteria including Lactobacillus buchneri (1 mg/Kg fresh material),,,,,,,,,,,,,,,,,,,,,,,mesophilic,35,,,,,,,,,,,,,,,,16
Maize,Maize,agricultural,,,,,,,,32.7,,,yes,enzymatic,,419,,,,,,,,batch,,,,,yes,Silage 119 days +Treatment with additive S03 of homo and heterofermentative acid bacteria including Lactobacillus buchneri (1 mg/Kg fresh material),,,,,,,,,,,,,,,,,,,,,,,mesophilic,35,,,,,,,,,,,,,,,,16
Maize,Maize,agricultural,,,,,,,,34.23,,,yes,enzymatic,,486,,,,,,,,batch,,,yes,Silage 44 days + Treatment with amylase (Termamyl LC) 450 mg/Kg fresh material,,,,,,,,,,,,,,,,,,,,,,,,,mesophilic,35,,,,,,,,,,,,,,,,16
Maize,Maize,agricultural,,,,,,,,33.6,,,yes,enzymatic,,355,,,,,,,,batch,,,yes,Silage 119 days + Treatment with amylase (Termamyl LC) 450 mg/Kg fresh material,,,,,,,,,,,,,,,,,,,,,,,,,mesophilic,35,,,,,,,,,,,,,,,,16
Maize,Maize,agricultural,,,,,,,,34.88,,,no,,,405,,,,,,,,batch,,,,,,,,,,,,,,,,,,,,,,,,,,,,,mesophilic,35,,,,,,,,,,,,,,,,16
Maize,Maize,agricultural,,,,,,,,33.57,,,no,,,427,,,,,,,,batch,,,,,,,,,,,,,,,,,,,,,,,,,,,,,mesophilic,35,,,,,,,,,,,,,,,,16
Maize,Maize,agricultural,,,,,,,,27.74,,,yes,enzymatic,,537,,,,,,,,batch,,,,,yes,Silage 44 days+ Innoculation with clostridium tyrobutyricum,,,,,,,,,,,,,,,,,,,,,,,mesophilic,35,,,,,,,,,,,,,,,,16
Maize,Maize,agricultural,,,,,,,,27.4,,,yes,enzymatic,,337.869,,,,,,,,,,,,,yes,Silage 119 days+ Innoculation with clostridium tyrobutyricum,,,,,,,,,,,,,,,,,,,,,,,mesophilic,35,,,,,,,,,,,,,,,,16
Maize,Maize,agricultural,,,,,,,,27.8,,,,,,299.982,,,,,,,,,,,,,,,,,,,,,,,,,,,,,,,,,,,,,,,,,,,,,,,,,,,,,,37
Maize,Maize,agricultural,,,,,,,,21.9,,,,,,346.68,,,,,,,,,,,,,,,,,,,,,,,,,,,,,,,,,,,,,,,,,,,,,,,,,,,,,,37
Maize,Maize,agricultural,,,,,,,,32.6,,,,,,320.22,,,,,,,,,,,,,,,,,,,,,,,,,,,,,,,,,,,,,,,,,,,,,,,,,,,,,,37
Maize,Maize Banguy,agricultural,,,,,,,,40.1,,,,,,390,,,,,,,,,,,,,,,,,,,,,,,,,,,,,,,,,,,,,,,,,,,,,,,,,,,,,,37
Maize,Maize Chamboro,agricultural,,,,,,,,37.78,,,,,,390,,,,,,,,,,,,,,,,,,,,,,,,,,,,,,,,,,,,,mesophilic,37,,,,,,,,,,,,,,,,32
Maize,Maize DK 604,agricultural,,,,,,,,36.47,,,,,,370,,,,,,,,,,,,,,,,,,,,,,,,,,,,,,,,,,,,,,,,,,,,,,,,,,,,,,32
Maize,Maize Doge,agricultural,,,,,,,,23.12,,,,,,400,,,,,,,,,,,,,,,,,,,,,,,,,,,,,,,,,,,,,,,,,,,,,,,,,,,,,,32
Maize,Maize GIXXAC,agricultural,,,,,,,,35.44,,,,,,400,,,,,,,,,,,,,,,,,,,,,,,,,,,,,,,,,,,,,,,,,,,,,,,,,,,,,,32
Maize,Maize Laureat,agricultural,,,,,,,,33.83,,,,,,400,,,,,,,,,,,,,,,,,,,,,,,,,,,,,,,,,,,,,,,,,,,,,,,,,,,,,,32
Maize,Maize Moissac,agricultural,,,,,,,,41.64,,,,,,400,,,,,,,,,,,,,,,,,,,,,,,,,,,,,,,,,,,,,,,,,,,,,,,,,,,,,,32
Maize,Maize Silage (Banguy) E1,agricultural,,,,,,,,29.56,,,,,,489.1,,,,,,,,,,,,,,,,,,,,,,,,,,,,,,,,,,,,,,,,,,,,,,,,,,,,,,32
Maize,Maize Silage (Banguy) E2,agricultural,,,,,,,,28.8,,,,,,516.78,,,,,,,,,,,,,,,,,,,,,,,,,,,,,,,,,,,,,,,,,,,,,,,,,,,,,,31
Maize,Maize Silage (Banguy) E3,agricultural,,,,,,,,35.3,,,,,,634.11,,,,,,,,,,,,,,,,,,,,,,,,,,,,,,,,,,,,,,,,,,,,,,,,,,,,,,31
Maize,Maize Silage (Mondeo) E1,agricultural,,,,,,,,34.2,,,,,,515.9,,,,,,,,,,,,,,,,,,,,,,,,,,,,,,,,,,,,,,,,,,,,,,,,,,,,,,31
Maize,Maize Silage (Mondeo) E2,agricultural,,,,,,,,29.2,,,,,,575.28,,,,,,,,,,,,,,,,,,,,,,,,,,,,,,,,,,,,,,,,,,,,,,,,,,,,,,31
Maize,Maize Silage (Mondeo) E3,agricultural,,,,,,,,37,,,,,,570.9,,,,,,,,,,,,,,,,,,,,,,,,,,,,,,,,,,,,,,,,,,,,,,,,,,,,,,31
Maize,Maize Silage (Santiago) E1,agricultural,,,,,,,,37,,,,,,570.9,,,,,,,,,,,,,,,,,,,,,,,,,,,,,,,,,,,,,,,,,,,,,,,,,,,,,,31
Maize,Maize Silage (Santiago) E2,agricultural,,,,,,,,25.1,,,,,,606.08,,,,,,,,,,,,,,,,,,,,,,,,,,,,,,,,,,,,,,,,,,,,,,,,,,,,,,31
Maize,Maize Silage (Santiago) E3,agricultural,,,,,,,,32.6,,,,,,756.43,,,,,,,,,,,,,,,,,,,,,,,,,,,,,,,,,,,,,,,,,,,,,,,,,,,,,,31
Maize,Maize unknown,agricultural,,,,,,,,32.8,,,,,,390,,,,,,,,,,,,,,,,,,,,,,,,,,,,,,,,,,,,,,,,,,,,,,,,,,,,,,31
Maize,Maize(whole crop)- Candiar,agricultural,,,,,,,,39.42,,,,,,386,,,,,,,,semicontinuous,,,,,,,,,,,,,,,,,,,,,,,,,,,,,,,,,,,,,,,,,,,,,,32
Coffe,Malt coffee Marc,agricultural,,,,,,,,27,,,no,,,309.75,,,,,,,,,,,no,,,,,,,,,,,,,,,,,,,,,,,,,,mesophilic,42,,,,,,,,,,,,,,,,38
OFMSW,Mango peels,municipal,,,,,,,,21.1,,,,,,373,,,,,,,,batch,,,,,,,,,,,,,,,,,,,,,,,,,,,,,,,,,,,,,,,,,,,,,,37
OFMSW,Market waste (thermophilic),municipal,,,,,,,,30,,,,,,490,,,,,,,,batch,,,,,,,,,,,,,,,,,,,,,,,,,,,,,mesophilic,35,,,,,,,,,,,,,,,,39
Kale,Marrow Kale,agricultural,,,,,,,,30,,,,,,310,,,,,,,,batch,,,,,,,,,,,,,,,,,,,,,,,,,,,,,thermophilic,55,,,,,,,,,,,,,,,,39
Kale,Marrow Kale,agricultural,,,,,,,,13,90.76923077,,no,,,320,,,,,,,,batch,,,no,,,,,,,,,,,,,,,,,,,,,,,,,,mesophilic,35,,,,,,,,,,,,,,,,14
mass Beet,Mass Beet (-),agricultural,,,,,,,,13.1,90.07633588,,no,,,463.25,,,,,,,,,,,no,,,,,,,,,,,,,,,,,,,,,,,,,,mesophilic,35,,,,,,,,,,,,,,,,14
mass Beet,"Mass Beet (Silage, mesophilic fermentation)",agricultural,,,,,,,,15,,,,,,551,,,,,,,,,,,,,,,,,,,,,,,,,,,,,,,,,,,,,,,,,,,,,,,,,,,,,,37
mass Beet,"Mass bett (Silage, thermophilic fermentation)",municipal,,,,,,,,10.5,,,,,,605,,,,,,,,,,,,,,,,,,,,,,,,,,,,,,,,,,,,,,,,,,,,,,,,,,,,,,37
Other lignocellulosic biomass,Medical tea (Production waste),municipal,,,,,,,,10.5,,,,,,166.145,,,,,,,,,,,,,,,,,,,,,,,,,,,,,,,,,,,,,,,,,,,,,,,,,,,,,,37
Algae biomass,microalgal,municipal,,,,,,,,19,,,,,,183,,,,,,,,batch,,,,,,,,,,,,,,,,,,,,,,,,,,,,,,,,,,,,,,,,,,,,,,37
Cellulose,Microcrystalline Cellulose,industrial,,,,,,,,,,,no,,,419,,,,,,,,batch,,,no,,,,,,,,,,,,,,,,,,,,,,,,,,mesophilic,35,,,,,,,,,,,,,,,,4
Mirabilis,Mirabilis,agricultural,,,,,,,,31.2,87.8,,yes,unspecified,,341,,,,,,,,batch,,,no,,,,,,,,,,,,,,,,,,,,,,,,,,mesophilic,37,,,,,,,,,,,,,,,,19
Mirabilis,Mirabilis,agricultural,,,,,,,,31.2,87.8,,yes,unspecified,,329,,,,,,,,batch,,,no,,,,,,,,,,,,,,,,,,,,,,,,,,mesophilic,37,,,,,,,,,,,,,,,,19
Mirabilis,Mirabilis,agricultural,,,,,,,,31.2,87.8,,yes,unspecified,,327,,,,,,,,batch,,,no,,,,,,,,,,,,,,,,,,,,,,,,,,mesophilic,37,,,,,,,,,,,,,,,,19
Mirabilis,Mirabilis,agricultural,,,,,,,,31.2,87.8,,yes,unspecified,,290,,,,,,,,batch,,,no,,,,,,,,,,,,,,,,,,,,,,,,,,mesophilic,37,,,,,,,,,,,,,,,,19
Miscanthus,Miscanthus,agricultural,,,,,,,,31.2,87.8,,yes,unspecified,,180.81,,,,,,,,,,,no,,,,,,,,,,,,,,,,,,,,,,,,,,mesophilic,37,,,,,,,,,,,,,,,,19
Miscanthus,Miscanthus,agricultural,,,,,,,,31.3,,,,,,219.49,,,,,,,,,,,,,,,,,,,,,,,,,,,,,,,,,,,,,,,,,,,,,,,,,,,,,,37
Mustard,Mustard,agricultural,,,,,,,,,,,,,,300,,,,,,,,batch,,,,,,,,,,,,,,,,,,,,,,,,,,,,,mesophilic,35,,,,,,,,,,,,,,,,2
Mustard,Mustard,agricultural,,,,,,,,10.3,83,,no,,,326,,,,,,,,batch,,,no,,,,,,,,,,,,,,,,,,,,,,,,,,mesophilic,35,,,,,,,,,,,,,,,,21
Grass,Napier Grass,agricultural,,,,,,,,10.3,83,,yes,fermentation,,372,,,,,,,,batch,,,no,,,,,,,,,,,,,,,,,,,,,,,,,,mesophilic,35,,,,,,,,,,,,,,,,21
Grass,Napier Grass,agricultural,,,,,,,,81.5,94.9,,yes,unspecified,,274,,,,,,,,batch,,,no,,,,,,,,,,,,,,,,,,,,,,,,,,mesophilic,35,,,,,,,,,,,,,,,,20
Grass,Napier Grass,agricultural,,,,,,,,,,,no,,,191,,,,,,,,batch,,,no,,,,,,,,,,,,,,,,,,,,,,,,,,mesophilic,35,,,,,,,,,,,,,,,,4
Grass,Napier Grass,agricultural,,,,,,,,,,,no,,,255,,,,,,,,batch,,,no,,,,,,,,,,,,,,,,,,,,,,,,,,mesophilic,35,,,,,,,,,,,,,,,,4
Grass,Napier Grass,agricultural,,,,,,,,,,,yes,unspecified,,251,,,,,,,,batch,,,no,,,,,,,,,,,,,,,,,,,,,,,,,,mesophilic,35,,,,,,,,,,,,,,,,4
Grass,Napier Grass,agricultural,,,,,,,,,,,yes,unspecified,,231,,,,,,,,batch,,,no,,,,,,,,,,,,,,,,,,,,,,,,,,mesophilic,35,,,,,,,,,,,,,,,,4
Grass,Napier Grass,agricultural,,,,,,,,,,,yes,unspecified,,247,,,,,,,,batch,,,no,,,,,,,,,,,,,,,,,,,,,,,,,,mesophilic,35,,,,,,,,,,,,,,,,4
Grass,Napier Grass,agricultural,,,,,,,,,,,yes,unspecified,,260,,,,,,,,batch,,,no,,,,,,,,,,,,,,,,,,,,,,,,,,mesophilic,35,,,,,,,,,,,,,,,,4
Grass,Napier Grass,agricultural,,,,,,,,,,,no,,,310,,,,,,,,batch,,,no,,,,,,,,,,,,,,,,,,,,,,,,,,mesophilic,35,,,,,,,,,,,,,,,,4
Grass,Napier Grass,agricultural,,,,,,,,,,,yes,fermentation,,248,,,,,,,,batch,,,no,,,,,,,,,,,,,,,,,,,,,,,,,,mesophilic,35,,,,,,,,,,,,,,,,4
Grass,Napier Grass,agricultural,,,,,,,,,,,no,,,257,,,,,,,,batch,,,no,,,,,,,,,,,,,,,,,,,,,,,,,,mesophilic,35,,,,,,,,,,,,,,,,4
Grass,Napier Grass,agricultural,,,,,,,,,,,no,,,264,,,,,,,,batch,,,no,,,,,,,,,,,,,,,,,,,,,,,,,,mesophilic,35,,,,,,,,,,,,,,,,4
Grass,Napier Grass,agricultural,,,,,,,,,,,yes,fermentation,,294,,,,,,,,batch,,,no,,,,,,,,,,,,,,,,,,,,,,,,,,mesophilic,35,,,,,,,,,,,,,,,,4
Grass,Napier Grass,agricultural,,,,,,,,,,,no,,,258,,,,,,,,batch,,,no,,,,,,,,,,,,,,,,,,,,,,,,,,mesophilic,35,,,,,,,,,,,,,,,,4
Grass,Napier Grass,agricultural,,,,,,,,,,,no,,,238,,,,,,,,batch,,,no,,,,,,,,,,,,,,,,,,,,,,,,,,mesophilic,35,,,,,,,,,,,,,,,,4
Grass,Napier Grass,agricultural,,,,,,,,,,,no,,,291,,,,,,,,batch,,,no,,,,,,,,,,,,,,,,,,,,,,,,,,mesophilic,35,,,,,,,,,,,,,,,,4
Grass,Napier Grass,agricultural,,,,,,,,,,,no,,,249,,,,,,,,batch,,,no,,,,,,,,,,,,,,,,,,,,,,,,,,mesophilic,35,,,,,,,,,,,,,,,,4
Grass,Napier Grass,agricultural,,,,,,,,,,,no,,,221,,,,,,,,batch,,,no,,,,,,,,,,,,,,,,,,,,,,,,,,mesophilic,35,,,,,,,,,,,,,,,,4
Nettle,Nettle,agricultural,,,,,,,,,,,,,,210,,,,,,,,batch,,,,,,,,,,,,,,,,,,,,,,,,,,,,,mesophilic,35,,,,,,,,,,,,,,,,2
Nettle,Nettle,agricultural,,,,,,,,15,82,,no,,,420,,,,,,,,batch,,,no,,,,,,,,,,,,,,,,,,,,,,,,,,mesophilic,35,,,,,,,,,,,,,,,,14
Paper,News Paper,industrial,,,,,,,,16.6,86.14457831,,no,,,92,,,,,,,,batch,,,no,,,,,,,,,,,,,,,,,,,,,,,,,,mesophilic,35,,,,,,,,,,,,,,,,14
Oil seed Rape,Oil seed Rape,agricultural,,,,,,,,94,98,,yes,unspecified,,292,,,,,,,,batch,,,no,,,,,,,,,,,,,,,,,,,,,,,,,,mesophilic,35,,,,,,,,,,,,,,,,20
Oil seed Rape,Oil seed Rape,agricultural,,,,,,,,26.23,,,no,,,289,,,,,,,,batch,,,no,,,,,,,,,,,,,,,,,,,,,,,,,,mesophilic,35,,,,,,,,,,,,,,,,41
Onion,Onion,agricultural,,,,,,,,26.23,,,no,,,400,,,,,,,,batch,,,no,,,,,,,,,,,,,,,,,,,,,,,,,,mesophilic,35,,,,,,,,,,,,,,,,41
Grass,ParaGrass 1P,agricultural,,,,,,,,,,,no,,,242,,,,,,,,batch,,,no,,,,,,,,,,,,,,,,,,,,,,,,,,thermophilic,55,,,,,,,,,,,,,,,,1
Grass,ParaGrass 3P,agricultural,,,,,,,,,,,no,,,238,,,,,,,,batch,,,no,,,,,,,,,,,,,,,,,,,,,,,,,,mesophilic,35,,,,,,,,,,,,,,,,4
Parsnips,Parsnips,agricultural,,,,,,,,,,,no,,,408,,,,,,,,semicontinuous,,,no,,,,,,,,,,,,,,,,,,,,,,,,,,mesophilic,35,,,,,,,,,,,,,,,,4
Pea,Pea,agricultural,,,,,,,,18,,,no,,,390,,,,,,,,batch,,,no,,,,,,,,,,,,,,,,,,,,,,,,,,mesophilic,42,,,,,,,,,,,,,,,,38
Pea,Pea,agricultural,,,,,,,,15.16,,,no,,,377,,,,,,,,batch,,,no,,,,,,,,,,,,,,,,,,,,,,,,,,mesophilic,35,,,,,,,,,,,,,,,,41
Millet,Pearl Millet,agricultural,,,,,,,,15.16,,,no,,,257,,,,,,,,batch,,,no,,,,,,,,,,,,,,,,,,,,,,,,,,mesophilic,35,,,,,,,,,,,,,,,,41
Millet,Pearl Millet,agricultural,,,,,,,,,,,no,,,304,,,,,,,,batch,,,no,,,,,,,,,,,,,,,,,,,,,,,,,,mesophilic,35,,,,,,,,,,,,,,,,4
Manure,Pig Manure (-),agricultural,,,,,,,,,,,yes,fermentation,,271.776,,,,,,,,,,,no,,,,,,,,,,,,,,,,,,,,,,,,,,mesophilic,35,,,,,,,,,,,,,,,,4
Pine,Pine,agricultural,,,,,,,,4.7,,,,,,59,,,,,,,,batch,,,,,,,,,,,,,,,,,,,,,,,,,,,,,,,,,,,,,,,,,,,,,,37
Pine apple,Pine apple,agricultural,,,,,,,,,,,no,,,357,,,,,,,,batch,,,no,,,,,,,,,,,,,,,,,,,,,,,,,,mesophilic,35,,,,,,,,,,,,,,,,4
Pomegranate,Pomegranate,agricultural,,,,,,,,15.9,,,,,,312,,,,,,,,batch,,,,,,,,,,,,,,,,,,,,,,,,,,,,,,,,,,,,,,,,,,,,,,37
Poplar,Poplar,agricultural,,,,,,,,,,,,,,330,,,,,,,,batch,,,,,,,,,,,,,,,,,,,,,,,,,,,,,mesophilic,35,,,,,,,,,,,,,,,,2
Poplar,Poplar,agricultural,,,,,,,,,,,,,,330,,,,,,,,batch,,,,,,,,,,,,,,,,,,,,,,,,,,,,,mesophilic,35,,,,,,,,,,,,,,,,4
Poplar,Poplar,agricultural,,,,,,,,,,,,,,300,,,,,,,,batch,,,,,,,,,,,,,,,,,,,,,,,,,,,,,mesophilic,35,,,,,,,,,,,,,,,,4
Poplar,Poplar,agricultural,,,,,,,,,,,,,,280,,,,,,,,batch,,,,,,,,,,,,,,,,,,,,,,,,,,,,,mesophilic,35,,,,,,,,,,,,,,,,4
Poplar,Poplar,agricultural,,,,,,,,,,,no,,,280,,,,,,,,batch,,,no,,,,,,,,,,,,,,,,,,,,,,,,,,mesophilic,35,,,,,,,,,,,,,,,,4
Poplar,Poplar,agricultural,,,,,,,,,,,no,,,290,,,,,,,,batch,,,no,,,,,,,,,,,,,,,,,,,,,,,,,,mesophilic,35,,,,,,,,,,,,,,,,4
Poplar,Poplar,agricultural,,,,,,,,,,,no,,,280,,,,,,,,batch,,,no,,,,,,,,,,,,,,,,,,,,,,,,,,mesophilic,35,,,,,,,,,,,,,,,,4
Poplar,Poplar,agricultural,,,,,,,,,,,no,,,240,,,,,,,,batch,,,no,,,,,,,,,,,,,,,,,,,,,,,,,,mesophilic,35,,,,,,,,,,,,,,,,4
Poplar,Poplar,agricultural,,,,,,,,,,,no,,,280,,,,,,,,batch,,,no,,,,,,,,,,,,,,,,,,,,,,,,,,mesophilic,35,,,,,,,,,,,,,,,,4
Poplar,Poplar,agricultural,,,,,,,,,,,no,,,260,,,,,,,,batch,,,no,,,,,,,,,,,,,,,,,,,,,,,,,,mesophilic,35,,,,,,,,,,,,,,,,4
Poplar,Poplar,agricultural,,,,,,,,,,,no,,,270,,,,,,,,batch,,,no,,,,,,,,,,,,,,,,,,,,,,,,,,mesophilic,35,,,,,,,,,,,,,,,,4
Poplar,Poplar,agricultural,,,,,,,,,,,no,,,220,,,,,,,,batch,,,no,,,,,,,,,,,,,,,,,,,,,,,,,,mesophilic,35,,,,,,,,,,,,,,,,4
Potato,Potato,agricultural,,,,,,,,,,,no,,,267,,,,,,,,batch,,,no,,,,,,,,,,,,,,,,,,,,,,,,,,mesophilic,35,,,,,,,,,,,,,,,,4
Potato,Potatoes,agricultural,,,,,,,,,93.7,,no,,,215,,,,,,,,semicontinuous,,,no,,,,,,,,,,,,,,,,,,,,,,,,,,thermophilic,55,,,,,,,,,,,,,,,,1
Potato,Potatoes,agricultural,,,,,,,,19,,,no,,,516.17,,,,,,,,,,,no,,,,,,,,,,,,,,,,,,,,,,,,,,mesophilic,42,,,,,,,,,,,,,,,,38
Potato,Potatoes,agricultural,,,,,,,,3.5,,,,,,366.656,,,,,,,,,,,,,,,,,,,,,,,,,,,,,,,,,,,,,,,,,,,,,,,,,,,,,,37
Potato,Potatoes,agricultural,,,,,,,,4.7,,,,,,274.95,,,,,,,,,,,,,,,,,,,,,,,,,,,,,,,,,,,,,,,,,,,,,,,,,,,,,,37
Potato,Potatoes,agricultural,,,,,,,,1.6,,,,,,278.4,,,,,,,,,,,,,,,,,,,,,,,,,,,,,,,,,,,,,,,,,,,,,,,,,,,,,,37
Potato,Potatoes,agricultural,,,,,,,,19,,,,,,411.32,,,,,,,,,,,,,,,,,,,,,,,,,,,,,,,,,,,,,,,,,,,,,,,,,,,,,,37
WW sludge,Primary sludge,municipal,,,,,,,,20.1,,,,,,590,,,,,,,,batch,,,,,,,,,,,,,,,,,,,,,,,,,,,,,,,,,,,,,,,,,,,,,,37
Quinoa,Quinoa,agricultural,,,,,,,,,,,no,,,281,,,,,,,,batch,,,no,,,,,,,,,,,,,,,,,,,,,,,,,,mesophilic,35,,,,,,,,,,,,,,,,4
Quinoa,Quinoa,agricultural,,,,,,,,22.41,,,no,,,332,,,,,,,,batch,,,no,,,,,,,,,,,,,,,,,,,,,,,,,,mesophilic,35,,,,,,,,,,,,,,,,41
Radish,Radish,agricultural,,,,,,,,22.41,,,no,,,304,,,,,,,,batch,,,no,,,,,,,,,,,,,,,,,,,,,,,,,,mesophilic,35,,,,,,,,,,,,,,,,41
Rape,Rape,agricultural,,,,,,,,10.8,78,,no,,,330,,,,,,,,batch,,,no,,,,,,,,,,,,,,,,,,,,,,,,,,mesophilic,35,,,,,,,,,,,,,,,,21
Rape,Rape cake (pressed cold),agricultural,,,,,,,,10.8,78,,yes,fermentation,,488.7,,,,,,,,,,,no,,,,,,,,,,,,,,,,,,,,,,,,,,mesophilic,35,,,,,,,,,,,,,,,,21
Rapeseed,Rapeseed,agricultural,,,,,,,,38.5,,,,,,336,,,,,,,,batch,,,,,,,,,,,,,,,,,,,,,,,,,,,,,,,,,,,,,,,,,,,,,,31
Grass,Ray Grass,agricultural,,,,,,,,21.48,90.62,,no,,,423,,,,,,,,batch,,,no,,,,,,,,,,,,,,,,,,,,,,,,,,mesophilic,40,,,,,,,,,,,,,,,,18
Grass,Ray Grass,agricultural,,,,,,,,21.62,90.94,,no,,,619,,,,,,,,batch,,,no,,,,,,,,,,,,,,,,,,,,,,,,,,mesophilic,40,,,,,,,,,,,,,,,,18
Grass,Ray Grass,agricultural,,,,,,,,21.62,90.94,,no,,,627,,,,,,,,batch,,,no,,,,,,,,,,,,,,,,,,,,,,,,,,mesophilic,40,,,,,,,,,,,,,,,,18
Silage,Ray Grass Silage,agricultural,,,,,,,,21.62,90.94,,no,,,409,,,,,,,,batch,,,no,,,,,,,,,,,,,,,,,,,,,,,,,,mesophilic,40,,,,,,,,,,,,,,,,18
Clover,Red Clover,agricultural,,,,,,,,21.62,90.94,,no,,,300,,,,,,,,batch,,,no,,,,,,,,,,,,,,,,,,,,,,,,,,mesophilic,40,,,,,,,,,,,,,,,,18
Clover,Red Clover,agricultural,,,,,,,,15.3,90.19607843,,no,,,280,,,,,,,,batch,,,no,,,,,,,,,,,,,,,,,,,,,,,,,,mesophilic,35,,,,,,,,,,,,,,,,14
Grass,Reed canary Grass,agricultural,,,,,,,,26.2,91.98473282,,no,,,340,,,,,,,,batch,,,no,,,,,,,,,,,,,,,,,,,,,,,,,,mesophilic,35,,,,,,,,,,,,,,,,14
Grass,Reed canary Grass,agricultural,,,,,,,,29.5,96.27118644,,no,,,430,,,,,,,,batch,,,no,,,,,,,,,,,,,,,,,,,,,,,,,,mesophilic,35,,,,,,,,,,,,,,,,14
Grass,Reed canary Grass,agricultural,,,,,,,,39.9,96.9924812,,no,,,350,,,,,,,,batch,,,no,,,,,,,,,,,,,,,,,,,,,,,,,,mesophilic,35,,,,,,,,,,,,,,,,14
Grass,Reed canary Grass,agricultural,,,,,,,,21.5,92.09302326,,no,,,280,,,,,,,,batch,,,no,,,,,,,,,,,,,,,,,,,,,,,,,,mesophilic,35,,,,,,,,,,,,,,,,33
Grass,Reed canary Grass,agricultural,,,,,,,,37.3,91.68900804,,no,,,180,,,,,,,,batch,,,no,,,,,,,,,,,,,,,,,,,,,,,,,,mesophilic,35,,,,,,,,,,,,,,,,33
Grass,Reed canary Grass,agricultural,,,,,,,,22.6,90.26548673,,no,,,280,,,,,,,,batch,,,no,,,,,,,,,,,,,,,,,,,,,,,,,,mesophilic,35,,,,,,,,,,,,,,,,33
Grass,Reed canary Grass,agricultural,,,,,,,,25.1,90.43824701,,no,,,340,,,,,,,,batch,,,no,,,,,,,,,,,,,,,,,,,,,,,,,,mesophilic,35,,,,,,,,,,,,,,,,30
Grass,Reed canary Grass,agricultural,,,,,,,,40.8,89.70588235,,no,,,280,,,,,,,,batch,,,no,,,,,,,,,,,,,,,,,,,,,,,,,,mesophilic,35,,,,,,,,,,,,,,,,33
Grass,Reed canary Grass,agricultural,,,,,,,,26.8,92.1641791,,no,,,180,,,,,,,,batch,,,no,,,,,,,,,,,,,,,,,,,,,,,,,,mesophilic,35,,,,,,,,,,,,,,,,33
Grass,Reed canary Grass,agricultural,,,,,,,,37.2,90.05376344,,no,,,330,,,,,,,,batch,,,no,,,,,,,,,,,,,,,,,,,,,,,,,,mesophilic,35,,,,,,,,,,,,,,,,40
Rhubarb,Rhubarb,agricultural,,,,,,,,28.7,90.94076655,,no,,,490,,,,,,,,batch,,,no,,,,,,,,,,,,,,,,,,,,,,,,,,mesophilic,35,,,,,,,,,,,,,,,,36
Rhubarb,Rhubarb,agricultural,,,,,,,,9.4,86.17021277,,no,,,320,,,,,,,,batch,,,no,,,,,,,,,,,,,,,,,,,,,,,,,,mesophilic,35,,,,,,,,,,,,,,,,14
Rhubarb,Rhubarb,agricultural,,,,,,,,9.1,86.81318681,,no,,,316,,,,,,,,batch,,,no,,,,,,,,,,,,,,,,,,,,,,,,,,mesophilic,35,,,,,,,,,,,,,,,,14
Rhubarb,Rhubarb,agricultural,,,,,,,,8.1,86,,no,,,345,,,,,,,,batch,,,no,,,,,,,,,,,,,,,,,,,,,,,,,,mesophilic,35,,,,,,,,,,,,,,,,21
Rice,Rice,agricultural,,,,,,,,8.1,86,,yes,fermentation,,365,,,,,,,,batch,,,no,,,,,,,,,,,,,,,,,,,,,,,,,,mesophilic,35,,,,,,,,,,,,,,,,21
Rice,Rice,agricultural,,,,,,,,,,,yes,unspecified,,367,,,,,,,,batch,,,no,,,,,,,,,,,,,,,,,,,,,,,,,,mesophilic,37,,,,,,,,,,,,,,,,19
Rice,Rice,agricultural,,,,,,,,,79.4,,yes,unspecified,,358,,,,,,,,batch,,,no,,,,,,,,,,,,,,,,,,,,,,,,,,mesophilic,37,,,,,,,,,,,,,,,,19
Rice,Rice,agricultural,,,,,,,,,79.4,,yes,unspecified,,347,,,,,,,,batch,,,no,,,,,,,,,,,,,,,,,,,,,,,,,,mesophilic,37,,,,,,,,,,,,,,,,19
Rice,Rice,agricultural,,,,,,,,,79.4,,yes,unspecified,,241,,,,,,,,batch,,,no,,,,,,,,,,,,,,,,,,,,,,,,,,mesophilic,37,,,,,,,,,,,,,,,,19
Herb,Rosebay Willow-Herb,agricultural,,,,,,,,,79.4,,yes,unspecified,,210,,,,,,,,batch,,,no,,,,,,,,,,,,,,,,,,,,,,,,,,mesophilic,37,,,,,,,,,,,,,,,,19
Rumen content,Rumen content,municipal,,,,,,,,25.59,,,no,,,180,,,,,,,,,,,no,,,,,,,,,,,,,,,,,,,,,,,,,,mesophilic,35,,,,,,,,,,,,,,,,41
Rye,Rye,agricultural,,,,,,,,21.1,,,,,,370,,,,,,,,batch,,,,,,,,,,,,,,,,,,,,,,,,,,,,,,,,,,,,,,,,,,,,,,37
Rye,Rye,agricultural,,,,,,,,25,92.2,,no,,,476,,,,,,,,batch,,,no,,,,,,,,,,,,,,,,,,,,,,,,,,mesophilic,35,,,,,,,,,,,,,,,,9
Rye,Rye,agricultural,,,,,,,,45.9,91.4,,yes,fermentation,,410,,,,,,,,batch,,,no,,,,,,,,,,,,,,,,,,,,,,,,,,mesophilic,35,,,,,,,,,,,,,,,,9
Rye,Rye,agricultural,,,,,,,,29.3,93.5,,no,,,492,,,,,,,,batch,,,no,,,,,,,,,,,,,,,,,,,,,,,,,,mesophilic,35,,,,,,,,,,,,,,,,9
Rye,Rye,agricultural,,,,,,,,32.9,93.2,,yes,fermentation,,283,,,,,,,,batch,,,no,,,,,,,,,,,,,,,,,,,,,,,,,,mesophilic,35,,,,,,,,,,,,,,,,9
Rye,Rye,agricultural,,,,,,,,,,,yes,fermentation,,399.3,,,,,,,,,,,no,,,,,,,,,,,,,,,,,,,,,,,,,,mesophilic,35,,,,,,,,,,,,,,,,9
Rye,Rye,agricultural,,,,,,,,25,,,,,,520.08,,,,,,,,,,,,,,,,,,,,,,,,,,,,,,,,,,,,,,,,,,,,,,,,,,,,,,31
Rye,Rye,agricultural,,,,,,,,45.9,,,,,,418.5,,,,,,,,,,,,,,,,,,,,,,,,,,,,,,,,,,,,,,,,,,,,,,,,,,,,,,31
Rye,Rye,agricultural,,,,,,,,29.3,,,,,,543.03,,,,,,,,,,,,,,,,,,,,,,,,,,,,,,,,,,,,,,,,,,,,,,,,,,,,,,31
Rye,Rye,agricultural,,,,,,,,32.9,,,,,,289.69,,,,,,,,,,,,,,,,,,,,,,,,,,,,,,,,,,,,,,,,,,,,,,,,,,,,,,31
Rye,Rye whole plant Silage,agricultural,,,,,,,,61,,,,,,347.272,,,,,,,,,,,,,,,,,,,,,,,,,,,,,,,,,,,,,,,,,,,,,,,,,,,,,,31
Grass,RyeGrass,agricultural,,,,,,,,29.4,,,,,,410,,,,,,,,batch,,,,,,,,,,,,,,,,,,,,,,,,,,,,,,,,,,,,,,,,,,,,,,37
Grass,RyeGrass,agricultural,,,,,,,,13.3,,,no,,,470,,,,,,,,batch,,,no,,,,,,,,,,,,,,,,,,,,,,,,,,mesophilic,35,,,,,,,,,,,,,,,,40
Grass,RyeGrass,agricultural,,,,,,,,9.9,,,no,,,450,,,,,,,,batch,,,no,,,,,,,,,,,,,,,,,,,,,,,,,,mesophilic,35,,,,,,,,,,,,,,,,40
Grass,RyeGrass,agricultural,,,,,,,,7.6,,,no,,,440,,,,,,,,batch,,,no,,,,,,,,,,,,,,,,,,,,,,,,,,mesophilic,35,,,,,,,,,,,,,,,,40
Grass,RyeGrass,agricultural,,,,,,,,10.1,,,yes,enzymatic,,480,,,,,,,,batch,,,yes,,,,,,,,,,,,,,,,,,,,,,,,,,mesophilic,35,,,,,,,,,,,,,,,,40
Grass,RyeGrass,agricultural,,,,,,,,7.6,,,yes,enzymatic,,410,,,,,,,,batch,,,yes,,,,,,,,,,,,,,,,,,,,,,,,,,mesophilic,35,,,,,,,,,,,,,,,,40
Grass,RyeGrass,agricultural,,,,,,,,16.1,,,yes,unspecified,,400,,,,,,,,batch,,,no,,,,,,,,,,,,,,,,,,,,,,,,,,mesophilic,35,,,,,,,,,,,,,,,,40
Grass,RyeGrass,agricultural,,,,,,,,10.8,,,yes,unspecified,,490,,,,,,,,batch,,,no,,,,,,,,,,,,,,,,,,,,,,,,,,mesophilic,35,,,,,,,,,,,,,,,,40
Grass,RyeGrass,agricultural,,,,,,,,14.9,,,yes,enzymatic-unspecified,,430,,,,,,,,batch,,,yes,24 h pre-wilting +Josilac (containing LAB and enzymes),,,,,,,,,,,,,,,,,,,,,,,,,mesophilic,35,,,,,,,,,,,,,,,,40
Grass,RyeGrass,agricultural,,,,,,,,12.41,,,yes,enzymatic-unspecified,,460,,,,,,,,batch,,,yes,24 h pre-wilting +Josilac (containing LAB and enzymes),,,,,,,,,,,,,,,,,,,,,,,,,mesophilic,35,,,,,,,,,,,,,,,,40
Grass,RyeGrass,agricultural,,,,,,,,27.2,,,yes,unspecified,,510,,,,,,,,batch,,,no,,,,,,,,,,,,,,,,,,,,,,,,,,mesophilic,35,,,,,,,,,,,,,,,,40
Grass,RyeGrass,agricultural,,,,,,,,24.4,,,yes,unspecified,,390,,,,,,,,batch,,,no,,,,,,,,,,,,,,,,,,,,,,,,,,mesophilic,35,,,,,,,,,,,,,,,,40
Grass,RyeGrass,agricultural,,,,,,,,28.3,,,yes,enzymatic-unspecified,,430,,,,,,,,batch,,,yes,48 h pre-wilting +Josilac (containing LAB and enzymes),,,,,,,,,,,,,,,,,,,,,,,,,mesophilic,35,,,,,,,,,,,,,,,,40
Grass,RyeGrass - Italian RyeGrass and white Clover lay,agricultural,,,,,,,,26.1,,,yes,enzymatic-unspecified,,470,,,,,,,,semicontinuous,,,yes,48 h pre-wilting +Josilac (containing LAB and enzymes),,,,,,,,,,,,,,,,,,,,,,,,,mesophilic,35,,,,,,,,,,,,,,,,40
Grass,RyeGrass (13 % Italian Rye-Grass ja 87 % Oat),agricultural,,,,,,,,44.44,,,yes,unspecified,,387.32,,,,,,,,batch,,,no,,,,,,,,,,,,,,,,,,,,,,,,,,mesophilic,35,,,,,,,,,,,,,,,,36
Grass,RyeGrass (13 % Italian Rye-Grass ja 87 % Oat),agricultural,,,,,,,,37.44,,,yes,unspecified,,470,,,,,,,,batch,,,no,,,,,,,,,,,,,,,,,,,,,,,,,,mesophilic,35,,,,,,,,,,,,,,,,36
Grass,RyeGrass (13 % Italian Rye-Grass ja 87 % Oat),agricultural,,,,,,,,42.2,,,yes,enzymatic-unspecified,,363.8,,,,,,,,batch,,,yes,,yes,"one day wilting and Lactoacid bacteria inoculum (lactobacillus plantarum, pediococcus acidilactici) and enzymes (cellulase, pectinase, ksylanase)",,,,,,,,,,,,,,,,,,,,,,,mesophilic,35,,,,,,,,,,,,,,,,36
Salad,Salad,agricultural,,,,,,,,48,,,,,,294,,,,,,,,batch,,,,,,,,,,,,,,,,,,,,,,,,,,,,,mesophilic,35,,,,,,,,,,,,,,,,5
Sapota,Sapota,agricultural,,,,,,,,,80,,no,,,244,,,,,,,,batch,,,no,,,,,,,,,,,,,,,,,,,,,,,,,,thermophilic,55,,,,,,,,,,,,,,,,1
Sargassum,Sargassum,agricultural,,,,,,,,,,,,,,32,,,,,,,,batch,,,,,,,,,,,,,,,,,,,,,,,,,,,,,mesophilic,35,,,,,,,,,,,,,,,,2
Sargassum,Sargassum,agricultural,,,,,,,,,,,no,,,73,,,,,,,,batch,,,no,,,,,,,,,,,,,,,,,,,,,,,,,,psychrophilic,15,,,,,,,,,,,,,,,,4
Sargassum,Sargassum,agricultural,,,,,,,,,,,no,,,72,,,,,,,,batch,,,no,,,,,,,,,,,,,,,,,,,,,,,,,,mesophilic,24,,,,,,,,,,,,,,,,4
Sargassum,Sargassum,agricultural,,,,,,,,,,,no,,,77,,,,,,,,batch,,,no,,,,,,,,,,,,,,,,,,,,,,,,,,mesophilic,30,,,,,,,,,,,,,,,,4
Sargassum,Sargassum,agricultural,,,,,,,,,,,no,,,91,,,,,,,,batch,,,no,,,,,,,,,,,,,,,,,,,,,,,,,,psychrophilic,15,,,,,,,,,,,,,,,,4
Sargassum,Sargassum,agricultural,,,,,,,,,,,no,,,67,,,,,,,,batch,,,no,,,,,,,,,,,,,,,,,,,,,,,,,,mesophilic,24,,,,,,,,,,,,,,,,4
Sargassum,Sargassum,agricultural,,,,,,,,,,,no,,,178,,,,,,,,batch,,,no,,,,,,,,,,,,,,,,,,,,,,,,,,mesophilic,30,,,,,,,,,,,,,,,,4
Sorghum,Sorghum,agricultural,,,,,,,,,,,no,,,360,,,,,,,,,,,no,,,,,,,,,,,,,,,,,,,,,,,,,,mesophilic,35,,,,,,,,,,,,,,,,4
Sorghum,Sorghum,agricultural,,,,,,,,94.5,94.2,,yes,fermentation,,410,,,,,,,,batch,,,no,,,,,,,,,,,,,,,,,,,,,,,,,,,,,,,,,,,,,,,,,,,10
Sorghum,Sorghum,agricultural,,,,,,,,,,,,,,420,,,,,,,,batch,,,,,,,,,,,,,,,,,,,,,,,,,,,,,mesophilic,35,,,,,,,,,,,,,,,,4
Sorghum,Sorghum,agricultural,,,,,,,,,,,,,,311,,,,,,,,batch,,,,,,,,,,,,,,,,,,,,,,,,,,,,,mesophilic,35,,,,,,,,,,,,,,,,4
Sorghum,Sorghum (-),agricultural,,,,,,,,,,,no,,,296.545,,,,,,,,,,,no,,,,,,,,,,,,,,,,,,,,,,,,,,mesophilic,35,,,,,,,,,,,,,,,,4
Sorghum,Sorghum DK 18 (2),agricultural,,,,,,,,31.9,,,,,,310,,,,,,,,,,,,,,,,,,,,,,,,,,,,,,,,,,,,,,,,,,,,,,,,,,,,,,37
Sorghum,Sorghum DK 26,agricultural,,,,,,,,25.76,,,,,,310,,,,,,,,,,,,,,,,,,,,,,,,,,,,,,,,,,,,,,,,,,,,,,,,,,,,,,32
Sorghum,Sorghum-alphaCellulose mix,agricultural,,,,,,,,,,,,,,380,,,,,,,,batch,,,,,,,,,,,,,,,,,,,,,,,,,,,,,mesophilic,35,,,,,,,,,,,,,,,,2
Spartina,Spartina-CordGrass,agricultural,,,,,,,,95,97,,yes,fermentation,,271,,,,,,,,batch,,,no,,,,,,,,,,,,,,,,,,,,,,,,,,,,,,,,,,,,,,,,,,,10
Spartina,Spartina-CordGrass,agricultural,,,,,,,,31.5,,,no,,,290,,,,,,,,batch,,,no,,,,,,,,,,,,,,,,,,,,,,,,,,mesophilic,35,,,,,,,,,,,,,,,,41
OFMSW,Spinach waste,agricultural,,,,,,,,31.5,,,no,,,316,,,,,,,,semicontinuous,,,no,,,,,,,,,,,,,,,,,,,,,,,,,,mesophilic,35,,,,,,,,,,,,,,,,41
Wheat,Spring Wheat 40%/Peas 40%/False flax 20%,agricultural,,,,,,,,,,,,,,295.536,,,,,,,,,,,,,,,,,,,,,,,,,,,,,,,,,,,,,mesophilic,32,,,,,,,,,,,,,,,,6
Straw,Straw of Oats,agricultural,,,,,,,,34.5,,,,,,320,,,,,,,,batch,,,,,,,,,,,,,,,,,,,,,,,,,,,,,,,,,,,,,,,,,,,,,,37
Straw,Straw of Oats,agricultural,,,,,,,,89.6,90.22,,no,,,230,,,,,,,,batch,,,no,,,,,,,,,,,,,,,,,,,,,,,,,,mesophilic,35,,,,,,,,,,,,,,,,14
Straw,Straw of Oats,agricultural,,,,,,,,63.4,59.6,,no,,,150,,,,,,,,batch,,,no,,,,,,,,,,,,,,,,,,,,,,,,,,mesophilic,35,,,,,,,,,,,,,,,,15
Straw,Straw of Oats,agricultural,,,,,,,,63.4,59.6,,yes,enzymatic,,190,,,,,,,,batch,,,yes,,,,,,,,,,,,,,,,,,,,,,,,,,mesophilic,35,,,,,,,,,,,,,,,,15
Straw,Straw of Oats,agricultural,,,,,,,,63.4,59.6,,yes,enzymatic,,150,,,,,,,,batch,,,no,,,,,,,,,,,,,,,,,,,,,,,,,,mesophilic,35,,,,,,,,,,,,,,,,15
Straw,Straw of Oats,agricultural,,,,,,,,63.4,59.6,,yes,fermentation,,70,,,,,,,,batch,,,no,,,,,,,,,,,,,,,,,,,,,,,,,,mesophilic,35,,,,,,,,,,,,,,,,15
Straw,Straw of Oats,agricultural,,,,,,,,63.4,59.6,,yes,fermentation,,200,,,,,,,,batch,,,no,,,,,,,,,,,,,,,,,,,,,,,,,,mesophilic,35,,,,,,,,,,,,,,,,15
Straw,Straw of Oats,agricultural,,,,,,,,63.4,59.6,,yes,fermentation,,200,,,,,,,,batch,,,,,,,,,,,,,,,,,,,,,,,,,,,,,mesophilic,35,,,,,,,,,,,,,,,,15
Straw,Straw of Oats,agricultural,,,,,,,,63.4,59.6,,yes,enzymatic,,210,,,,,,,,batch,,,,,yes,Active fungi on sterilised substrate 21d,,,,,,,,,,,,,,,,,,,,,,,mesophilic,35,,,,,,,,,,,,,,,,15
Straw,Straw of Oats,agricultural,,,,,,,,63.4,59.6,,yes,enzymatic,,140,,,,,,,,batch,,,,,yes,Inactive fungi on sterilised substrate 21 d.,,,,,,,,,,,,,,,,,,,,,,,mesophilic,35,,,,,,,,,,,,,,,,15
Straw,Straw of Oats,agricultural,,,,,,,,63.4,59.6,,yes,enzymatic,,90,,,,,,,,batch,,,,,yes,Active fungi on unsterilised substrate 21 d.,,,,,,,,,,,,,,,,,,,,,,,mesophilic,35,,,,,,,,,,,,,,,,15
Straw,Straw of Oats,agricultural,,,,,,,,63.4,59.6,,yes,enzymatic,,140,,,,,,,,batch,,,,,yes,Inactive fungi on unsterilised substrate 21 d.,,,,,,,,,,,,,,,,,,,,,,,mesophilic,35,,,,,,,,,,,,,,,,15
Straw,Straw of Oats,agricultural,,,,,,,,63.4,59.6,,yes,unspecified,,190,,,,,,,,batch,,,no,,,,,,,,,,,,,,,,,,,,,,,,,,mesophilic,35,,,,,,,,,,,,,,,,15
Straw,Straw of Oats,agricultural,,,,,,,,63.4,59.6,,yes,chemical,,110,,,,,,,,batch,,,no,,,,,,,,,,,,,,,,,,,,,,,,,,mesophilic,35,,,,,,,,,,,,,,,,15
Straw,Straw of Oats,agricultural,,,,,,,,63.4,59.6,,yes,chemical,,220,,,,,,,,batch,,,no,,,,,,,,,,,,,,,,,,,,,,,,,,mesophilic,35,,,,,,,,,,,,,,,,15
Straw,Straw of Oats,agricultural,,,,,,,,63.4,59.6,,yes,chemical,,170,,,,,,,,batch,,,no,,,,,,,,,,,,,,,,,,,,,,,,,,mesophilic,35,,,,,,,,,,,,,,,,15
Straw,Straw of Oats,agricultural,,,,,,,,63.4,59.6,,yes,chemical,,160,,,,,,,,batch,,,no,,,,,,,,,,,,,,,,,,,,,,,,,,mesophilic,35,,,,,,,,,,,,,,,,15
Straw,Straw of Oats,agricultural,,,,,,,,63.4,59.6,,yes,chemical,,160,,,,,,,,batch,,,no,,,,,,,,,,,,,,,,,,,,,,,,,,mesophilic,35,,,,,,,,,,,,,,,,15
Straw,Straw of Oats,agricultural,,,,,,,,63.4,59.6,,yes,chemical,,120,,,,,,,,batch,,,no,,,,,,,,,,,,,,,,,,,,,,,,,,mesophilic,35,,,,,,,,,,,,,,,,15
Straw,Straw of Oats,agricultural,,,,,,,,63.4,59.6,,yes,chemical,,180,,,,,,,,batch,,,no,,,,,,,,,,,,,,,,,,,,,,,,,,mesophilic,35,,,,,,,,,,,,,,,,15
Straw,Straw of Oats,agricultural,,,,,,,,63.4,59.6,,yes,chemical,,160,,,,,,,,batch,,,no,,,,,,,,,,,,,,,,,,,,,,,,,,mesophilic,35,,,,,,,,,,,,,,,,15
Straw,Straw of Oats,agricultural,,,,,,,,63.4,59.6,,yes,chemical,,160,,,,,,,,batch,,,no,,,,,,,,,,,,,,,,,,,,,,,,,,mesophilic,35,,,,,,,,,,,,,,,,15
Straw,Straw of Oats,agricultural,,,,,,,,63.4,59.6,,yes,chemical,,200,,,,,,,,batch,,,no,,,,,,,,,,,,,,,,,,,,,,,,,,mesophilic,35,,,,,,,,,,,,,,,,15
Straw,Straw of Oats,agricultural,,,,,,,,63.4,59.6,,yes,chemical,,240,,,,,,,,batch,,,no,,,,,,,,,,,,,,,,,,,,,,,,,,mesophilic,35,,,,,,,,,,,,,,,,15
Straw,Straw of Oats,agricultural,,,,,,,,63.4,59.6,,yes,chemical,,210,,,,,,,,batch,,,no,,,,,,,,,,,,,,,,,,,,,,,,,,mesophilic,35,,,,,,,,,,,,,,,,15
Straw,Straw of Oats,agricultural,,,,,,,,63.4,59.6,,yes,fermentation,,210,,,,,,,,batch,,,no,,,,,,,,,,,,,,,,,,,,,,,,,,mesophilic,35,,,,,,,,,,,,,,,,15
Straw,Straw of Rapeseeds,agricultural,,,,,,,,63.4,59.6,,no,,,240,,,,,,,,batch,,,no,,,,,,,,,,,,,,,,,,,,,,,,,,mesophilic,35,,,,,,,,,,,,,,,,15
Strawberry,Strawberry-slurry,municipal,,,,,,,,90,91.67,,no,,,261,,,,,,,,semicontinuous,,,no,,,,,,,,,,,,,,,,,,,,,,,,,,mesophilic,35,,,,,,,,,,,,,,,,14
Grass,Sudan Grass Silage,agricultural,,,,,,,,40.7,,,,,,285.147,,,,,,,,,,,,,,,,,,,,,,,,,,,,,,,,,,,,,,,,,,,,,,,,,,,,,,37
Beet,Sugar Beet,agricultural,,,,,,,,26.3,,,,,,360,,,,,,,,batch,,,,,,,,,,,,,,,,,,,,,,,,,,,,,,,,,,,,,,,,,,,,,,37
Beet,Sugar Beet,agricultural,,,,,,,,12.2,81,,no,,,381,,,,,,,,batch,,,no,,,,,,,,,,,,,,,,,,,,,,,,,,mesophilic,35,,,,,,,,,,,,,,,,21
Beet,Sugar Beet,agricultural,,,,,,,,12.2,81,,yes,fermentation,,385.175,,,,,,,,,,,no,,,,,,,,,,,,,,,,,,,,,,,,,,mesophilic,35,,,,,,,,,,,,,,,,21
Beet,Sugar Beet leaf (Silage),agricultural,,,,,,,,19.5,,,,,,235.907,,,,,,,,,,,,,,,,,,,,,,,,,,,,,,,,,,,,,,,,,,,,,,,,,,,,,,37
Beet,Sugar Beet tops,agricultural,,,,,,,,23.4,,,,,,310,,,,,,,,batch,,,,,,,,,,,,,,,,,,,,,,,,,,,,,,,,,,,,,,,,,,,,,,37
Beet,Sugar Beet tops,agricultural,,,,,,,,11.2,9.2,,no,,,250,,,,,,,,batch,,,no,,,,,,,,,,,,,,,,,,,,,,,,,,mesophilic,35,,,,,,,,,,,,,,,,15
Beet,Sugar Beet tops,agricultural,,,,,,,,11.2,9.2,,yes,enzymatic,,260,,,,,,,,batch,,,yes,,,,,,,,,,,,,,,,,,,,,,,,,,mesophilic,35,,,,,,,,,,,,,,,,15
Beet,Sugar Beet tops,agricultural,,,,,,,,11.2,9.2,,yes,enzymatic,,220,,,,,,,,batch,,,no,,,,,,,,,,,,,,,,,,,,,,,,,,mesophilic,35,,,,,,,,,,,,,,,,15
Beet,Sugar Beet tops,agricultural,,,,,,,,11.2,9.2,,yes,fermentation,,110,,,,,,,,batch,,,no,,,,,,,,,,,,,,,,,,,,,,,,,,mesophilic,35,,,,,,,,,,,,,,,,15
Beet,Sugar Beet tops,agricultural,,,,,,,,11.2,9.2,,yes,fermentation,,180,,,,,,,,batch,,,no,,,,,,,,,,,,,,,,,,,,,,,,,,mesophilic,35,,,,,,,,,,,,,,,,15
Beet,Sugar Beet tops,agricultural,,,,,,,,11.2,9.2,,yes,fermentation,,200,,,,,,,,batch,,,no,,,,,,,,,,,,,,,,,,,,,,,,,,mesophilic,35,,,,,,,,,,,,,,,,15
Beet,Sugar Beet tops,agricultural,,,,,,,,11.2,9.2,,yes,enzymatic,,230,,,,,,,,batch,,,,,yes,Active fungi on sterilised substrate 21d,,,,,,,,,,,,,,,,,,,,,,,mesophilic,35,,,,,,,,,,,,,,,,15
Beet,Sugar Beet tops,agricultural,,,,,,,,11.2,9.2,,yes,enzymatic,,190,,,,,,,,batch,,,,,yes,Inactive fungi on sterilised substrate 21 d.,,,,,,,,,,,,,,,,,,,,,,,mesophilic,35,,,,,,,,,,,,,,,,15
Beet,Sugar Beet tops,agricultural,,,,,,,,11.2,9.2,,yes,enzymatic,,140,,,,,,,,batch,,,,,yes,Active fungi on unsterilised substrate 21 d.,,,,,,,,,,,,,,,,,,,,,,,mesophilic,35,,,,,,,,,,,,,,,,15
Beet,Sugar Beet tops,agricultural,,,,,,,,11.2,9.2,,yes,enzymatic,,280,,,,,,,,batch,,,,,yes,Inactive fungi on unsterilised substrate 21 d.,,,,,,,,,,,,,,,,,,,,,,,mesophilic,35,,,,,,,,,,,,,,,,15
Beet,Sugar Beet tops,agricultural,,,,,,,,11.2,9.2,,yes,unspecified,,340,,,,,,,,batch,,,no,,,,,,,,,,,,,,,,,,,,,,,,,,mesophilic,35,,,,,,,,,,,,,,,,15
Beet,Sugar Beet tops,agricultural,,,,,,,,11.2,9.2,,yes,chemical,,190,,,,,,,,batch,,,no,,,,,,,,,,,,,,,,,,,,,,,,,,mesophilic,35,,,,,,,,,,,,,,,,15
Beet,Sugar Beet tops,agricultural,,,,,,,,11.2,9.2,,yes,chemical,,270,,,,,,,,batch,,,no,,,,,,,,,,,,,,,,,,,,,,,,,,mesophilic,35,,,,,,,,,,,,,,,,15
Beet,Sugar Beet tops,agricultural,,,,,,,,11.2,9.2,,yes,chemical,,160,,,,,,,,batch,,,no,,,,,,,,,,,,,,,,,,,,,,,,,,mesophilic,35,,,,,,,,,,,,,,,,15
Beet,Sugar Beet tops,agricultural,,,,,,,,11.2,9.2,,yes,chemical,,230,,,,,,,,batch,,,no,,,,,,,,,,,,,,,,,,,,,,,,,,mesophilic,35,,,,,,,,,,,,,,,,15
Beet,Sugar Beet tops,agricultural,,,,,,,,11.2,9.2,,yes,chemical,,190,,,,,,,,batch,,,no,,,,,,,,,,,,,,,,,,,,,,,,,,mesophilic,35,,,,,,,,,,,,,,,,15
Beet,Sugar Beet tops,agricultural,,,,,,,,11.2,9.2,,yes,chemical,,260,,,,,,,,batch,,,no,,,,,,,,,,,,,,,,,,,,,,,,,,mesophilic,35,,,,,,,,,,,,,,,,15
Beet,Sugar Beet tops,agricultural,,,,,,,,11.2,9.2,,yes,chemical,,130,,,,,,,,batch,,,no,,,,,,,,,,,,,,,,,,,,,,,,,,mesophilic,35,,,,,,,,,,,,,,,,15
Beet,Sugar Beet tops,agricultural,,,,,,,,11.2,9.2,,yes,chemical,,250,,,,,,,,batch,,,no,,,,,,,,,,,,,,,,,,,,,,,,,,mesophilic,35,,,,,,,,,,,,,,,,15
Beet,Sugar Beet tops,agricultural,,,,,,,,11.2,9.2,,yes,chemical,,180,,,,,,,,batch,,,no,,,,,,,,,,,,,,,,,,,,,,,,,,mesophilic,35,,,,,,,,,,,,,,,,15
Beet,Sugar Beet tops,agricultural,,,,,,,,11.2,9.2,,yes,chemical,,240,,,,,,,,batch,,,no,,,,,,,,,,,,,,,,,,,,,,,,,,mesophilic,35,,,,,,,,,,,,,,,,15
Beet,Sugar Beet tops,agricultural,,,,,,,,11.2,9.2,,yes,chemical,,150,,,,,,,,batch,,,no,,,,,,,,,,,,,,,,,,,,,,,,,,mesophilic,35,,,,,,,,,,,,,,,,15
Beet,Sugar Beet tops,agricultural,,,,,,,,11.2,9.2,,yes,chemical,,310,,,,,,,,batch,,,no,,,,,,,,,,,,,,,,,,,,,,,,,,mesophilic,35,,,,,,,,,,,,,,,,15
Beet,Sugar Beet tops,agricultural,,,,,,,,11.2,9.1,,no,,,360,,,,,,,,batch,,,no,,,,,,,,,,,,,,,,,,,,,,,,,,mesophilic,35,,,,,,,,,,,,,,,,12
Beet,Sugar Beet tops,agricultural,,,,,,,,9.2,75,,no,,,470,,,,,,,,batch,,,no,,,,,,,,,,,,,,,,,,,,,,,,,,mesophilic,35,,,,,,,,,,,,,,,,12
Beet,Sugar Beet tops,agricultural,,,,,,,,8.4,72.61904762,,no,,,430,,,,,,,,batch,,,no,,,,,,,,,,,,,,,,,,,,,,,,,,mesophilic,35,,,,,,,,,,,,,,,,12
Beet,Sugar Beet tops,agricultural,,,,,,,,8.7,73.56321839,,no,,,290,,,,,,,,batch,,,no,,,,,,,,,,,,,,,,,,,,,,,,,,mesophilic,35,,,,,,,,,,,,,,,,12
Beet,Sugar Beet tops,agricultural,,,,,,,,11.5,79.13043478,,yes,chemical,,330,,,,,,,,batch,,,no,,,,,,,,,,,,,,,,,,,,,,,,,,mesophilic,35,,,,,,,,,,,,,,,,12
Beet,Sugar Beet tops,agricultural,,,,,,,,9.5,75.78947368,,yes,chemical,,520,,,,,,,,batch,,,no,,,,,,,,,,,,,,,,,,,,,,,,,,mesophilic,35,,,,,,,,,,,,,,,,12
Beet,Sugar Beet tops,agricultural,,,,,,,,8.4,72.61904762,,yes,chemical,,370,,,,,,,,batch,,,no,,,,,,,,,,,,,,,,,,,,,,,,,,mesophilic,35,,,,,,,,,,,,,,,,12
Beet,Sugar Beet tops,agricultural,,,,,,,,9.1,74.72527473,,yes,chemical,,280,,,,,,,,batch,,,no,,,,,,,,,,,,,,,,,,,,,,,,,,mesophilic,35,,,,,,,,,,,,,,,,12
Beet,Sugar Beet tops,agricultural,,,,,,,,10.9,78.89908257,,yes,enzymatic,,380,,,,,,,,batch,,,yes,"Enzyme mix (1% v/v two xylanases and two cellulases from Trichoderma reesei) applied in a ratio 0,01% v/w",,,,,,,,,,,,,,,,,,,,,,,,,mesophilic,35,,,,,,,,,,,,,,,,12
Beet,Sugar Beet tops,agricultural,,,,,,,,8.1,72.83950617,,yes,enzymatic,,430,,,,,,,,batch,,,yes,"Enzyme mix (1% v/v two xylanases and two cellulases from Trichoderma reesei) applied in a ratio 0,01% v/w",,,,,,,,,,,,,,,,,,,,,,,,,mesophilic,35,,,,,,,,,,,,,,,,12
Beet,Sugar Beet tops,agricultural,,,,,,,,8,72.5,,yes,enzymatic,,360,,,,,,,,batch,,,yes,"Enzyme mix (1% v/v two xylanases and two cellulases from Trichoderma reesei) applied in a ratio 0,01% v/w",,,,,,,,,,,,,,,,,,,,,,,,,mesophilic,35,,,,,,,,,,,,,,,,12
Beet,Sugar Beet tops,agricultural,,,,,,,,7.7,71.42857143,,yes,enzymatic,,270,,,,,,,,batch,,,yes,"Enzyme mix (1% v/v two xylanases and two cellulases from Trichoderma reesei) applied in a ratio 0,01% v/w",,,,,,,,,,,,,,,,,,,,,,,,,mesophilic,35,,,,,,,,,,,,,,,,12
Beet,Sugar Beet tops,agricultural,,,,,,,,10.8,79.62962963,,yes,enzymatic,,320,,,,,,,,batch,,,,,yes,"Lactic Acid Bacteria (60% Lactobacillus rhamsonus and 40% Propionibacterium freudenreichii spp. Shermanii) diluted to 0,7 g/l and applied in ratio 0,5% v/w",,,,,,,,,,,,,,,,,,,,,,,mesophilic,35,,,,,,,,,,,,,,,,12
Other lignocellulosic biomass,Sunflour Oil Cake (By-product),agricultural,,,,,,,,9.4,76.59574468,,yes,enzymatic,,170,,,,,,,,batch,,,,,yes,"Lactic Acid Bacteria (60% Lactobacillus rhamsonus and 40% Propionibacterium freudenreichii spp. Shermanii) diluted to 0,7 g/l and applied in ratio 0,5% v/w",,,,,,,,,,,,,,,,,,,,,,,mesophilic,35,,,,,,,,,,,,,,,,12
Other lignocellulosic biomass,Sunflour Oil Cake (By-product),agricultural,,,,,,,,92,93.4,,,,,160,,,,,,,,batch,,,,,,,,,,,,,,,,,,,,,,,,,,,,,mesophilic,35,,,,,,,,,,,,,,,,35
Other lignocellulosic biomass,Sunflour Oil Cake (By-product),agricultural,,,,,,,,92,93.4,,,,,150,,,,,,,,batch,,,,,,,,,,,,,,,,,,,,,,,,,,,,,mesophilic,35,,,,,,,,,,,,,,,,35
Other lignocellulosic biomass,Sunflour Oil Cake (By-product),agricultural,,,,,,,,92,93.4,,,,,110,,,,,,,,batch,,,,,,,,,,,,,,,,,,,,,,,,,,,,,mesophilic,35,,,,,,,,,,,,,,,,35
Clover,Sweet Clover,agricultural,,,,,,,,92,93.4,,,,,344,,,,,,,,batch,,,,,,,,,,,,,,,,,,,,,,,,,,,,,mesophilic,35,,,,,,,,,,,,,,,,35
Clover,Sweet Clover,agricultural,,,,,,,,33.06,,,no,,,278,,,,,,,,batch,,,no,,,,,,,,,,,,,,,,,,,,,,,,,,mesophilic,35,,,,,,,,,,,,,,,,41
Sorghum,Sweet Sorghum,agricultural,,,,,,,,33.06,,,no,,,352,,,,,,,,batch,,,no,,,,,,,,,,,,,,,,,,,,,,,,,,mesophilic,35,,,,,,,,,,,,,,,,41
Sorghum,Sweet Sorghum,agricultural,,,,,,,,20.09,90.7,,no,,,367,,,,,,,,batch,,,no,,,,,,,,,,,,,,,,,,,,,,,,,,mesophilic,40,,,,,,,,,,,,,,,,18
Sycamore,Sycamore,agricultural,,,,,,,,,,,no,,,320,,,,,,,,batch,,,no,,,,,,,,,,,,,,,,,,,,,,,,,,mesophilic,35,,,,,,,,,,,,,,,,4
Fescue,Tall Fescue,agricultural,,,,,,,,,,,no,,,319.02931,,,,,,,,batch,,,no,,,,,,,,,,,,,,,,,,,,,,,,,,mesophilic,35,,,,,,,,,,,,,,,,4
Fescue,Tall Fescue,agricultural,,,,,,,,21.89,,,,,,461.244049,,,,,,,,batch,,,no,,,,,,,,,,,,,,,,,,,,,,,,,,mesophilic,35,,,,,,,,,,,,,,,,36
OFMSW,Tight skinned Sweet orange,agricultural,,,,,,,,25,,,,,,455,,,,,,,,batch,,,no,,,,,,,,,,,,,,,,,,,,,,,,,,mesophilic,35,,,,,,,,,,,,,,,,36
Clover,"Timothy Clover (17 % red Clover, 63 % timothy, 20 % meadow Fescue)",agricultural,,,,,,,,14.58,,,,,,488.07133,,,,,,,,batch,,,no,,,,,,,,,,,,,,,,,,,,,,,,,,mesophilic,35,,,,,,,,,,,,,,,,36
Clover,"Timothy Clover (17 % red Clover, 63 % timothy, 20 % meadow Fescue)",agricultural,,,,,,,,16.41,,,,,,410,,,,,,,,batch,,,no,,,,,,,,,,,,,,,,,,,,,,,,,,mesophilic,35,,,,,,,,,,,,,,,,36
Clover,"Timothy Clover (17 % red Clover, 63 % timothy, 20 % meadow Fescue)",agricultural,,,,,,,,18.24,,,yes,unspecified,,483.16285,,,,,,,,batch,,,no,,,,,,,,,,,,,,,,,,,,,,,,,,mesophilic,35,,,,,,,,,,,,,,,,36
Clover,"Timothy Clover (17 % red Clover, 63 % timothy, 20 % meadow Fescue)",agricultural,,,,,,,,17.67,,,yes,unspecified,,500,,,,,,,,batch,,,no,,,,,,,,,,,,,,,,,,,,,,,,,,mesophilic,35,,,,,,,,,,,,,,,,36
Clover,"Timothy Clover (17 % red Clover, 63 % timothy, 20 % meadow Fescue)",agricultural,,,,,,,,17.02,,,yes,enzymatic-unspecified,,437.146417,,,,,,,,batch,,,yes,,yes,"one day wilting and Lactoacid bacteria inoculum (lactobacillus plantarum, pediococcus acidilactici) and enzymes (cellulase, pectinase, ksylanase)",,,,,,,,,,,,,,,,,,,,,,,mesophilic,35,,,,,,,,,,,,,,,,36
Clover,"Timothy Clover (17 % red Clover, 63 % timothy, 20 % meadow Fescue)",agricultural,,,,,,,,21.5,,,yes,enzymatic-unspecified,,356.804598,,,,,,,,batch,,,yes,,yes,"one day wilting and Lactoacid bacteria inoculum (lactobacillus plantarum, pediococcus acidilactici) and enzymes (cellulase, pectinase, ksylanase)",,,,,,,,,,,,,,,,,,,,,,,mesophilic,35,,,,,,,,,,,,,,,,36
Clover,"Timothy Clover (17 % red Clover, 63 % timothy, 20 % meadow Fescue)",agricultural,,,,,,,,25.9,,,yes,unspecified,,385.264038,,,,,,,,batch,,,no,,,,,,,,,,,,,,,,,,,,,,,,,,mesophilic,35,,,,,,,,,,,,,,,,36
Tomato,Tomato,agricultural,,,,,,,,24.53,,,yes,unspecified,,211,,,,,,,,batch,,,no,,,,,,,,,,,,,,,,,,,,,,,,,,mesophilic,35,,,,,,,,,,,,,,,,36
Triticale,Triticale,agricultural,,,,,,,,11.6,85.34,,no,,,534,,,,,,,,batch,,,no,,,,,,,,,,,,,,,,,,,,,,,,,,mesophilic,35,,,,,,,,,,,,,,,,14
Triticale,Triticale,agricultural,,,,,,,,35.2,94.3,,no,,,555,,,,,,,,batch,,,no,,,,,,,,,,,,,,,,,,,,,,,,,,mesophilic,35,,,,,,,,,,,,,,,,9
Triticale,Triticale,agricultural,,,,,,,,27.3,93.1,,yes,fermentation,,461,,,,,,,,batch,,,no,,,,,,,,,,,,,,,,,,,,,,,,,,mesophilic,35,,,,,,,,,,,,,,,,9
Triticale,Triticale,agricultural,,,,,,,,33.7,95,,no,,,509,,,,,,,,batch,,,no,,,,,,,,,,,,,,,,,,,,,,,,,,mesophilic,35,,,,,,,,,,,,,,,,9
Triticale,Triticale,agricultural,,,,,,,,41.2,94.6,,yes,fermentation,,337,,,,,,,,batch,,,no,,,,,,,,,,,,,,,,,,,,,,,,,,mesophilic,35,,,,,,,,,,,,,,,,9
Triticale,Triticale,agricultural,,,,,,,,,,,yes,fermentation,,254,,,,,,,,batch,,,no,,,,,,,,,,,,,,,,,,,,,,,,,,mesophilic,35,,,,,,,,,,,,,,,,9
Triticale,Triticale,agricultural,,,,,,,,70.38,,,no,,,279,,,,,,,,batch,,,no,,,,,,,,,,,,,,,,,,,,,,,,,,mesophilic,35,,,,,,,,,,,,,,,,41
Triticale,Triticale,agricultural,,,,,,,,70.38,,,no,,,554.76,,,,,,,,,,,no,,,,,,,,,,,,,,,,,,,,,,,,,,mesophilic,35,,,,,,,,,,,,,,,,41
Triticale,Triticale,agricultural,,,,,,,,35.2,,,,,,606.2,,,,,,,,,,,,,,,,,,,,,,,,,,,,,,,,,,,,,,,,,,,,,,,,,,,,,,31
Triticale,Triticale,agricultural,,,,,,,,27.3,,,,,,503.17,,,,,,,,,,,,,,,,,,,,,,,,,,,,,,,,,,,,,,,,,,,,,,,,,,,,,,31
Triticale,Triticale,agricultural,,,,,,,,33.7,,,,,,563.74,,,,,,,,,,,,,,,,,,,,,,,,,,,,,,,,,,,,,,,,,,,,,,,,,,,,,,31
Triticale,Triticale,agricultural,,,,,,,,41.2,,,,,,299.5,,,,,,,,,,,,,,,,,,,,,,,,,,,,,,,,,,,,,,,,,,,,,,,,,,,,,,31
Grass,Turf Grass,agricultural,,,,,,,,65.5,,,,,,332,,,,,,,,batch,,,,,,,,,,,,,,,,,,,,,,,,,,,,,,,,,,,,,,,,,,,,,,31
Grass,Turf Grass,agricultural,,,,,,,,,,,no,,,247,,,,,,,,batch,,,no,,,,,,,,,,,,,,,,,,,,,,,,,,mesophilic,35,,,,,,,,,,,,,,,,4
Turnip,Turnip,agricultural,,,,,,,,,,,no,,,314,,,,,,,,batch,,,no,,,,,,,,,,,,,,,,,,,,,,,,,,mesophilic,35,,,,,,,,,,,,,,,,4
Vetch,Vetch,agricultural,,,,,,,,,,,no,,,282,,,,,,,,batch,,,no,,,,,,,,,,,,,,,,,,,,,,,,,,mesophilic,35,,,,,,,,,,,,,,,,4
Vetch,Vetch,agricultural,,,,,,,,23.83,,,no,,,287,,,,,,,,batch,,,no,,,,,,,,,,,,,,,,,,,,,,,,,,mesophilic,35,,,,,,,,,,,,,,,,41
Vetch + Oat,Vetch Oat mixture 50% common vetch 50% Oat,agricultural,,,,,,,,23.83,,,no,,,410,,,,,,,,batch,,,no,,,,,,,,,,,,,,,,,,,,,,,,,,mesophilic,35,,,,,,,,,,,,,,,,41
Vetch + Oat,Vetch Oat mixture 50% common vetch 50% Oat,agricultural,,,,,,,,15.5,89.68,,no,,,400,,,,,,,,batch,,,no,,,,,,,,,,,,,,,,,,,,,,,,,,mesophilic,35,,,,,,,,,,,,,,,,14
Water hyacinth,Water hyacinth (high lignin),agricultural,,,,,,,,,,,,,,196,,,,,,,,batch,,,,,,,,,,,,,,,,,,,,,,,,,,,,,mesophilic,35,,,,,,,,,,,,,,,,3
Water hyacinth,Water hyacinth (low lignin),agricultural,,,,,,,,,,,no,,,213,,,,,,,,batch,,,no,,,,,,,,,,,,,,,,,,,,,,,,,,mesophilic,35,,,,,,,,,,,,,,,,4
Wheat,Wheat,agricultural,,,,,,,,,,,no,,,384,,,,,,,,batch,,,no,,,,,,,,,,,,,,,,,,,,,,,,,,mesophilic,35,,,,,,,,,,,,,,,,4
Wheat,Wheat,agricultural,,,,,,,,37.69,97.91,,no,,,387,,,,,,,,batch,,,no,,,,,,,,,,,,,,,,,,,,,,,,,,mesophilic,40,,,,,,,,,,,,,,,,18
Wheat,Wheat,agricultural,,,,,,,,37.69,97.91,,no,,,418,,,,,,,,batch,,,no,,,,,,,,,,,,,,,,,,,,,,,,,,mesophilic,40,,,,,,,,,,,,,,,,18
Wheat,Wheat,agricultural,,,,,,,,37.69,97.91,,no,,,249,,,,,,,,batch,,,no,,,,,,,,,,,,,,,,,,,,,,,,,,mesophilic,40,,,,,,,,,,,,,,,,18
Wheat,Wheat,agricultural,,,,,,,,,89.9,,yes,unspecified,,248,,,,,,,,batch,,,no,,,,,,,,,,,,,,,,,,,,,,,,,,mesophilic,37,,,,,,,,,,,,,,,,19
Wheat,Wheat,agricultural,,,,,,,,,89.9,,yes,unspecified,,241,,,,,,,,batch,,,no,,,,,,,,,,,,,,,,,,,,,,,,,,mesophilic,37,,,,,,,,,,,,,,,,19
Wheat,Wheat,agricultural,,,,,,,,,89.9,,yes,unspecified,,227,,,,,,,,batch,,,no,,,,,,,,,,,,,,,,,,,,,,,,,,mesophilic,37,,,,,,,,,,,,,,,,19
Wheat,Wheat,agricultural,,,,,,,,,89.9,,yes,unspecified,,162,,,,,,,,batch,,,no,,,,,,,,,,,,,,,,,,,,,,,,,,mesophilic,37,,,,,,,,,,,,,,,,19
Grain,Wheat (Grain),agricultural,,,,,,,,,89.9,,yes,unspecified,,366.72,,,,,,,,,,,no,,,,,,,,,,,,,,,,,,,,,,,,,,mesophilic,37,,,,,,,,,,,,,,,,19
Straw,Wheat (Straw),agricultural,,,,,,,,86.6,,,,,,154,,,,,,,,,,,,,,,,,,,,,,,,,,,,,,,,,,,,,,,,,,,,,,,,,,,,,,37
Straw,Wheat Straw 1,agricultural,,,,,,,,90.2,,,,,,302,,,,,,,,batch,,,,,,,,,,,,,,,,,,,,,,,,,,,,,,,,,,,,,,,,,,,,,,37
Straw,Wheat Straw 2,agricultural,,,,,,,,93.5,91.3,,yes,unspecified,,333,,,,,,,,batch,,,no,,,,,,,,,,,,,,,,,,,,,,,,,,mesophilic,35,,,,,,,,,,,,,,,,20
Cabbage,White Cabbage,agricultural,,,,,,,,92.8,90.6,,yes,unspecified,,382,,,,,,,,batch,,,no,,,,,,,,,,,,,,,,,,,,,,,,,,mesophilic,35,,,,,,,,,,,,,,,,20
Cabbage,White Cabbage,agricultural,,,,,,,,11.4,78,,no,,,343,,,,,,,,batch,,,no,,,,,,,,,,,,,,,,,,,,,,,,,,mesophilic,35,,,,,,,,,,,,,,,,21
Fir,White Fir,agricultural,,,,,,,,11.4,78,,yes,fermentation,,42,,,,,,,,batch,,,no,,,,,,,,,,,,,,,,,,,,,,,,,,mesophilic,35,,,,,,,,,,,,,,,,21
Lupin,White Lupin,agricultural,,,,,,,,94.7,98.5,,yes,unspecified,,330,,,,,,,,batch,,,no,,,,,,,,,,,,,,,,,,,,,,,,,,mesophilic,35,,,,,,,,,,,,,,,,20
Willow,Willow,agricultural,,,,,,,,,,,,,,290,,,,,,,,batch,,,,,,,,,,,,,,,,,,,,,,,,,,,,,mesophilic,35,,,,,,,,,,,,,,,,3
Willow,Willow,agricultural,,,,,,,,,,,no,,,310,,,,,,,,batch,,,no,,,,,,,,,,,,,,,,,,,,,,,,,,mesophilic,35,,,,,,,,,,,,,,,,4
Willow,Willow,agricultural,,,,,,,,,,,no,,,270,,,,,,,,batch,,,no,,,,,,,,,,,,,,,,,,,,,,,,,,mesophilic,35,,,,,,,,,,,,,,,,4
Willow,Willow,agricultural,,,,,,,,,,,no,,,290,,,,,,,,batch,,,no,,,,,,,,,,,,,,,,,,,,,,,,,,mesophilic,35,,,,,,,,,,,,,,,,4
Willow,Willow,agricultural,,,,,,,,,,,no,,,270,,,,,,,,batch,,,no,,,,,,,,,,,,,,,,,,,,,,,,,,mesophilic,35,,,,,,,,,,,,,,,,4
Willow,Willow,agricultural,,,,,,,,,,,no,,,270,,,,,,,,batch,,,no,,,,,,,,,,,,,,,,,,,,,,,,,,mesophilic,35,,,,,,,,,,,,,,,,4
Willow,Willow,agricultural,,,,,,,,,,,no,,,270,,,,,,,,batch,,,no,,,,,,,,,,,,,,,,,,,,,,,,,,mesophilic,35,,,,,,,,,,,,,,,,4
Willow,Willow,agricultural,,,,,,,,,,,no,,,280,,,,,,,,batch,,,no,,,,,,,,,,,,,,,,,,,,,,,,,,mesophilic,35,,,,,,,,,,,,,,,,4
Willow,Willow,agricultural,,,,,,,,,,,no,,,310,,,,,,,,batch,,,no,,,,,,,,,,,,,,,,,,,,,,,,,,mesophilic,35,,,,,,,,,,,,,,,,4
Willow,Willow,agricultural,,,,,,,,,,,no,,,240,,,,,,,,batch,,,no,,,,,,,,,,,,,,,,,,,,,,,,,,mesophilic,35,,,,,,,,,,,,,,,,4
Willow,Willow,agricultural,,,,,,,,,,,no,,,220,,,,,,,,batch,,,no,,,,,,,,,,,,,,,,,,,,,,,,,,mesophilic,35,,,,,,,,,,,,,,,,4
Willow,Willow,agricultural,,,,,,,,,,,no,,,180,,,,,,,,batch,,,no,,,,,,,,,,,,,,,,,,,,,,,,,,mesophilic,35,,,,,,,,,,,,,,,,4
Willow,Willow,agricultural,,,,,,,,,,,no,,,190,,,,,,,,batch,,,no,,,,,,,,,,,,,,,,,,,,,,,,,,mesophilic,35,,,,,,,,,,,,,,,,4
Willow,Willow,agricultural,,,,,,,,,,,no,,,140,,,,,,,,batch,,,no,,,,,,,,,,,,,,,,,,,,,,,,,,mesophilic,35,,,,,,,,,,,,,,,,4
Willow,Willow,agricultural,,,,,,,,,,,no,,,160,,,,,,,,batch,,,no,,,,,,,,,,,,,,,,,,,,,,,,,,mesophilic,35,,,,,,,,,,,,,,,,4
Willow,Willow,agricultural,,,,,,,,,,,no,,,230,,,,,,,,batch,,,no,,,,,,,,,,,,,,,,,,,,,,,,,,mesophilic,35,,,,,,,,,,,,,,,,4
Willow,Willow,agricultural,,,,,,,,,,,no,,,250,,,,,,,,batch,,,no,,,,,,,,,,,,,,,,,,,,,,,,,,mesophilic,35,,,,,,,,,,,,,,,,4
Willow,Willow,agricultural,,,,,,,,,,,no,,,210,,,,,,,,batch,,,no,,,,,,,,,,,,,,,,,,,,,,,,,,mesophilic,35,,,,,,,,,,,,,,,,4
Willow,Willow,agricultural,,,,,,,,,,,no,,,270,,,,,,,,batch,,,no,,,,,,,,,,,,,,,,,,,,,,,,,,mesophilic,35,,,,,,,,,,,,,,,,4
Willow,Willow,agricultural,,,,,,,,,,,no,,,230,,,,,,,,batch,,,no,,,,,,,,,,,,,,,,,,,,,,,,,,mesophilic,35,,,,,,,,,,,,,,,,4
Barley,Winter Barley,agricultural,,,,,,,,,,,no,,,292,,,,,,,,batch,,,no,,,,,,,,,,,,,,,,,,,,,,,,,,mesophilic,35,,,,,,,,,,,,,,,,4
Bean,Winter Bean-Fied Bean,agricultural,,,,,,,,37.94,,,no,,,242,,,,,,,,batch,,,no,,,,,,,,,,,,,,,,,,,,,,,,,,mesophilic,35,,,,,,,,,,,,,,,,41
Bean,Winter Bean-Fied Bean,agricultural,,,,,,,,14.48,,,no,,,354,,,,,,,,batch,,,no,,,,,,,,,,,,,,,,,,,,,,,,,,mesophilic,35,,,,,,,,,,,,,,,,41
Grass,Wood Grass,agricultural,,,,,,,,14.48,,,no,,,291,,,,,,,,batch,,,no,,,,,,,,,,,,,,,,,,,,,,,,,,mesophilic,35,,,,,,,,,,,,,,,,41
Lupin,Yellow Lupin,agricultural,,,,,,,,88.2,95.8,,yes,unspecified,,253,,,,,,,,batch,,,no,,,,,,,,,,,,,,,,,,,,,,,,,,mesophilic,35,,,,,,,,,,,,,,,,20
Lupin,Yellow Lupin,agricultural,,,,,,,,15.05,,,no,,,255,,,,,,,,batch,,,no,,,,,,,,,,,,,,,,,,,,,,,,,,mesophilic,35,,,,,,,,,,,,,,,,41
paper pulp and mill sludge,paper biosludge,industry,7.4,,,,,,,1.5,65,liquid,no,,,93,,,,laboratory,0.12,,,batch,,,,,,,,,,,,,,,,,,,,,,,,,,,,,mesophilic,35,,,,,,,,,,,,,,,,"Kinnunen, V., Yl├ñ-Outinen, A., Rintala, J. 2015. Mesophilic anaerobic digestion of pulp and paper industry biosludgeÔÇôlong-term reactor performance and effects of thermal pretreatment. Water Research, 87, 105-111"
paper pulp and mill sludge,paper biosludge,industry,7.4,,,,,,,2.5,68,liquid,no,,,89,,,,laboratory,0.12,,,batch,,,,,,,,,,,,,,,,,,,,,,,,,,,,,mesophilic,35,,,,,,,,,,,,,,,,"Kinnunen, V., Yl├ñ-Outinen, A., Rintala, J. 2015. Mesophilic anaerobic digestion of pulp and paper industry biosludgeÔÇôlong-term reactor performance and effects of thermal pretreatment. Water Research, 87, 105-111"
paper pulp and mill sludge,paper biosludge,industry,7.4,,,,,,,2.5,68,liquid,no,,,92,,,,laboratory,0.12,,,batch,,,,,,,,,,,,,,,,,,,,,,,,,,,,,mesophilic,35,,,,,,,,,,,,,,,,"Kinnunen, V., Yl├ñ-Outinen, A., Rintala, J. 2015. Mesophilic anaerobic digestion of pulp and paper industry biosludgeÔÇôlong-term reactor performance and effects of thermal pretreatment. Water Research, 87, 105-111"
paper pulp and mill sludge,paper biosludge,industry,7.4,,,,,,,2.5,68,liquid,no,,,94,,,,laboratory,0.12,,,batch,,,,,,,,,,,,,,,,,,,,,,,,,,,,,mesophilic,35,,,,,,,,,,,,,,,,"Kinnunen, V., Yl├ñ-Outinen, A., Rintala, J. 2015. Mesophilic anaerobic digestion of pulp and paper industry biosludgeÔÇôlong-term reactor performance and effects of thermal pretreatment. Water Research, 87, 105-111"
paper pulp and mill sludge,paper biosludge,industry,7.4,,,,,,,2.5,68,liquid,no,,,102,,,,laboratory,0.12,,,batch,,,,,,,,,,,,,,,,,,,,,,,,,,,,,mesophilic,35,,,,,,,,,,,,,,,,"Kinnunen, V., Yl├ñ-Outinen, A., Rintala, J. 2015. Mesophilic anaerobic digestion of pulp and paper industry biosludgeÔÇôlong-term reactor performance and effects of thermal pretreatment. Water Research, 87, 105-111"
paper pulp and mill sludge,paper biosludge,industry,,,,,,,,,,liquid,no,,,46,,0.5,,pilot,5,,,semicontinuous,,,,,,,yes,,,,,,,,,,,,,,,,,,,,,,mesophilic,35,,,,,,,,,,,,,,,,"Kinnunen, V., Yl├ñ-Outinen, A., Rintala, J. 2015. Mesophilic anaerobic digestion of pulp and paper industry biosludgeÔÇôlong-term reactor performance and effects of thermal pretreatment. Water Research, 87, 105-111"
paper pulp and mill sludge,paper biosludge,industry,,,,,,,,,,liquid,no,,,98,,0.5,,pilot,5,,,semicontinuous,,,,,,,yes,,,,,,,,,,,,,,,,,,,,,,mesophilic,35,,,,,,,,,,,,,,,,"Kinnunen, V., Yl├ñ-Outinen, A., Rintala, J. 2015. Mesophilic anaerobic digestion of pulp and paper industry biosludgeÔÇôlong-term reactor performance and effects of thermal pretreatment. Water Research, 87, 105-111"
paper pulp and mill sludge,paper biosludge,industry,,,,,,,,,,liquid,no,,,74,,1,,pilot,5,,,semicontinuous,,,,,,,yes,,,,,,,,,,,,,,,,,,,,,,mesophilic,35,,,,,,,,,,,,,,,,"Kinnunen, V., Yl├ñ-Outinen, A., Rintala, J. 2015. Mesophilic anaerobic digestion of pulp and paper industry biosludgeÔÇôlong-term reactor performance and effects of thermal pretreatment. Water Research, 87, 105-111"
paper pulp and mill sludge,paper biosludge,industry,,,,,,,,,,liquid,no,,,79,,1,,pilot,5,,,semicontinuous,,,,,,,yes,,,,,,,,,,,,,,,,,,,,,,mesophilic,35,,,,,,,,,,,,,,,,"Kinnunen, V., Yl├ñ-Outinen, A., Rintala, J. 2015. Mesophilic anaerobic digestion of pulp and paper industry biosludgeÔÇôlong-term reactor performance and effects of thermal pretreatment. Water Research, 87, 105-111"
paper pulp and mill sludge,paper biosludge,industry,,,,,,,,,,liquid,no,,,78,,1.6,,pilot,5,,,semicontinuous,,,,,,,yes,,,,,,,,,,,,,,,,,,,,,,mesophilic,35,,,,,,,,,,,,,,,,"Kinnunen, V., Yl├ñ-Outinen, A., Rintala, J. 2015. Mesophilic anaerobic digestion of pulp and paper industry biosludgeÔÇôlong-term reactor performance and effects of thermal pretreatment. Water Research, 87, 105-111"
pulp and paper mill WAS,paper sludge,industry,,,,,,,,,,,,,,67,,,,laboratory,,,,batch,,,,,,,,,,,,,,,,,,,,,,,,,,,,,psychrophilic,20,,,,,,,,,,,,,,,,"Meyer, T., Edwards, E.A. 2014. Anaerobic digestion of pulp and paper mill wastewater and sludge. Water Research, 65(0), 321-349."
pulp and paper mill WAS,paper sludge,industry,,,,,,,,,,,,unspecified,,97,,,,laboratory,,,,batch,,,,,,,,,,,,,,,,,,,,,,,,,,,,,psychrophilic,20,,,,,,,,,,,,,,,,"Meyer, T., Edwards, E.A. 2014. Anaerobic digestion of pulp and paper mill wastewater and sludge. Water Research, 65(0), 321-349."
pulp and paper mill WAS,paper sludge,industry,,,,,,,,,,,,enzymatic,,66,,,,laboratory,,,,batch,,,,,,,,,,,,,,,,,,,,,,,,,,,,,psychrophilic,20,,,,,,,,,,,,,,,,"Meyer, T., Edwards, E.A. 2014. Anaerobic digestion of pulp and paper mill wastewater and sludge. Water Research, 65(0), 321-349."
pulp and paper mill WAS,paper sludge,industry,,,,,,,,,,,,physical,,68,,,,laboratory,,,,batch,,,,,,,,,,,,,,,,,,,,,,,,,,,,,psychrophilic,20,,,,,,,,,,,,,,,,"Meyer, T., Edwards, E.A. 2014. Anaerobic digestion of pulp and paper mill wastewater and sludge. Water Research, 65(0), 321-349."
pulp and paper mill WAS,paper sludge,industry,,,,,,,,,,,,chemical,,11,,,,laboratory,,,,batch,,,,,,,,,,,,,,,,,,,,,,,,,,,,,psychrophilic,20,,,,,,,,,,,,,,,,"Meyer, T., Edwards, E.A. 2014. Anaerobic digestion of pulp and paper mill wastewater and sludge. Water Research, 65(0), 321-349."
pulp and paper mill WAS,paper sludge,industry,,,,,,,,,,,,chemical,,-3,,,,laboratory,,,,batch,,,,,,,,,,,,,,,,,,,,,,,,,,,,,psychrophilic,20,,,,,,,,,,,,,,,,"Meyer, T., Edwards, E.A. 2014. Anaerobic digestion of pulp and paper mill wastewater and sludge. Water Research, 65(0), 321-349."
sugarcane vinasse,sugarcane vinasse,industrial,,,,,,,,,,liquid,yes,physical,35200,,234.2,,15,laboratory,10,,,batch,NaHCO3,12.5,no,,no,,no,,yes,,,,,,yes,,0,,,,,,,,,,,25800,thermophilic,55,,,,,,8.4,,,,,,,10139,,,Djalma Nunes Ferraz J├║nior. A. . Koyama. M. . de Ara├║jo J├║nior. M. . Zaiata. M. .2016. Thermophilic anaerobic digestion of raw sugarcane vinasse. Renewable Energy 89. 245ÔÇô252
acidified sugarcane vinasse,acidified sugarcane vinasse,industrial,6.5,,,,,,,,,liquid,yes,physical-chemical,24070,,306,,15,laboratory,3.4,,,batch,NaHCO3,6.5,no,,no,,no,,yes,,,,,,yes,,0,,,,,,,,,,,24000,thermophilic,55,,,,,,8.5,,,,,,,6096,,,Djalma Nunes Ferraz J├║nior. A. . Koyama. M. . de Ara├║jo J├║nior. M. . Zaiata. M. .2016. Thermophilic anaerobic digestion of raw sugarcane vinasse. Renewable Energy 89. 245ÔÇô252
Algae biomass,Tetraselmis striata,industrial,,,,16,6.4,49.9,,0.98,,liquid,no,,11500,,790,,0.5,laboratory,0.17,0.07,2.4,batch,,,no,,no,,yes,,,,,,,,,,,,,,7,,,,0,,,,mesophilic,38,,,,,,,,,,,,,,,,Bai. X. . Lant. P. Jensen. P. Astals. S. Pratt. S. 2016. Enhanced methane production from algal digestion using free nitrous acid pre-treatment. Renewable Energy 88. 383-390
Algae biomass,Tetraselmis striata,industrial,,,,16,6.4,49.9,,0.98,,liquid,yes,chemical,11500,,745,,0.5,laboratory,0.17,0.07,2.4,batch,,,no,,no,,yes,,,,,,,,,,,,,,7,,,,100,,,,mesophilic,38,free nitrous acid pretreatment 0.77 mg HNO2-N/l,,,,,,,,,,,,267,,,Bai. X. . Lant. P. Jensen. P. Astals. S. Pratt. S. 2016. Enhanced methane production from algal digestion using free nitrous acid pre-treatment. Renewable Energy 88. 383-390
Algae biomass,Tetraselmis striata,industrial,,,,16,6.4,49.9,,0.98,,liquid,yes,chemical,11500,,760,,0.5,laboratory,0.17,0.07,2.4,batch,,,no,,no,,yes,,,,,,,,,,,,,,7,,,,300,,,,mesophilic,38,free nitrous acid pretreatment 2.31 mg HNO2-N/l,,,,,,,,,,,,802,,,Bai. X. . Lant. P. Jensen. P. Astals. S. Pratt. S. 2016. Enhanced methane production from algal digestion using free nitrous acid pre-treatment. Renewable Energy 88. 383-390
Algae biomass,Tetraselmis striata,industrial,,,,16,6.4,49.9,,0.98,,liquid,yes,chemical,11500,,686,,0.5,laboratory,0.17,0.07,2.4,batch,,,no,,no,,yes,,,,,,,,,,,,,,7,,,,1900,,,,mesophilic,38,free nitrous acid pretreatment 14.61 mg HNO2-N/l,,,,,,,,,,,,5074,,,Bai. X. . Lant. P. Jensen. P. Astals. S. Pratt. S. 2016. Enhanced methane production from algal digestion using free nitrous acid pre-treatment. Renewable Energy 88. 383-390
Algae biomass,Nannochloropsis gaditana,industrial,,,,25.6,10.2,53.03,,91.08,,solid,yes,physical,500,390,,5,0.5,laboratory,0.117,,,batch,,,no,,no,,no,,yes,,yes,0.5,,,no,,,,,,,,,,,,,,mesophilic,35,,,,,,,,,,,,,,,,"Capson-Tojo, G. Torres. A. Mu├▒oz. R. Bartacek. J. Jeison. D. 2017. Mesophilic and thermophilic anaerobic digestion of lipid-extracted microalgae N.gaditana for methane production. Renewable Energy 105. 539-546"
Algae biomass,Nannochloropsis gaditana,industrial,,,,25.6,10.2,53.03,,91.08,,solid,yes,physical,500,315,,5,0.5,laboratory,0.117,,,batch,,,no,,no,,no,,yes,,yes,0.5,,,no,,,,,,,,,,,,,,thermophilic,55,,,,,,,,,,,,,,,,"Capson-Tojo, G. Torres. A. Mu├▒oz. R. Bartacek. J. Jeison. D. 2017. Mesophilic and thermophilic anaerobic digestion of lipid-extracted microalgae N.gaditana for methane production. Renewable Energy 105. 539-546"
Algae biomass,Nannochloropsis gaditana,industrial,,,,17.4,6.69,55.04,,95.38,,solid,yes,physical,500,475,,5,0.5,laboratory,0.117,,,batch,,,no,,no,,no,,yes,,yes,0.5,,,no,,,,,,,,,,,,,,mesophilic,35,,,,,,,,,,,,,,,,"Capson-Tojo, G. Torres. A. Mu├▒oz. R. Bartacek. J. Jeison. D. 2017. Mesophilic and thermophilic anaerobic digestion of lipid-extracted microalgae N.gaditana for methane production. Renewable Energy 105. 539-546"
Algae biomass,Nannochloropsis gaditana,industrial,,,,17.4,6.69,55.04,,95.38,,solid,yes,physical,500,365,,5,0.5,laboratory,0.117,,,batch,,,no,,no,,no,,yes,,yes,0.5,,,no,,,,,,,,,,,,,,thermophilic,55,,,,,,,,,,,,,,,,"Capson-Tojo, G. Torres. A. Mu├▒oz. R. Bartacek. J. Jeison. D. 2017. Mesophilic and thermophilic anaerobic digestion of lipid-extracted microalgae N.gaditana for methane production. Renewable Energy 105. 539-546"
Algae biomass,Nannochloropsis gaditana,industrial,,,,17.8,6.16,54.16,,97.49,,solid,yes,physical,500,470,,5,0.5,laboratory,0.117,,,batch,,,no,,no,,no,,yes,,yes,0.5,,,no,,,,,,,,,,,,,,mesophilic,35,,,,,,,,,,,,,,,,"Capson-Tojo, G. Torres. A. Mu├▒oz. R. Bartacek. J. Jeison. D. 2017. Mesophilic and thermophilic anaerobic digestion of lipid-extracted microalgae N.gaditana for methane production. Renewable Energy 105. 539-546"
Algae biomass,Nannochloropsis gaditana,industrial,,,,17.8,6.16,54.16,,97.49,,solid,yes,physical,500,460,,5,0.5,laboratory,0.117,,,batch,,,no,,no,,no,,yes,,yes,0.5,,,no,,,,,,,,,,,,,,thermophilic,55,,,,,,,,,,,,,,,,"Capson-Tojo, G. Torres. A. Mu├▒oz. R. Bartacek. J. Jeison. D. 2017. Mesophilic and thermophilic anaerobic digestion of lipid-extracted microalgae N.gaditana for methane production. Renewable Energy 105. 539-546"
Algae biomass,Nannochloropsis gaditana,industrial,,,,,,,,,,solid,yes,physical,500,360,,5,0.5,laboratory,1,,,semicontinuous,,,no,,no,,yes,,yes,,yes,,,,no,,,,,,,,,,,,,,mesophilic,35,,,,,,,,,,,,,,,,"Capson-Tojo, G. Torres. A. Mu├▒oz. R. Bartacek. J. Jeison. D. 2017. Mesophilic and thermophilic anaerobic digestion of lipid-extracted microalgae N.gaditana for methane production. Renewable Energy 105. 539-546"
Algae biomass,Nannochloropsis gaditana,industrial,,,,,,,,,,solid,yes,physical,500,360,,5,0.5,laboratory,1,,,semicontinuous,,,no,,no,,yes,,yes,,yes,,,,no,,,,,,,,,,,,,,thermophilic,55,,,,,,,,,,,,,,,,"Capson-Tojo, G. Torres. A. Mu├▒oz. R. Bartacek. J. Jeison. D. 2017. Mesophilic and thermophilic anaerobic digestion of lipid-extracted microalgae N.gaditana for methane production. Renewable Energy 105. 539-546"
Citrus peel,Citrus peel,industrial,5.98,41.7,0.8,,,,,,,solid,no,,,154,,2.89,,laboratory,0.5,,,batch,,,no,,no,,yes,30,,,,,,,,,,,,,,,,,,,,,mesophilic,35,,,,,,,,,,,,,,,,Fagbohungbe. M. Herbert. B. Hurst. L. Li. H. Usmani. S. Semple. K. 2016. Impact of biochar on the anaerobic digestion of citrus peel waste. Bioresource Technology. 216. 142-149
Algae biomass,Chlorella sp.,industrial,,46.2,10.4,16,17,65.8,,92.9,,solid,no,,,338.7,,5,,laboratory,0.25,,,batch,,,no,,no,,no,,,,,,,,,,,,,,7.1,,,,,,,,mesophilic,37,,,,,,,,,,,,,,,,He. S. Fan. X. Katukuri. N.R. Yuan. X. Wang. F. Guo. R.B. 2016. Enhanced methane production from microalgal biomass by anaerobic bio-pretreatment. Bioresource Technology. 204. 145-151
Algae biomass,Chlorella sp.,industrial,,46.2,10.4,16,17,65.8,,92.9,,solid,yes,fermentation,,366.9,,5,,laboratory,0.25,,,batch,,,no,,yes,Bacillus licheniformis 1%,no,,,,,,,,,,,,,,7.1,,,,,,,,mesophilic,37,,,,,,,,,,,,,,,,He. S. Fan. X. Katukuri. N.R. Yuan. X. Wang. F. Guo. R.B. 2016. Enhanced methane production from microalgal biomass by anaerobic bio-pretreatment. Bioresource Technology. 204. 145-151
Algae biomass,Chlorella sp.,industrial,,46.2,10.4,16,17,65.8,,92.9,,solid,yes,fermentation,,377.9,,5,,laboratory,0.25,,,batch,,,no,,yes,Bacillus licheniformis 2%,no,,,,,,,,,,,,,,7.1,,,,,,,,mesophilic,37,,,,,,,,,,,,,,,,He. S. Fan. X. Katukuri. N.R. Yuan. X. Wang. F. Guo. R.B. 2016. Enhanced methane production from microalgal biomass by anaerobic bio-pretreatment. Bioresource Technology. 204. 145-151
Algae biomass,Chlorella sp.,industrial,,46.2,10.4,16,17,65.8,,92.9,,solid,yes,fermentation,,390.4,,5,,laboratory,0.25,,,batch,,,no,,yes,Bacillus licheniformis 4%,no,,,,,,,,,,,,,,7.1,,,,,,,,mesophilic,37,,,,,,,,,,,,,,,,He. S. Fan. X. Katukuri. N.R. Yuan. X. Wang. F. Guo. R.B. 2016. Enhanced methane production from microalgal biomass by anaerobic bio-pretreatment. Bioresource Technology. 204. 145-151
Algae biomass,Chlorella sp.,industrial,,46.2,10.4,16,17,65.8,,92.9,,solid,yes,fermentation,,415.6,,5,,laboratory,0.25,,,batch,,,no,,yes,Bacillus licheniformis 8%,no,,,,,,,,,,,,,,7.1,,,,,,,,mesophilic,37,,,,,,,,,,,,,,,,He. S. Fan. X. Katukuri. N.R. Yuan. X. Wang. F. Guo. R.B. 2016. Enhanced methane production from microalgal biomass by anaerobic bio-pretreatment. Bioresource Technology. 204. 145-151
Manure,dairy manure,agricultural,8.16,,,46.87,2.56,8.59,,16.91,,liquid,no,,,201.9,,3.5,,laboratory,0.2,0.3,0.66,batch,,,no,,no,,yes,,no,,,,,,,,,,,,,,,,,,,,mesophilic,36.5,,,,,,7.9,,,,975,560,,9000,,,Kafle. G. K. Chen. L. 2016. Comparison on batch anaerobic digestion of five different livestock manures and prediction of biochemical methane potential (BMP) using different statistical models. Waste Management. 48. 492-502
Manure,horse manure,agricultural,8.25,,,59.75,3.47,12.14,,24.97,,liquid,no,,,148.2,,3.5,,laboratory,0.2,0.3,0.66,batch,,,no,,no,,yes,,no,,,,,,,,,,,,,,,,,,,,mesophilic,36.5,,,,,,7.91,,,,891,570,,9350,,,Kafle. G. K. Chen. L. 2016. Comparison on batch anaerobic digestion of five different livestock manures and prediction of biochemical methane potential (BMP) using different statistical models. Waste Management. 48. 492-502
Manure,goat manure,agricultural,8.13,,,61.49,3.33,14.7,,81.63,,liquid,no,,,144,,3.5,,laboratory,0.2,0.3,0.66,batch,,,no,,no,,yes,,no,,,,,,,,,,,,,,,,,,,,mesophilic,36.5,,,,,,7.91,,,,960,620,,10250,,,Kafle. G. K. Chen. L. 2016. Comparison on batch anaerobic digestion of five different livestock manures and prediction of biochemical methane potential (BMP) using different statistical models. Waste Management. 48. 492-502
Manure,chicken manure,agricultural,7.95,,,43.19,1.01,27,,67.84,,liquid,no,,,257.9,,3.5,,laboratory,0.2,0.3,0.66,batch,,,no,,no,,yes,,no,,,,,,,,,,,,,,,,,,,,mesophilic,36.5,,,,,,7.96,,,,1085,510,,8900,,,Kafle. G. K. Chen. L. 2016. Comparison on batch anaerobic digestion of five different livestock manures and prediction of biochemical methane potential (BMP) using different statistical models. Waste Management. 48. 492-502
Manure,swine manure,agricultural,7.87,,,51.15,9.4,26.8,,31.02,,liquid,no,,,321.9,,3.5,,laboratory,0.2,0.3,0.66,batch,,,no,,no,,yes,,no,,,,,,,,,,,,,,,,,,,,mesophilic,36.5,,,,,,7.95,,,,995,620,,8600,,,Kafle. G. K. Chen. L. 2016. Comparison on batch anaerobic digestion of five different livestock manures and prediction of biochemical methane potential (BMP) using different statistical models. Waste Management. 48. 492-502
Algae biomass,Scenedesmus obliquus,industrial,,,,,,,,,,,,,,,76,,,,,,,batch,,,,,,,,,,,,,,,,,,,,,,,,,,,,,mesophilic,35,,,,,,,,,,,,,,,,"Jankowska. E. Sahub.A. K. Oleskowicz-Popiel. P. 2016. Biogas from microalgae: Review on microalgae's cultivation, harvesting and pretreatment for anaerobic digestion. Renewable and Sustainable Energy Reviews. In press"
Algae biomass,Chlamydomonas reinhardtii,industrial,,,,,,,,,,,,,,387,,,,,,,,batch,,,,,,,,,,,,,,,,,,,,,,,,,,,,,mesophilic,38,,,,,,,,,,,,,,,,"Jankowska. E. Sahub.A. K. Oleskowicz-Popiel. P. 2016. Biogas from microalgae: Review on microalgae's cultivation, harvesting and pretreatment for anaerobic digestion. Renewable and Sustainable Energy Reviews. In press"
Algae biomass,Chlorella kessleri,industrial,,,,,,,,,,,,,,218,,,,,,,,batch,,,,,,,,,,,,,,,,,,,,,,,,,,,,,mesophilic,38,,,,,,,,,,,,,,,,"Jankowska. E. Sahub.A. K. Oleskowicz-Popiel. P. 2016. Biogas from microalgae: Review on microalgae's cultivation, harvesting and pretreatment for anaerobic digestion. Renewable and Sustainable Energy Reviews. In press"
Algae biomass,Scenedesmus obliquus,industrial,,,,,,,,,,,,,,178,,,,,,,,batch,,,,,,,,,,,,,,,,,,,,,,,,,,,,,mesophilic,38,,,,,,,,,,,,,,,,"Jankowska. E. Sahub.A. K. Oleskowicz-Popiel. P. 2016. Biogas from microalgae: Review on microalgae's cultivation, harvesting and pretreatment for anaerobic digestion. Renewable and Sustainable Energy Reviews. In press"
Algae biomass,Chlorella vulgaris,industrial,,,,,,,,,,,,,,337,,,,,,,,batch,,,,,,,,,,,,,,,,,,,,,,,,,,,,,mesophilic,35,,,,,,,,,,,,,,,,"Jankowska. E. Sahub.A. K. Oleskowicz-Popiel. P. 2016. Biogas from microalgae: Review on microalgae's cultivation, harvesting and pretreatment for anaerobic digestion. Renewable and Sustainable Energy Reviews. In press"
Algae biomass,Nannochloropsis sp.,industrial,,,,,,,,,,,,,,357,,,,,,,,batch,,,,,,,,,,,,,,,,,,,,,,,,,,,,,mesophilic,35,,,,,,,,,,,,,,,,"Jankowska. E. Sahub.A. K. Oleskowicz-Popiel. P. 2016. Biogas from microalgae: Review on microalgae's cultivation, harvesting and pretreatment for anaerobic digestion. Renewable and Sustainable Energy Reviews. In press"
Algae biomass,Nanofrustulum sp.,industrial,,,,,,,,,,,,,,507,,,,,,,,batch,,,,,,,,,,,,,,,,,,,,,,,,,,,,,mesophilic,35,,,,,,,,,,,,,,,,"Jankowska. E. Sahub.A. K. Oleskowicz-Popiel. P. 2016. Biogas from microalgae: Review on microalgae's cultivation, harvesting and pretreatment for anaerobic digestion. Renewable and Sustainable Energy Reviews. In press"
Algae biomass,Nannochloropsis salina,industrial,,,,,,,,,,,,,,557,,,,,,,,batch,,,,,,,,,,,,,,,,,,,,,,,,,,,,,mesophilic,35,,,,,,,,,,,,,,,,"Jankowska. E. Sahub.A. K. Oleskowicz-Popiel. P. 2016. Biogas from microalgae: Review on microalgae's cultivation, harvesting and pretreatment for anaerobic digestion. Renewable and Sustainable Energy Reviews. In press"
Algae biomass,Phaeodactylum tricornutum,industrial,,,,,,,,,,,,,,337,,,,,,,,batch,,,,,,,,,,,,,,,,,,,,,,,,,,,,,mesophilic,35,,,,,,,,,,,,,,,,"Jankowska. E. Sahub.A. K. Oleskowicz-Popiel. P. 2016. Biogas from microalgae: Review on microalgae's cultivation, harvesting and pretreatment for anaerobic digestion. Renewable and Sustainable Energy Reviews. In press"
Algae biomass,Chlorella vulgaris,industrial,,,,,,,,,,,,,,,180,,,,,,,batch,,,,,,,,,,,,,,,,,,,,,,,,,,,,,mesophilic,35,,,,,,,,,,,,,,,,"Jankowska. E. Sahub.A. K. Oleskowicz-Popiel. P. 2016. Biogas from microalgae: Review on microalgae's cultivation, harvesting and pretreatment for anaerobic digestion. Renewable and Sustainable Energy Reviews. In press"
Algae biomass,Spirulina maxima,industrial,,,,,,,,,,,,,,190,,,,,,,,batch,,,,,,,,,,,,,,,,,,,,,,,,,,,,,mesophilic,35,,,,,,,,,,,,,,,,"Jankowska. E. Sahub.A. K. Oleskowicz-Popiel. P. 2016. Biogas from microalgae: Review on microalgae's cultivation, harvesting and pretreatment for anaerobic digestion. Renewable and Sustainable Energy Reviews. In press"
Algae biomass,Scenedesmus obliquus,industrial,,,,,,,,,,,,,,130,,,,,,,,batch,,,,,,,,,,,,,,,,,,,,,,,,,,,,,mesophilic,33,,,,,,,,,,,,,,,,"Jankowska. E. Sahub.A. K. Oleskowicz-Popiel. P. 2016. Biogas from microalgae: Review on microalgae's cultivation, harvesting and pretreatment for anaerobic digestion. Renewable and Sustainable Energy Reviews. In press"
Algae biomass,Scenedesmus obliquus,industrial,,,,,,,,,,,,,,170,,,,,,,,batch,,,,,,,,,,,,,,,,,,,,,,,,,,,,,thermophilic,54,,,,,,,,,,,,,,,,"Jankowska. E. Sahub.A. K. Oleskowicz-Popiel. P. 2016. Biogas from microalgae: Review on microalgae's cultivation, harvesting and pretreatment for anaerobic digestion. Renewable and Sustainable Energy Reviews. In press"
Algae biomass,Phaeodactylum tricornutum,industrial,,,,,,,,,,,,,,270,,,,,,,,batch,,,,,,,,,,,,,,,,,,,,,,,,,,,,,mesophilic,33,,,,,,,,,,,,,,,,"Jankowska. E. Sahub.A. K. Oleskowicz-Popiel. P. 2016. Biogas from microalgae: Review on microalgae's cultivation, harvesting and pretreatment for anaerobic digestion. Renewable and Sustainable Energy Reviews. In press"
Algae biomass,Phaeodactylum tricornutum,industrial,,,,,,,,,,,,,,290,,,,,,,,batch,,,,,,,,,,,,,,,,,,,,,,,,,,,,,thermophilic,54,,,,,,,,,,,,,,,,"Jankowska. E. Sahub.A. K. Oleskowicz-Popiel. P. 2016. Biogas from microalgae: Review on microalgae's cultivation, harvesting and pretreatment for anaerobic digestion. Renewable and Sustainable Energy Reviews. In press"
Algae biomass,Scenedesmus sp.,industrial,,,,,,,,,,,,,,,81.8,,,,,,,batch,,,,,,,,,,,,,,,,,,,,,,,,,,,,,mesophilic,35,,,,,,,,,,,,,,,,"Jankowska. E. Sahub.A. K. Oleskowicz-Popiel. P. 2016. Biogas from microalgae: Review on microalgae's cultivation, harvesting and pretreatment for anaerobic digestion. Renewable and Sustainable Energy Reviews. In press"
Algae biomass,Chlorella vulgaris,industrial,,,,,,,,,,,,,,,156,,,,,,,batch,,,,,,,,,,,,,,,,,,,,,,,,,,,,,mesophilic,35,,,,,,,,,,,,,,,,"Jankowska. E. Sahub.A. K. Oleskowicz-Popiel. P. 2016. Biogas from microalgae: Review on microalgae's cultivation, harvesting and pretreatment for anaerobic digestion. Renewable and Sustainable Energy Reviews. In press"
Algae biomass,Chlorella vulgaris,industrial,,,,,,,,,,,,,,228,,,,,,,,batch,,,,,,,,,,,,,,,,,,,,,,,,,,,,,mesophilic,37,,,,,,,,,,,,,,,,"Jankowska. E. Sahub.A. K. Oleskowicz-Popiel. P. 2016. Biogas from microalgae: Review on microalgae's cultivation, harvesting and pretreatment for anaerobic digestion. Renewable and Sustainable Energy Reviews. In press"
Algae biomass,H.reticulatum,industrial,,,,,,,,,,,,,,170,,,,,,,,batch,,,,,,,,,,,,,,,,,,,,,,,,,,,,,mesophilic,35,,,,,,,,,,,,,,,,"Jankowska. E. Sahub.A. K. Oleskowicz-Popiel. P. 2016. Biogas from microalgae: Review on microalgae's cultivation, harvesting and pretreatment for anaerobic digestion. Renewable and Sustainable Energy Reviews. In press"
Algae biomass,Rhizoclonium,industrial,,,,,,,,,,,,,,235,,,,,,,,batch,,,,,,,,,,,,,,,,,,,,,,,,,,,,,thermophilic,53,,,,,,,,,,,,,,,,"Jankowska. E. Sahub.A. K. Oleskowicz-Popiel. P. 2016. Biogas from microalgae: Review on microalgae's cultivation, harvesting and pretreatment for anaerobic digestion. Renewable and Sustainable Energy Reviews. In press"
Algae biomass,"Pediastrum sp., Micractinium sp., Scenedesmus sp",industrial,,,,,,,,,,,,,,102,,,,,,,,,,,,,,,,,,,,,,,,,,,,,,,,,,,,,psychrophilic,20,,,,,,,,,,,,,,,,"Jankowska. E. Sahub.A. K. Oleskowicz-Popiel. P. 2016. Biogas from microalgae: Review on microalgae's cultivation, harvesting and pretreatment for anaerobic digestion. Renewable and Sustainable Energy Reviews. In press"
Algae biomass,"Pediastrum sp., Micractinium sp., Scenedesmus sp",industrial,,,,,,,,,,,,,,225,,,,,,,,,,,,,,,,,,,,,,,,,,,,,,,,,,,,,mesophilic,37,,,,,,,,,,,,,,,,"Jankowska. E. Sahub.A. K. Oleskowicz-Popiel. P. 2016. Biogas from microalgae: Review on microalgae's cultivation, harvesting and pretreatment for anaerobic digestion. Renewable and Sustainable Energy Reviews. In press"
Algae biomass,Microalgal biomass,industrial,,,,,,,,,,,,,,170,,,,,,,,semicontinuous,,,,,,,,,,,,,,,,,,,,,,,,,,,,,mesophilic,35,,,,,,,,,,,,,,,,"Jankowska. E. Sahub.A. K. Oleskowicz-Popiel. P. 2016. Biogas from microalgae: Review on microalgae's cultivation, harvesting and pretreatment for anaerobic digestion. Renewable and Sustainable Energy Reviews. In press"
Algae biomass,Nannochloropsis salina,industrial,,,,,,,,,,,,,,430,,,,,,,,batch,,,,,,,,,,,,,,,,,,,,,,,,,,,,,mesophilic,35,,,,,,,,,,,,,,,,"Jankowska. E. Sahub.A. K. Oleskowicz-Popiel. P. 2016. Biogas from microalgae: Review on microalgae's cultivation, harvesting and pretreatment for anaerobic digestion. Renewable and Sustainable Energy Reviews. In press"
Algae biomass,Chlorella vulgaris,industrial,,,,,,,,,,,,,,229,,,,,,,,batch,,,,,,,,,,,,,,,,,,,,,,,,,,,,,mesophilic,,,,,,,,,,,,,,,,,"Jankowska. E. Sahub.A. K. Oleskowicz-Popiel. P. 2016. Biogas from microalgae: Review on microalgae's cultivation, harvesting and pretreatment for anaerobic digestion. Renewable and Sustainable Energy Reviews. In press"
Algae biomass,"Scenedesmus obliquus, Chlorella vulgaris",industrial,,,,,,,,,,,,,,117,,,,,,,,batch,,,,,,,,,,,,,,,,,,,,,,,,,,,,,mesophilic,35,,,,,,,,,,,,,,,,"Jankowska. E. Sahub.A. K. Oleskowicz-Popiel. P. 2016. Biogas from microalgae: Review on microalgae's cultivation, harvesting and pretreatment for anaerobic digestion. Renewable and Sustainable Energy Reviews. In press"
Algae biomass,Chlorella,industrial,,,,,,,,,,,,,,123,,,,,,,,batch,,,,,,,,,,,,,,,,,,,,,,,,,,,,,mesophilic,37,,,,,,,,,,,,,,,,"Jankowska. E. Sahub.A. K. Oleskowicz-Popiel. P. 2016. Biogas from microalgae: Review on microalgae's cultivation, harvesting and pretreatment for anaerobic digestion. Renewable and Sustainable Energy Reviews. In press"
Algae biomass,Chlamydomonas reinhardtii,industrial,,,,,,,,,,,,,,,263,,,,,,,,,,,,,,,,,,,,,,,,,,,,,,,,,,,,mesophilic,35,,,,,,,,,,,,,,,,"Jankowska. E. Sahub.A. K. Oleskowicz-Popiel. P. 2016. Biogas from microalgae: Review on microalgae's cultivation, harvesting and pretreatment for anaerobic digestion. Renewable and Sustainable Energy Reviews. In press"
Algae biomass,Chlorella vulgaris,industrial,,,,,,,,,,,,,,,191,,,,,,,,,,,,,,,,,,,,,,,,,,,,,,,,,,,,mesophilic,35,,,,,,,,,,,,,,,,"Jankowska. E. Sahub.A. K. Oleskowicz-Popiel. P. 2016. Biogas from microalgae: Review on microalgae's cultivation, harvesting and pretreatment for anaerobic digestion. Renewable and Sustainable Energy Reviews. In press"
Algae biomass,Chlorella vulgaris,industrial,,,,,,,,,,,,,,,139,,,,,,,,,,,,,,,,,,,,,,,,,,,,,,,,,,,,mesophilic,35,,,,,,,,,,,,,,,,"Jankowska. E. Sahub.A. K. Oleskowicz-Popiel. P. 2016. Biogas from microalgae: Review on microalgae's cultivation, harvesting and pretreatment for anaerobic digestion. Renewable and Sustainable Energy Reviews. In press"
Algae biomass,Scenedesmus sp.,industrial,,,,,,,,,,,no,,,,76,,,,,,,batch,,,,,,,,,,,,,,,,,,,,,,,,,,,,,mesophilic,35,,,,,,,,,,,,,,,,"Jankowska. E. Sahub.A. K. Oleskowicz-Popiel. P. 2016. Biogas from microalgae: Review on microalgae's cultivation, harvesting and pretreatment for anaerobic digestion. Renewable and Sustainable Energy Reviews. In press"
Algae biomass,Scenedesmus sp.,industrial,,,,,,,,,,,yes,physical,,,85,,,,,,,batch,,,,,,,,,,,,,,,,,,,,,,,,,,,,,mesophilic,35,Pretreatment 70 ┬░C,,,,,,,,,,,,,,,"Jankowska. E. Sahub.A. K. Oleskowicz-Popiel. P. 2016. Biogas from microalgae: Review on microalgae's cultivation, harvesting and pretreatment for anaerobic digestion. Renewable and Sustainable Energy Reviews. In press"
Algae biomass,Scenedesmus sp.,industrial,,,,,,,,,,,yes,physical,,,170,,,,,,,batch,,,,,,,,,,,,,,,,,,,,,,,,,,,,,mesophilic,35,Pretreatment 90 ┬░C,,,,,,,,,,,,,,,"Jankowska. E. Sahub.A. K. Oleskowicz-Popiel. P. 2016. Biogas from microalgae: Review on microalgae's cultivation, harvesting and pretreatment for anaerobic digestion. Renewable and Sustainable Energy Reviews. In press"
Algae biomass,Nannochloropsis salina,industrial,,,,,,,,,,,no,,,347,,,,,,,,batch,,,,,,,,,,,,,,,,,,,,,,,,,,,,,mesophilic,38,,,,,,,,,,,,,,,,"Jankowska. E. Sahub.A. K. Oleskowicz-Popiel. P. 2016. Biogas from microalgae: Review on microalgae's cultivation, harvesting and pretreatment for anaerobic digestion. Renewable and Sustainable Energy Reviews. In press"
Algae biomass,Nannochloropsis salina,industrial,,,,,,,,,,,yes,physical,,233,,,,,,,,batch,,,,,,,,,,,,,,,,,,,,,,,,,,,,,mesophilic,38,pretreatment freezing,,,,,,,,,,,,,,,"Jankowska. E. Sahub.A. K. Oleskowicz-Popiel. P. 2016. Biogas from microalgae: Review on microalgae's cultivation, harvesting and pretreatment for anaerobic digestion. Renewable and Sustainable Energy Reviews. In press"
Algae biomass,Nannochloropsis salina,industrial,,,,,,,,,,,yes,physical,,549,,,,,,,,batch,,,,,,,,,,,,,,,,,,,,,,,,,,,,,mesophilic,38,thermal pretreatment,,,,,,,,,,,,,,,"Jankowska. E. Sahub.A. K. Oleskowicz-Popiel. P. 2016. Biogas from microalgae: Review on microalgae's cultivation, harvesting and pretreatment for anaerobic digestion. Renewable and Sustainable Energy Reviews. In press"
Algae biomass,Nannochloropsis salina,industrial,,,,,,,,,,,yes,physical,,487,,,,,,,,batch,,,,,,,,,,,,,,,,,,,,,,,,,,,,,mesophilic,38,microwave pretreatment,,,,,,,,,,,,,,,"Jankowska. E. Sahub.A. K. Oleskowicz-Popiel. P. 2016. Biogas from microalgae: Review on microalgae's cultivation, harvesting and pretreatment for anaerobic digestion. Renewable and Sustainable Energy Reviews. In press"
Algae biomass,Nannochloropsis salina,industrial,,,,,,,,,,,yes,physical,,274,,,,,,,,batch,,,,,,,,,,,,,,,,,,,,,,,,,,,,,mesophilic,38,ultrasound pretreatment,,,,,,,,,,,,,,,"Jankowska. E. Sahub.A. K. Oleskowicz-Popiel. P. 2016. Biogas from microalgae: Review on microalgae's cultivation, harvesting and pretreatment for anaerobic digestion. Renewable and Sustainable Energy Reviews. In press"
Algae biomass,Nannochloropsis salina,industrial,,,,,,,,,,,yes,physical,,460,,,,,,,,batch,,,,,,,,,,,,,,,,,,,,,,,,,,,,,mesophilic,38,French press pretreatment,,,,,,,,,,,,,,,"Jankowska. E. Sahub.A. K. Oleskowicz-Popiel. P. 2016. Biogas from microalgae: Review on microalgae's cultivation, harvesting and pretreatment for anaerobic digestion. Renewable and Sustainable Energy Reviews. In press"
Algae biomass,Chlamydomonas reinhardtii,industrial,,,,,,,,,,,no,,,387,,,,,,,,batch,,,,,,,,,,,,,,,,,,,,,,,,,,,,,mesophilic,38,,,,,,,,,,,,,,,,"Jankowska. E. Sahub.A. K. Oleskowicz-Popiel. P. 2016. Biogas from microalgae: Review on microalgae's cultivation, harvesting and pretreatment for anaerobic digestion. Renewable and Sustainable Energy Reviews. In press"
Algae biomass,Chlamydomonas reinhardtii,industrial,,,,,,,,,,,yes,physical,,306,,,,,,,,batch,,,,,,,,,,,,,,,,,,,,,,,,,,,,,mesophilic,38,drying pretreatment,,,,,,,,,,,,,,,"Jankowska. E. Sahub.A. K. Oleskowicz-Popiel. P. 2016. Biogas from microalgae: Review on microalgae's cultivation, harvesting and pretreatment for anaerobic digestion. Renewable and Sustainable Energy Reviews. In press"
Algae biomass,Chlorella kessleri,industrial,,,,,,,,,,,no,,,218,,,,,,,,batch,,,,,,,,,,,,,,,,,,,,,,,,,,,,,mesophilic,38,,,,,,,,,,,,,,,,"Jankowska. E. Sahub.A. K. Oleskowicz-Popiel. P. 2016. Biogas from microalgae: Review on microalgae's cultivation, harvesting and pretreatment for anaerobic digestion. Renewable and Sustainable Energy Reviews. In press"
Algae biomass,Chlorella kessleri,industrial,,,,,,,,,,,yes,physical,,168,,,,,,,,batch,,,,,,,,,,,,,,,,,,,,,,,,,,,,,mesophilic,38,drying pretreatment,,,,,,,,,,,,,,,"Jankowska. E. Sahub.A. K. Oleskowicz-Popiel. P. 2016. Biogas from microalgae: Review on microalgae's cultivation, harvesting and pretreatment for anaerobic digestion. Renewable and Sustainable Energy Reviews. In press"
Algae biomass,Scenedesmus obliquus,industrial,,,,,,,,,,,no,,,178,,,,,,,,batch,,,,,,,,,,,,,,,,,,,,,,,,,,,,,mesophilic,38,,,,,,,,,,,,,,,,"Jankowska. E. Sahub.A. K. Oleskowicz-Popiel. P. 2016. Biogas from microalgae: Review on microalgae's cultivation, harvesting and pretreatment for anaerobic digestion. Renewable and Sustainable Energy Reviews. In press"
Algae biomass,Scenedesmus obliquus,industrial,,,,,,,,,,,yes,physical,,35.3,,,,,,,,batch,,,,,,,,,,,,,,,,,,,,,,,,,,,,,mesophilic,38,drying pretreatment,,,,,,,,,,,,,,,"Jankowska. E. Sahub.A. K. Oleskowicz-Popiel. P. 2016. Biogas from microalgae: Review on microalgae's cultivation, harvesting and pretreatment for anaerobic digestion. Renewable and Sustainable Energy Reviews. In press"
Algae biomass,"Stigeoclonium sp., Monorraphidium sp., Nitzchia sp., Amphora sp.",industrial,,,,,,,,,,,no,,,100,,,,,,,,semicontinuous,,,,,,,,,,,,,,,,,,,,,,,,,,,,,mesophilic,37,,,,,,,,,,,,,,,,"Jankowska. E. Sahub.A. K. Oleskowicz-Popiel. P. 2016. Biogas from microalgae: Review on microalgae's cultivation, harvesting and pretreatment for anaerobic digestion. Renewable and Sustainable Energy Reviews. In press"
Algae biomass,"Stigeoclonium sp., Monorraphidium sp., Nitzchia sp., Amphora sp.",industrial,,,,,,,,,,,yes,physical,,120,,,,,,,,semicontinuous,,,,,,,,,,,,,,,,,,,,,,,,,,,,,mesophilic,37,thermal pretreatment,,,,,,,,,,,,,,,"Jankowska. E. Sahub.A. K. Oleskowicz-Popiel. P. 2016. Biogas from microalgae: Review on microalgae's cultivation, harvesting and pretreatment for anaerobic digestion. Renewable and Sustainable Energy Reviews. In press"
Algae biomass,Spirulina maxima,industrial,,,,,,,,,,,no,,,190,,,,,,,,semicontinuous,,,,,,,,,,,,,,,,,,,,,,,,,,,,,mesophilic,35,,,,,,,,,,,,,,,,"Jankowska. E. Sahub.A. K. Oleskowicz-Popiel. P. 2016. Biogas from microalgae: Review on microalgae's cultivation, harvesting and pretreatment for anaerobic digestion. Renewable and Sustainable Energy Reviews. In press"
Algae biomass,Spirulina maxima,industrial,,,,,,,,,,,yes,physical,,170,,,,,,,,semicontinuous,,,,,,,,,,,,,,,,,,,,,,,,,,,,,mesophilic,35,ultrasound pretreatment,,,,,,,,,,,,,,,"Jankowska. E. Sahub.A. K. Oleskowicz-Popiel. P. 2016. Biogas from microalgae: Review on microalgae's cultivation, harvesting and pretreatment for anaerobic digestion. Renewable and Sustainable Energy Reviews. In press"
Algae biomass,Spirulina maxima,industrial,,,,,,,,,,,yes,physical-chemical,,210,,,,,,,,semicontinuous,,,,,,,,,,,,,,,,,,,,,,,,,,,,,mesophilic,35,Thermochemical pretreatment 50┬░C,,,,,,,,,,,,,,,"Jankowska. E. Sahub.A. K. Oleskowicz-Popiel. P. 2016. Biogas from microalgae: Review on microalgae's cultivation, harvesting and pretreatment for anaerobic digestion. Renewable and Sustainable Energy Reviews. In press"
Algae biomass,Spirulina maxima,industrial,,,,,,,,,,,yes,physical-chemical,,220,,,,,,,,semicontinuous,,,,,,,,,,,,,,,,,,,,,,,,,,,,,mesophilic,35,Thermochemical pretreatment 100┬░C,,,,,,,,,,,,,,,"Jankowska. E. Sahub.A. K. Oleskowicz-Popiel. P. 2016. Biogas from microalgae: Review on microalgae's cultivation, harvesting and pretreatment for anaerobic digestion. Renewable and Sustainable Energy Reviews. In press"
Algae biomass,Spirulina maxima,industrial,,,,,,,,,,,yes,physical-chemical,,240,,,,,,,,semicontinuous,,,,,,,,,,,,,,,,,,,,,,,,,,,,,mesophilic,35,Thermochemical pretreatment 150┬░C,,,,,,,,,,,,,,,"Jankowska. E. Sahub.A. K. Oleskowicz-Popiel. P. 2016. Biogas from microalgae: Review on microalgae's cultivation, harvesting and pretreatment for anaerobic digestion. Renewable and Sustainable Energy Reviews. In press"
Algae biomass,Scenedesmus sp.,industrial,,,,,,,,,,,no,,,,82,,,,,,,batch,,,,,,,,,,,,,,,,,,,,,,,,,,,,,mesophilic,35,,,,,,,,,,,,,,,,"Jankowska. E. Sahub.A. K. Oleskowicz-Popiel. P. 2016. Biogas from microalgae: Review on microalgae's cultivation, harvesting and pretreatment for anaerobic digestion. Renewable and Sustainable Energy Reviews. In press"
Algae biomass,Scenedesmus sp.,industrial,,,,,,,,,,,yes,physical,,,89,,,,,,,batch,,,,,,,,,,,,,,,,,,,,,,,,,,,,,mesophilic,35,thermal pretreatment 70┬░C,,,,,,,,,,,,,,,"Jankowska. E. Sahub.A. K. Oleskowicz-Popiel. P. 2016. Biogas from microalgae: Review on microalgae's cultivation, harvesting and pretreatment for anaerobic digestion. Renewable and Sustainable Energy Reviews. In press"
Algae biomass,Scenedesmus sp.,industrial,,,,,,,,,,,yes,physical,,,129,,,,,,,batch,,,,,,,,,,,,,,,,,,,,,,,,,,,,,mesophilic,35,thermal pretreatment 80┬░C,,,,,,,,,,,,,,,"Jankowska. E. Sahub.A. K. Oleskowicz-Popiel. P. 2016. Biogas from microalgae: Review on microalgae's cultivation, harvesting and pretreatment for anaerobic digestion. Renewable and Sustainable Energy Reviews. In press"
Algae biomass,Scenedesmus sp.,industrial,,,,,,,,,,,yes,physical,,,154,,,,,,,batch,,,,,,,,,,,,,,,,,,,,,,,,,,,,,mesophilic,35,ultrasound pretreatment,,,,,,,,,,,,,,,"Jankowska. E. Sahub.A. K. Oleskowicz-Popiel. P. 2016. Biogas from microalgae: Review on microalgae's cultivation, harvesting and pretreatment for anaerobic digestion. Renewable and Sustainable Energy Reviews. In press"
Algae biomass,Chlorella vulgaris,industrial,,,,,,,,,,,no,,,91,156,,,,,,,batch,,,,,,,,,,,,,,,,,,,,,,,,,,,,,mesophilic,35,,,,,,,,,,,,,,,,"Jankowska. E. Sahub.A. K. Oleskowicz-Popiel. P. 2016. Biogas from microalgae: Review on microalgae's cultivation, harvesting and pretreatment for anaerobic digestion. Renewable and Sustainable Energy Reviews. In press"
Algae biomass,Chlorella vulgaris,industrial,,,,,,,,,,,yes,physical,,131,226,,,,,,,batch,,,,,,,,,,,,,,,,,,,,,,,,,,,,,mesophilic,35,High pressure heating,,,,,,,,,,,,,,,"Jankowska. E. Sahub.A. K. Oleskowicz-Popiel. P. 2016. Biogas from microalgae: Review on microalgae's cultivation, harvesting and pretreatment for anaerobic digestion. Renewable and Sustainable Energy Reviews. In press"
Algae biomass,H.reticulatum,industrial,,,,,,,,,,,no,,,170,,,,,,,,batch,,,,,,,,,,,,,,,,,,,,,,,,,,,,,mesophilic,35,,,,,,,,,,,,,,,,"Jankowska. E. Sahub.A. K. Oleskowicz-Popiel. P. 2016. Biogas from microalgae: Review on microalgae's cultivation, harvesting and pretreatment for anaerobic digestion. Renewable and Sustainable Energy Reviews. In press"
Algae biomass,H.reticulatum,industrial,,,,,,,,,,,yes,physical,,330,,,,,,,,batch,,,,,,,,,,,,,,,yes,,,,,,,,,,,,,,mesophilic,35,,,,,,,,,,,,,,,,"Jankowska. E. Sahub.A. K. Oleskowicz-Popiel. P. 2016. Biogas from microalgae: Review on microalgae's cultivation, harvesting and pretreatment for anaerobic digestion. Renewable and Sustainable Energy Reviews. In press"
Algae biomass,"Pediastrum sp., Micractinum sp. Scenedesmus sp.",industrial,,,,,,,,,,,no,,,103,,,,,,,,batch,,,,,,,,,,,,,,,,,,,,,,,,,,,,,psychrophilic,20,,,,,,,,,,,,,,,,"Jankowska. E. Sahub.A. K. Oleskowicz-Popiel. P. 2016. Biogas from microalgae: Review on microalgae's cultivation, harvesting and pretreatment for anaerobic digestion. Renewable and Sustainable Energy Reviews. In press"
Algae biomass,"Pediastrum sp., Micractinum sp. Scenedesmus sp.",industrial,,,,,,,,,,,yes,physical,,155,,,,,,,,batch,,,,,,,,,,,,,,,,,,,,,,,,,,,,,psychrophilic,20,thermal pretreatment,,,,,,,,,,,,,,,"Jankowska. E. Sahub.A. K. Oleskowicz-Popiel. P. 2016. Biogas from microalgae: Review on microalgae's cultivation, harvesting and pretreatment for anaerobic digestion. Renewable and Sustainable Energy Reviews. In press"
Algae biomass,"Pediastrum sp., Micractinum sp. Scenedesmus sp.",industrial,,,,,,,,,,,no,,,179,,,,,,,,batch,,,,,,,,,,,,,,,,,,,,,,,,,,,,,mesophilic,37,,,,,,,,,,,,,,,,"Jankowska. E. Sahub.A. K. Oleskowicz-Popiel. P. 2016. Biogas from microalgae: Review on microalgae's cultivation, harvesting and pretreatment for anaerobic digestion. Renewable and Sustainable Energy Reviews. In press"
Algae biomass,"Pediastrum sp., Micractinum sp. Scenedesmus sp.",industrial,,,,,,,,,,,yes,physical,,205,,,,,,,,batch,,,,,,,,,,,,,,,,,,,,,,,,,,,,,mesophilic,37,thermal pretreatment,,,,,,,,,,,,,,,"Jankowska. E. Sahub.A. K. Oleskowicz-Popiel. P. 2016. Biogas from microalgae: Review on microalgae's cultivation, harvesting and pretreatment for anaerobic digestion. Renewable and Sustainable Energy Reviews. In press"
Algae biomass,Microalgal biomass,industrial,,,,,,,,,,,no,,,130,,,,,,,,batch,,,,,,,,,,,,,,,,,,,,,,,,,,,,,mesophilic,35,,,,,,,,,,,,,,,,"Jankowska. E. Sahub.A. K. Oleskowicz-Popiel. P. 2016. Biogas from microalgae: Review on microalgae's cultivation, harvesting and pretreatment for anaerobic digestion. Renewable and Sustainable Energy Reviews. In press"
Algae biomass,Microalgal biomass,industrial,,,,,,,,,,,yes,physical,,170,,,,,,,,batch,,,,,,,,,,,,,,,,,,,,,,,,,,,,,mesophilic,35,microwave pretreatment,,,,,,,,,,,,,,,"Jankowska. E. Sahub.A. K. Oleskowicz-Popiel. P. 2016. Biogas from microalgae: Review on microalgae's cultivation, harvesting and pretreatment for anaerobic digestion. Renewable and Sustainable Energy Reviews. In press"
Algae biomass,Chlorella vulgaris,industrial,,,,,,,,,,,no,,,230,,,,,,,,batch,,,,,,,,,,,,,,,,,,,,,,,,,,,,,mesophilic,35,,,,,,,,,,,,,,,,"Jankowska. E. Sahub.A. K. Oleskowicz-Popiel. P. 2016. Biogas from microalgae: Review on microalgae's cultivation, harvesting and pretreatment for anaerobic digestion. Renewable and Sustainable Energy Reviews. In press"
Algae biomass,Chlorella vulgaris,industrial,,,,,,,,,,,yes,physical,,440,,,,,,,,batch,,,,,,,,,,,,,,,,,,,,,,,,,,,,,mesophilic,35,ultrasound pretreatment,,,,,,,,,,,,,,,"Jankowska. E. Sahub.A. K. Oleskowicz-Popiel. P. 2016. Biogas from microalgae: Review on microalgae's cultivation, harvesting and pretreatment for anaerobic digestion. Renewable and Sustainable Energy Reviews. In press"
Algae biomass,"Scenedesmus obliquus, Chlorella vulgaris",industrial,,,,,,,,,,,no,,,117,,,,,,,,batch,,,,,,,,,,,,,,,,,,,,,,,,,,,,,mesophilic,35,,,,,,,,,,,,,,,,"Jankowska. E. Sahub.A. K. Oleskowicz-Popiel. P. 2016. Biogas from microalgae: Review on microalgae's cultivation, harvesting and pretreatment for anaerobic digestion. Renewable and Sustainable Energy Reviews. In press"
Algae biomass,"Scenedesmus obliquus, Chlorella vulgaris",industrial,,,,,,,,,,,yes,physical,,140,,,,,,,,batch,,,,,,,,,,,,,,,,,,,,,,,,,,,,,mesophilic,35,microwave pretreatment,,,,,,,,,,,,,,,"Jankowska. E. Sahub.A. K. Oleskowicz-Popiel. P. 2016. Biogas from microalgae: Review on microalgae's cultivation, harvesting and pretreatment for anaerobic digestion. Renewable and Sustainable Energy Reviews. In press"
Algae biomass,Chlorella vulgaris,industrial,,,,,,,,,,,no,,,,191,,,,,,,batch,,,,,,,,,,,,,,,,,,,,,,,,,,,,,mesophilic,35,,,,,,,,,,,,,,,,"Jankowska. E. Sahub.A. K. Oleskowicz-Popiel. P. 2016. Biogas from microalgae: Review on microalgae's cultivation, harvesting and pretreatment for anaerobic digestion. Renewable and Sustainable Energy Reviews. In press"
Algae biomass,Chlorella vulgaris,industrial,,,,,,,,,,,yes,physical-enzymatic,,,217,,,,,,,batch,,,,,,,,,,,,,,,,,,,,,,,,,,,,,mesophilic,35,thermal with enzymes,,,,,,,,,,,,,,,"Jankowska. E. Sahub.A. K. Oleskowicz-Popiel. P. 2016. Biogas from microalgae: Review on microalgae's cultivation, harvesting and pretreatment for anaerobic digestion. Renewable and Sustainable Energy Reviews. In press"
Algae biomass,Chlamydomonas reinhardtii,industrial,,,,,,,,,,,no,,,,263,,,,,,,batch,,,,,,,,,,,,,,,,,,,,,,,,,,,,,mesophilic,35,,,,,,,,,,,,,,,,"Jankowska. E. Sahub.A. K. Oleskowicz-Popiel. P. 2016. Biogas from microalgae: Review on microalgae's cultivation, harvesting and pretreatment for anaerobic digestion. Renewable and Sustainable Energy Reviews. In press"
Algae biomass,Chlamydomonas reinhardtii,industrial,,,,,,,,,,,yes,physical-enzymatic,,,256,,,,,,,batch,,,,,,,,,,,,,,,,,,,,,,,,,,,,,mesophilic,35,thermal with enzymes,,,,,,,,,,,,,,,"Jankowska. E. Sahub.A. K. Oleskowicz-Popiel. P. 2016. Biogas from microalgae: Review on microalgae's cultivation, harvesting and pretreatment for anaerobic digestion. Renewable and Sustainable Energy Reviews. In press"
Algae biomass,Chlorella vulgaris,industrial,,,,,,,,,,,no,,,,139,,,,,,,batch,,,,,,,,,,,,,,,,,,,,,,,,,,,,,mesophilic,35,,,,,,,,,,,,,,,,"Jankowska. E. Sahub.A. K. Oleskowicz-Popiel. P. 2016. Biogas from microalgae: Review on microalgae's cultivation, harvesting and pretreatment for anaerobic digestion. Renewable and Sustainable Energy Reviews. In press"
Algae biomass,Chlorella vulgaris,industrial,,,,,,,,,,,yes,physical-chemical,,,180,,,,,,,batch,,,,,,,,,,,,,,,,,,,,,,,,,,,,,mesophilic,35,thermochemical pretreatment,,,,,,,,,,,,,,,"Jankowska. E. Sahub.A. K. Oleskowicz-Popiel. P. 2016. Biogas from microalgae: Review on microalgae's cultivation, harvesting and pretreatment for anaerobic digestion. Renewable and Sustainable Energy Reviews. In press"
Algae biomass,Isochrysis galbana,industrial,,,,,,,,,,,no,,,17,,,,,,,,batch,,,,,,,,,,,,,,,,,,,,,,,,,,,,,mesophilic,30,,,,,,,,,,,,,,,,"Jankowska. E. Sahub.A. K. Oleskowicz-Popiel. P. 2016. Biogas from microalgae: Review on microalgae's cultivation, harvesting and pretreatment for anaerobic digestion. Renewable and Sustainable Energy Reviews. In press"
Algae biomass,Isochrysis galbana,industrial,,,,,,,,,,,yes,physical,,10,,,,,,,,batch,,,,,,,,,,,,,,,,,,,,,,,,,,,,,mesophilic,30,mechanical pretreatment,,,,,,,,,,,,,,,"Jankowska. E. Sahub.A. K. Oleskowicz-Popiel. P. 2016. Biogas from microalgae: Review on microalgae's cultivation, harvesting and pretreatment for anaerobic digestion. Renewable and Sustainable Energy Reviews. In press"
Algae biomass,Isochrysis galbana,industrial,,,,,,,,,,,yes,chemical,,16.4,,,,,,,,batch,,,,,,,,,,,,,,,,,,,,,,,,,,,,,mesophilic,30,chemical pretreatment,,,,,,,,,,,,,,,"Jankowska. E. Sahub.A. K. Oleskowicz-Popiel. P. 2016. Biogas from microalgae: Review on microalgae's cultivation, harvesting and pretreatment for anaerobic digestion. Renewable and Sustainable Energy Reviews. In press"
Algae biomass,Isochrysis galbana,industrial,,,,,,,,,,,yes,physical,,2.9,,,,,,,,batch,,,,,,,,,,,,,,,,,,,,,,,,,,,,,mesophilic,30,thermal pretreatment,,,,,,,,,,,,,,,"Jankowska. E. Sahub.A. K. Oleskowicz-Popiel. P. 2016. Biogas from microalgae: Review on microalgae's cultivation, harvesting and pretreatment for anaerobic digestion. Renewable and Sustainable Energy Reviews. In press"
Algae biomass,Isochrysis galbana,industrial,,,,,,,,,,,yes,physical,,2.3,,,,,,,,batch,,,,,,,,,,,,,,,,,,,,,,,,,,,,,mesophilic,30,thermal pretreatment,,,,,,,,,,,,,,,"Jankowska. E. Sahub.A. K. Oleskowicz-Popiel. P. 2016. Biogas from microalgae: Review on microalgae's cultivation, harvesting and pretreatment for anaerobic digestion. Renewable and Sustainable Energy Reviews. In press"
Algae biomass,Fresh algae solids,industrial,,,,,,,,,,,no,,,223,,,,,,,,semicontinuous,,,,,,,,,,,,,,,,,,,,,,,,,,,,,psychrophilic,20,,,,,,,,,,,,,,,,"Jankowska. E. Sahub.A. K. Oleskowicz-Popiel. P. 2016. Biogas from microalgae: Review on microalgae's cultivation, harvesting and pretreatment for anaerobic digestion. Renewable and Sustainable Energy Reviews. In press"
Algae biomass,Fresh algae solids,industrial,,,,,,,,,,,yes,physical,,210,,,,,,,,semicontinuous,,,,,,,,,,,,,,,,,,,,,,,,,,,,,psychrophilic,20,ultrasound pretreatment,,,,,,,,,,,,,,,"Jankowska. E. Sahub.A. K. Oleskowicz-Popiel. P. 2016. Biogas from microalgae: Review on microalgae's cultivation, harvesting and pretreatment for anaerobic digestion. Renewable and Sustainable Energy Reviews. In press"
Algae biomass,Nanochloropsis oculata,industrial,,,,,,,,,,,no,,,210,,,,,,,,batch,,,,,,,,,,,,,,,,,,,,,,,,,,,,,mesophilic,37,,,,,,,,,,,,,,,,"Jankowska. E. Sahub.A. K. Oleskowicz-Popiel. P. 2016. Biogas from microalgae: Review on microalgae's cultivation, harvesting and pretreatment for anaerobic digestion. Renewable and Sustainable Energy Reviews. In press"
Algae biomass,Nanochloropsis oculata,industrial,,,,,,,,,,,yes,physical,,290,,,,,,,,batch,,,,,,,,,,,,,,,,,,,,,,,,,,,,,mesophilic,37,thermal pretreatment,,,,,,,,,,,,,,,"Jankowska. E. Sahub.A. K. Oleskowicz-Popiel. P. 2016. Biogas from microalgae: Review on microalgae's cultivation, harvesting and pretreatment for anaerobic digestion. Renewable and Sustainable Energy Reviews. In press"
Algae biomass,Scenedesmus,industrial,,,,,,,,,,,no,,,180,,,,,,,,batch,,,,,,,,,,,,,,,,,,,,,,,,,,,,,mesophilic,38,,,,,,,,,,,,,,,,"Jankowska. E. Sahub.A. K. Oleskowicz-Popiel. P. 2016. Biogas from microalgae: Review on microalgae's cultivation, harvesting and pretreatment for anaerobic digestion. Renewable and Sustainable Energy Reviews. In press"
Algae biomass,Scenedesmus,industrial,,,,,,,,,,,yes,chemical,,330,,,,,,,,batch,,,,,,,,,,,,,,,,,,,,,,,,,,,,,mesophilic,38,lipid extraction,,,,,,,,,,,,,,,"Jankowska. E. Sahub.A. K. Oleskowicz-Popiel. P. 2016. Biogas from microalgae: Review on microalgae's cultivation, harvesting and pretreatment for anaerobic digestion. Renewable and Sustainable Energy Reviews. In press"
Algae biomass,Scenedesmus,industrial,,,,,,,,,,,yes,physical,,240,,,,,,,,batch,,,,,,,,,,,,,,,,,,,,,,,,,,,,,mesophilic,38,High pressure thermal hydrolysis,,,,,,,,,,,,,,,"Jankowska. E. Sahub.A. K. Oleskowicz-Popiel. P. 2016. Biogas from microalgae: Review on microalgae's cultivation, harvesting and pretreatment for anaerobic digestion. Renewable and Sustainable Energy Reviews. In press"
Algae biomass,Scenedesmus,industrial,,,,,,,,,,,yes,unspecified,,380,,,,,,,,batch,,,,,,,,,,,,,,,,,,,,,,,,,,,,,mesophilic,38,LE and HPTH,,,,,,,,,,,,,,,"Jankowska. E. Sahub.A. K. Oleskowicz-Popiel. P. 2016. Biogas from microalgae: Review on microalgae's cultivation, harvesting and pretreatment for anaerobic digestion. Renewable and Sustainable Energy Reviews. In press"
Algae biomass,"Chlamydomonas, Scenedesmus, Nannochloropsis",industrial,,,,,,,,,,,no,,,272,,,,,,,,batch,,,,,,,,,,,,,,,,,,,,,,,,,,,,,mesophilic,35,,,,,,,,,,,,,,,,"Jankowska. E. Sahub.A. K. Oleskowicz-Popiel. P. 2016. Biogas from microalgae: Review on microalgae's cultivation, harvesting and pretreatment for anaerobic digestion. Renewable and Sustainable Energy Reviews. In press"
Algae biomass,"Chlamydomonas, Scenedesmus, Nannochloropsis",industrial,,,,,,,,,,,yes,physical,,310,,,,,,,,batch,,,,,,,,,,,,,,,,,,,,,,,,,,,,,mesophilic,35,ultrasound pretreatment,,,,,,,,,,,,,,,"Jankowska. E. Sahub.A. K. Oleskowicz-Popiel. P. 2016. Biogas from microalgae: Review on microalgae's cultivation, harvesting and pretreatment for anaerobic digestion. Renewable and Sustainable Energy Reviews. In press"
Algae biomass,"Chlamydomonas, Scenedesmus, Nannochloropsis",industrial,,,,,,,,,,,yes,physical,,398,,,,,,,,batch,,,,,,,,,,,,,,,,,,,,,,,,,,,,,mesophilic,35,Thermal hydrolysis,,,,,,,,,,,,,,,"Jankowska. E. Sahub.A. K. Oleskowicz-Popiel. P. 2016. Biogas from microalgae: Review on microalgae's cultivation, harvesting and pretreatment for anaerobic digestion. Renewable and Sustainable Energy Reviews. In press"
Algae biomass,"Chlamydomonas, Scenedesmus, Nannochloropsis",industrial,,,,,,,,,,,yes,fermentation,,262,,,,,,,,batch,,,,,,,,,,,,,,,,,,,,,,,,,,,,,mesophilic,35,Microbiologycal pretreatment,,,,,,,,,,,,,,,"Jankowska. E. Sahub.A. K. Oleskowicz-Popiel. P. 2016. Biogas from microalgae: Review on microalgae's cultivation, harvesting and pretreatment for anaerobic digestion. Renewable and Sustainable Energy Reviews. In press"
Algae biomass,"Acutodesmus obliquus, Oocystis sp., Phormidium, Nitzschia sp.",industrial,,,,,,,,,,,no,,,198,,,,,,,,batch,,,,,,,,,,,,,,,,,,,,,,,,,,,,,mesophilic,35,,,,,,,,,,,,,,,,"Jankowska. E. Sahub.A. K. Oleskowicz-Popiel. P. 2016. Biogas from microalgae: Review on microalgae's cultivation, harvesting and pretreatment for anaerobic digestion. Renewable and Sustainable Energy Reviews. In press"
Algae biomass,"Acutodesmus obliquus, Oocystis sp., Phormidium, Nitzschia sp.",industrial,,,,,,,,,,,yes,physical,,223,,,,,,,,batch,,,,,,,,,,,,,,,,,,,,,,,,,,,,,mesophilic,35,ultrasound pretreatment,,,,,,,,,,,,,,,"Jankowska. E. Sahub.A. K. Oleskowicz-Popiel. P. 2016. Biogas from microalgae: Review on microalgae's cultivation, harvesting and pretreatment for anaerobic digestion. Renewable and Sustainable Energy Reviews. In press"
Algae biomass,"Acutodesmus obliquus, Oocystis sp., Phormidium, Nitzschia sp.",industrial,,,,,,,,,,,yes,physical,,307,,,,,,,,batch,,,,,,,,,,,,,,,,,,,,,,,,,,,,,mesophilic,35,Thermal hydrolysis,,,,,,,,,,,,,,,"Jankowska. E. Sahub.A. K. Oleskowicz-Popiel. P. 2016. Biogas from microalgae: Review on microalgae's cultivation, harvesting and pretreatment for anaerobic digestion. Renewable and Sustainable Energy Reviews. In press"
Algae biomass,"Acutodesmus obliquus, Oocystis sp., Phormidium, Nitzschia sp.",industrial,,,,,,,,,,,yes,fermentation,,193,,,,,,,,batch,,,,,,,,,,,,,,,,,,,,,,,,,,,,,mesophilic,35,Microbiologycal pretreatment,,,,,,,,,,,,,,,"Jankowska. E. Sahub.A. K. Oleskowicz-Popiel. P. 2016. Biogas from microalgae: Review on microalgae's cultivation, harvesting and pretreatment for anaerobic digestion. Renewable and Sustainable Energy Reviews. In press"
Algae biomass,Microspora,industrial,,,,,,,,,,,no,,,255,,,,,,,,batch,,,,,,,,,,,,,,,,,,,,,,,,,,,,,mesophilic,35,,,,,,,,,,,,,,,,"Jankowska. E. Sahub.A. K. Oleskowicz-Popiel. P. 2016. Biogas from microalgae: Review on microalgae's cultivation, harvesting and pretreatment for anaerobic digestion. Renewable and Sustainable Energy Reviews. In press"
Algae biomass,Microspora,industrial,,,,,,,,,,,yes,physical,,314,,,,,,,,,,,,,,,,,,,,,,,,,,,,,,,,,,,,,mesophilic,35,ultrasound pretreatment,,,,,,,,,,,,,,,"Jankowska. E. Sahub.A. K. Oleskowicz-Popiel. P. 2016. Biogas from microalgae: Review on microalgae's cultivation, harvesting and pretreatment for anaerobic digestion. Renewable and Sustainable Energy Reviews. In press"
Algae biomass,Microspora,industrial,,,,,,,,,,,yes,physical,,413,,,,,,,,batch,,,,,,,,,,,,,,,,,,,,,,,,,,,,,mesophilic,35,Thermal hydrolysis,,,,,,,,,,,,,,,"Jankowska. E. Sahub.A. K. Oleskowicz-Popiel. P. 2016. Biogas from microalgae: Review on microalgae's cultivation, harvesting and pretreatment for anaerobic digestion. Renewable and Sustainable Energy Reviews. In press"
Algae biomass,Microspora,industrial,,,,,,,,,,,yes,fermentation,,266,,,,,,,,batch,,,,,,,,,,,,,,,,,,,,,,,,,,,,,mesophilic,35,Microbiologycal pretreatment,,,,,,,,,,,,,,,"Jankowska. E. Sahub.A. K. Oleskowicz-Popiel. P. 2016. Biogas from microalgae: Review on microalgae's cultivation, harvesting and pretreatment for anaerobic digestion. Renewable and Sustainable Energy Reviews. In press"
Algae biomass,Scenedesmus,industrial,,,,,,,,,,,no,,,140,,,,,,,,batch,,,,,,,,,,,,,,,,,,,,,,,,,,,,,mesophilic,37,,,,,,,,,,,,,,,,"Jankowska. E. Sahub.A. K. Oleskowicz-Popiel. P. 2016. Biogas from microalgae: Review on microalgae's cultivation, harvesting and pretreatment for anaerobic digestion. Renewable and Sustainable Energy Reviews. In press"
Algae biomass,Scenedesmus,industrial,,,,,,,,,,,yes,physical-chemical,,273,,,,,,,,batch,,,,,,,,,,,,,,,,,,,,,,,,,,,,,mesophilic,37,Extraction of aminoacids,,,,,,,,,,,,,,,"Jankowska. E. Sahub.A. K. Oleskowicz-Popiel. P. 2016. Biogas from microalgae: Review on microalgae's cultivation, harvesting and pretreatment for anaerobic digestion. Renewable and Sustainable Energy Reviews. In press"
Algae biomass,Scenedesmus,industrial,,,,,,,,,,,yes,physical-chemical,,212,,,,,,,,batch,,,,,,,,,,,,,,,,,,,,,,,,,,,,,mesophilic,37,Extraction of lipids,,,,,,,,,,,,,,,"Jankowska. E. Sahub.A. K. Oleskowicz-Popiel. P. 2016. Biogas from microalgae: Review on microalgae's cultivation, harvesting and pretreatment for anaerobic digestion. Renewable and Sustainable Energy Reviews. In press"
Kitchen waste,Kitchen waste,municipal,6.47,46.11,3.19,,,,,18.66,,,no,,,700,,,,laboratory,1,,,batch,,,,,,,,,,,,,,,,,,,,,,,,,,,,,mesophilic,35,,,,,,,,,,,,,,,,Jin. Y. Li. Y. Li. J. Influence of thermal pretreatment on physical and chemical properties of kitchen waste and the efficiency of anaerobic digestion. Journal of Environmental Management. 180. 291-300
municipal solid waste,MSW,municipal,,23.6,,,,7.6,21.7,19.6,,,yes,physical,,10.6,,,,,,,,batch,,,,,,,,,,,,,,,,,,,,,,,,,,,,,mesophilic,37,,,,,,,,,,,,,,,,Lopez. V. M. De la Cruz. F. B. Barlaz. M. A. 2016. Chemical composition and methane potential of commercial food wastes. Waste Management. 56. 477-490
Food waste,GS,municipal,,48.2,,,,18.6,3.5,12.9,,,yes,physical,,12.3,,,,,,,,batch,,,,,,,,,,,,,,,yes,,,,,,,,,,,,,,mesophilic,37,,,,,,,,,,,,,,,,Lopez. V. M. De la Cruz. F. B. Barlaz. M. A. 2016. Chemical composition and methane potential of commercial food wastes. Waste Management. 56. 477-490
Food waste,GP,municipal,,48.2,,,,19,3.5,13.1,,,yes,physical,,12.9,,,,,,,,batch,,,,,,,,,,,,,,,yes,,,,,,,,,,,,,,mesophilic,37,,,,,,,,,,,,,,,,Lopez. V. M. De la Cruz. F. B. Barlaz. M. A. 2016. Chemical composition and methane potential of commercial food wastes. Waste Management. 56. 477-490
Food waste,US,municipal,,50.5,,,,13.9,3.1,28.9,,,yes,physical,,25.4,,,,,,,,batch,,,,,,,,,,,,,,,yes,,,,,,,,,,,,,,mesophilic,37,,,,,,,,,,,,,,,,Lopez. V. M. De la Cruz. F. B. Barlaz. M. A. 2016. Chemical composition and methane potential of commercial food wastes. Waste Management. 56. 477-490
Food waste,UP,municipal,,50.5,,,,15.7,2.4,28.1,,,yes,physical,,26.5,,,,,,,,batch,,,,,,,,,,,,,,,yes,,,,,,,,,,,,,,mesophilic,37,,,,,,,,,,,,,,,,Lopez. V. M. De la Cruz. F. B. Barlaz. M. A. 2016. Chemical composition and methane potential of commercial food wastes. Waste Management. 56. 477-490
Food waste,HS,municipal,,56.2,,,,26.5,1.5,27.3,,,yes,physical,,12.7,,,,,,,,batch,,,,,,,,,,,,,,,yes,,,,,,,,,,,,,,mesophilic,37,,,,,,,,,,,,,,,,Lopez. V. M. De la Cruz. F. B. Barlaz. M. A. 2016. Chemical composition and methane potential of commercial food wastes. Waste Management. 56. 477-490
Food waste,HP,municipal,,56.8,,,,25.6,1.8,26.8,,,yes,physical,,23.3,,,,,,,,batch,,,,,,,,,,,,,,,yes,,,,,,,,,,,,,,mesophilic,37,,,,,,,,,,,,,,,,Lopez. V. M. De la Cruz. F. B. Barlaz. M. A. 2016. Chemical composition and methane potential of commercial food wastes. Waste Management. 56. 477-490
Food waste,RS,municipal,,50.1,,,,22.3,4.9,15.5,,,yes,physical,,12.1,,,,,,,,batch,,,,,,,,,,,,,,,yes,,,,,,,,,,,,,,mesophilic,37,,,,,,,,,,,,,,,,Lopez. V. M. De la Cruz. F. B. Barlaz. M. A. 2016. Chemical composition and methane potential of commercial food wastes. Waste Management. 56. 477-490
Food waste,RP,municipal,,50.9,,,,21.4,5.2,14.7,,,yes,physical,,12.3,,,,,,,,batch,,,,,,,,,,,,,,,yes,,,,,,,,,,,,,,mesophilic,37,,,,,,,,,,,,,,,,Lopez. V. M. De la Cruz. F. B. Barlaz. M. A. 2016. Chemical composition and methane potential of commercial food wastes. Waste Management. 56. 477-490
Fruit fragments,Rooten orange seed,agricultural,,,,3.6,36.2,,,37.5,,,no,,,658,,25,,laboratory,0.03,0.09,0.33,batch,,,,,,,,,,,,,,,,,,,,,7.29,,,,,,,,mesophilic,35,,,,,,,,,,,,,,,,Sanjaya. A. P. Cahyanto. M. N. Millati. R. 2016. Mesophilic batch anaerobic digestion from fruit fragments. Renewable Energy. 98. 135ÔÇô141
Fruit fragments,Rooten orange pulp,agricultural,,,,19.5,2.7,,,7.6,,,no,,,312,,25,,laboratory,0.03,0.09,0.33,batch,,,,,,,,,,,,,,,,,,,,,7.34,,,,,,,,mesophilic,35,,,,,,,,,,,,,,,,Sanjaya. A. P. Cahyanto. M. N. Millati. R. 2016. Mesophilic batch anaerobic digestion from fruit fragments. Renewable Energy. 98. 135ÔÇô141
Fruit fragments,Rooten orange peel,agricultural,,,,29.8,2.2,,,26.2,,,no,,,48,,25,,laboratory,0.03,0.09,0.33,batch,,,,,,,,,,,,,,,,,,,,,7.34,,,,,,,,mesophilic,35,,,,,,,,,,,,,,,,Sanjaya. A. P. Cahyanto. M. N. Millati. R. 2016. Mesophilic batch anaerobic digestion from fruit fragments. Renewable Energy. 98. 135ÔÇô141
Fruit fragments,Fresh ripe orange seed,agricultural,,,,4.8,31.7,,,37.1,,,no,,,581,,25,,laboratory,0.03,0.09,0.33,batch,,,,,,,,,,,,,,,,,,,,,7.33,,,,,,,,mesophilic,35,,,,,,,,,,,,,,,,Sanjaya. A. P. Cahyanto. M. N. Millati. R. 2016. Mesophilic batch anaerobic digestion from fruit fragments. Renewable Energy. 98. 135ÔÇô141
Fruit fragments,Fresh ripe orange pulp,agricultural,,,,15.1,0.3,,,9.9,,,no,,,288,,25,,laboratory,0.03,0.09,0.33,batch,,,,,,,,,,,,,,,,,,,,,7.28,,,,,,,,mesophilic,35,,,,,,,,,,,,,,,,Sanjaya. A. P. Cahyanto. M. N. Millati. R. 2016. Mesophilic batch anaerobic digestion from fruit fragments. Renewable Energy. 98. 135ÔÇô141
Fruit fragments,Fresh ripe orange peel,agricultural,,,,30.6,1.6,,,24.4,,,no,,,72,,25,,laboratory,0.03,0.09,0.33,batch,,,,,,,,,,,,,,,,,,,,,7.33,,,,,,,,mesophilic,35,,,,,,,,,,,,,,,,Sanjaya. A. P. Cahyanto. M. N. Millati. R. 2016. Mesophilic batch anaerobic digestion from fruit fragments. Renewable Energy. 98. 135ÔÇô141
Fruit fragments,Rooten mangosteen seed,agricultural,,,,6.3,22.2,,,24,,,no,,,535,,25,,laboratory,0.03,0.09,0.33,batch,,,,,,,,,,,,,,,,,,,,,7.13,,,,,,,,mesophilic,35,,,,,,,,,,,,,,,,Sanjaya. A. P. Cahyanto. M. N. Millati. R. 2016. Mesophilic batch anaerobic digestion from fruit fragments. Renewable Energy. 98. 135ÔÇô141
Fruit fragments,Rooten mangosteen pulp,agricultural,,,,21,3.7,,,12.7,,,no,,,469,,25,,laboratory,0.03,0.09,0.33,batch,,,,,,,,,,,,,,,,,,,,,7.12,,,,,,,,mesophilic,35,,,,,,,,,,,,,,,,Sanjaya. A. P. Cahyanto. M. N. Millati. R. 2016. Mesophilic batch anaerobic digestion from fruit fragments. Renewable Energy. 98. 135ÔÇô141
Fruit fragments,Rooten mangosteen peel,agricultural,,,,4.3,2.4,,,41.5,,,no,,,0,,25,,laboratory,0.03,0.09,0.33,batch,,,,,,,,,,,,,,,,,,,,,7.15,,,,,,,,mesophilic,35,,,,,,,,,,,,,,,,Sanjaya. A. P. Cahyanto. M. N. Millati. R. 2016. Mesophilic batch anaerobic digestion from fruit fragments. Renewable Energy. 98. 135ÔÇô141
Fruit fragments,Fresh ripe mangosteen seed,agricultural,,,,8.5,29.2,,,34.9,,,no,,,552,,25,,laboratory,0.03,0.09,0.33,batch,,,,,,,,,,,,,,,,,,,,,7.16,,,,,,,,mesophilic,35,,,,,,,,,,,,,,,,Sanjaya. A. P. Cahyanto. M. N. Millati. R. 2016. Mesophilic batch anaerobic digestion from fruit fragments. Renewable Energy. 98. 135ÔÇô141
Fruit fragments,Fresh ripe mangosteen pulp,agricultural,,,,24.4,0.8,,,15.3,,,no,,,298,,25,,laboratory,0.03,0.09,0.33,batch,,,,,,,,,,,,,,,,,,,,,7.25,,,,,,,,mesophilic,35,,,,,,,,,,,,,,,,Sanjaya. A. P. Cahyanto. M. N. Millati. R. 2016. Mesophilic batch anaerobic digestion from fruit fragments. Renewable Energy. 98. 135ÔÇô141
Fruit fragments,Fresh ripe mangosteen peel,agricultural,,,,4.8,2.4,,,34.5,,,no,,,0,,25,,laboratory,0.03,0.09,0.33,batch,,,,,,,,,,,,,,,,,,,,,7.18,,,,,,,,mesophilic,35,,,,,,,,,,,,,,,,Sanjaya. A. P. Cahyanto. M. N. Millati. R. 2016. Mesophilic batch anaerobic digestion from fruit fragments. Renewable Energy. 98. 135ÔÇô141
Fruit fragments,Rooten banana pulp,agricultural,,,,19.5,1,,,18,,,no,,,351,,25,,laboratory,0.03,0.09,0.33,batch,,,,,,,,,,,,,,,,,,,,,7.29,,,,,,,,mesophilic,35,,,,,,,,,,,,,,,,Sanjaya. A. P. Cahyanto. M. N. Millati. R. 2016. Mesophilic batch anaerobic digestion from fruit fragments. Renewable Energy. 98. 135ÔÇô141
Fruit fragments,Rooten banana peel,agricultural,,,,15.5,6.3,,,18.3,,,no,,,332,,25,,laboratory,0.03,0.09,0.33,batch,,,,,,,,,,,,,,,,,,,,,7.24,,,,,,,,mesophilic,35,,,,,,,,,,,,,,,,Sanjaya. A. P. Cahyanto. M. N. Millati. R. 2016. Mesophilic batch anaerobic digestion from fruit fragments. Renewable Energy. 98. 135ÔÇô141
Fruit fragments,Fresh ripe banana pulp,agricultural,,,,18.8,0.3,,,22.9,,,no,,,321,,25,,laboratory,0.03,0.09,0.33,batch,,,,,,,,,,,,,,,,,,,,,7.18,,,,,,,,mesophilic,35,,,,,,,,,,,,,,,,Sanjaya. A. P. Cahyanto. M. N. Millati. R. 2016. Mesophilic batch anaerobic digestion from fruit fragments. Renewable Energy. 98. 135ÔÇô141
Fruit fragments,Fresh ripe banana peel,agricultural,,,,6.8,3.1,,,10.6,,,no,,,342,,25,,laboratory,0.03,0.09,0.33,batch,,,,,,,,,,,,,,,,,,,,,7.15,,,,,,,,mesophilic,35,,,,,,,,,,,,,,,,Sanjaya. A. P. Cahyanto. M. N. Millati. R. 2016. Mesophilic batch anaerobic digestion from fruit fragments. Renewable Energy. 98. 135ÔÇô141
Fruit fragments,Rooten rambutan seed,agricultural,,,,6.7,29.3,,,50.3,,,no,,,504,,25,,laboratory,0.03,0.09,0.33,batch,,,,,,,,,,,,,,,,,,,,,7.27,,,,,,,,mesophilic,35,,,,,,,,,,,,,,,,Sanjaya. A. P. Cahyanto. M. N. Millati. R. 2016. Mesophilic batch anaerobic digestion from fruit fragments. Renewable Energy. 98. 135ÔÇô141
Fruit fragments,Rooten rambutan pulp,agricultural,,,,23.3,3.8,,,9.4,,,no,,,323,,25,,laboratory,0.03,0.09,0.33,batch,,,,,,,,,,,,,,,,,,,,,7.22,,,,,,,,mesophilic,35,,,,,,,,,,,,,,,,Sanjaya. A. P. Cahyanto. M. N. Millati. R. 2016. Mesophilic batch anaerobic digestion from fruit fragments. Renewable Energy. 98. 135ÔÇô141
Fruit fragments,Rooten rambutan peel,agricultural,,,,9.1,2.4,,,23.6,,,no,,,126,,25,,laboratory,0.03,0.09,0.33,batch,,,,,,,,,,,,,,,,,,,,,7.04,,,,,,,,mesophilic,35,,,,,,,,,,,,,,,,Sanjaya. A. P. Cahyanto. M. N. Millati. R. 2016. Mesophilic batch anaerobic digestion from fruit fragments. Renewable Energy. 98. 135ÔÇô141
Fruit fragments,Fresh ripe rambutan seed,agricultural,,,,7.6,27.1,,,62,,,no,,,527,,25,,laboratory,0.03,0.09,0.33,batch,,,,,,,,,,,,,,,,,,,,,7.24,,,,,,,,mesophilic,35,,,,,,,,,,,,,,,,Sanjaya. A. P. Cahyanto. M. N. Millati. R. 2016. Mesophilic batch anaerobic digestion from fruit fragments. Renewable Energy. 98. 135ÔÇô141
Fruit fragments,Fresh ripe rambutan pulp,agricultural,,,,23.9,0.5,,,18.6,,,no,,,309,,25,,laboratory,0.03,0.09,0.33,batch,,,,,,,,,,,,,,,,,,,,,7.19,,,,,,,,mesophilic,35,,,,,,,,,,,,,,,,Sanjaya. A. P. Cahyanto. M. N. Millati. R. 2016. Mesophilic batch anaerobic digestion from fruit fragments. Renewable Energy. 98. 135ÔÇô141
Fruit fragments,Fresh ripe rambutan peel,agricultural,,,,9.3,0.7,,,35.1,,,no,,,203,,25,,laboratory,0.03,0.09,0.33,batch,,,,,,,,,,,,,,,,,,,,,6.82,,,,,,,,mesophilic,35,,,,,,,,,,,,,,,,Sanjaya. A. P. Cahyanto. M. N. Millati. R. 2016. Mesophilic batch anaerobic digestion from fruit fragments. Renewable Energy. 98. 135ÔÇô141
Sewage sludge,sewage sludge,municipal,6.45,,,,,,,23,,,no,,,111,,5,,laboratory,1,,,batch,,,,,,,,,,,,,,,,,,,,,,,,,,,,,mesophilic,35,,,,,,,,,,,,,,,,Serrano. A. Siles. J. A. Mart├¡n. M.A. Chica. A. F. Estevez-Pastor. F.S.Toro-Baptista. E. 2016. Improvement of anaerobic digestion of sewage sludge through microwave pre-treatment. Journal of Environmental Management. 177. 231-239
Sewage sludge,sewage sludge,municipal,6.45,,,,,,,23,,,yes,physical,,118,,5,,laboratory,1,,,batch,,,,,,,,,,,,,,,,,,,,,,,,,,,,,mesophilic,35,microwave pretreatment,,,,,,,,,,,,,,,Serrano. A. Siles. J. A. Mart├¡n. M.A. Chica. A. F. Estevez-Pastor. F.S.Toro-Baptista. E. 2016. Improvement of anaerobic digestion of sewage sludge through microwave pre-treatment. Journal of Environmental Management. 177. 231-239
Sewage sludge,sewage sludge,municipal,6.45,,,,,,,23,,,yes,physical,,130,,5,,laboratory,1,,,batch,,,,,,,,,,,,,,,,,,,,,,,,,,,,,mesophilic,35,microwave pretreatment,,,,,,,,,,,,,,,Serrano. A. Siles. J. A. Mart├¡n. M.A. Chica. A. F. Estevez-Pastor. F.S.Toro-Baptista. E. 2016. Improvement of anaerobic digestion of sewage sludge through microwave pre-treatment. Journal of Environmental Management. 177. 231-239
Sewage sludge,sewage sludge,municipal,6.45,,,,,,,23,,,yes,physical,,118,,5,,laboratory,1,,,batch,,,,,,,,,,,,,,,,,,,,,,,,,,,,,mesophilic,35,microwave pretreatment,,,,,,,,,,,,,,,Serrano. A. Siles. J. A. Mart├¡n. M.A. Chica. A. F. Estevez-Pastor. F.S.Toro-Baptista. E. 2016. Improvement of anaerobic digestion of sewage sludge through microwave pre-treatment. Journal of Environmental Management. 177. 231-239
Waste,FVW,municipal,,,,,,,,,,,,,,403,,3,,,,,,semicontinuous,,,,,,,,,,,,,,,,,,,,,,,,,,,,,mesophilic,37,,,,,,,,,,,,,,,,Romero-G├╝iza. M.S. Vila. J. Mata-Alvarez. J. Chimenos. J.M. Astals. S. 2016. The role of additives on anaerobic digestion: A review. Renewable and Sustainable Energy Reviews. 58. 1486ÔÇô1499
Waste,OFMSW,municipal,,,,,,,,,,,,,,450,,,6.3,,,,,semicontinuous,,,,,,,,,,,,,,,,,,,,,,,,,,,,,mesophilic,37,,,,,,,,,,,,,,,,Romero-G├╝iza. M.S. Vila. J. Mata-Alvarez. J. Chimenos. J.M. Astals. S. 2016. The role of additives on anaerobic digestion: A review. Renewable and Sustainable Energy Reviews. 58. 1486ÔÇô1499
Waste,FVW,municipal,,,,,,,,,,,,,,280,,,,,,,,batch,,,,,,,,,,,,,,,,,,,,,,,,,,,,,psychrophilic,22,,,,,,,,,,,,,,,,Romero-G├╝iza. M.S. Vila. J. Mata-Alvarez. J. Chimenos. J.M. Astals. S. 2016. The role of additives on anaerobic digestion: A review. Renewable and Sustainable Energy Reviews. 58. 1486ÔÇô1499
Waste,MSW,municipal,,,,,,,,,,,,,,200,,2,,,,,,semicontinuous,,,,,,,,,,,,,,,,,,,,,,,,,,,,,mesophilic,35,,,,,,,,,,,,,,,,Romero-G├╝iza. M.S. Vila. J. Mata-Alvarez. J. Chimenos. J.M. Astals. S. 2016. The role of additives on anaerobic digestion: A review. Renewable and Sustainable Energy Reviews. 58. 1486ÔÇô1499
Waste,MSW,municipal,,,,,,,,,,,,,,209,,,,,,,,batch,,,,,,,,,,,,,,,,,,,,,,,,,,,,,mesophilic,35,,,,,,,,,,,,,,,,Romero-G├╝iza. M.S. Vila. J. Mata-Alvarez. J. Chimenos. J.M. Astals. S. 2016. The role of additives on anaerobic digestion: A review. Renewable and Sustainable Energy Reviews. 58. 1486ÔÇô1499
Waste,MSW,municipal,,,,,,,,,,,,,,125,,2.5,,,,,,semicontinuous,,,,,,,,,,,,,,,,,,,,,,,,,,,,,mesophilic,35,,,,,,,,,,,,,,,,Romero-G├╝iza. M.S. Vila. J. Mata-Alvarez. J. Chimenos. J.M. Astals. S. 2016. The role of additives on anaerobic digestion: A review. Renewable and Sustainable Energy Reviews. 58. 1486ÔÇô1499
Waste,MSW,municipal,,,,,,,,,,,,,,65,,,,,,,,batch,,,,,,,,,,,,,,,,,,,,,,,,,,,,,mesophilic,35,,,,,,,,,,,,,,,,Romero-G├╝iza. M.S. Vila. J. Mata-Alvarez. J. Chimenos. J.M. Astals. S. 2016. The role of additives on anaerobic digestion: A review. Renewable and Sustainable Energy Reviews. 58. 1486ÔÇô1499
Waste,Synthetic waste,municipal,,,,,,,,,,,,,,21,,,2.17,,,,,batch,,,,,,,,,,,,,,,,,,,,,,,,,,,,,thermophilic,55,,,,,,,,,,,,,,,,Romero-G├╝iza. M.S. Vila. J. Mata-Alvarez. J. Chimenos. J.M. Astals. S. 2016. The role of additives on anaerobic digestion: A review. Renewable and Sustainable Energy Reviews. 58. 1486ÔÇô1499
Waste,SS,municipal,,,,,,,,,,,,,,129,,,,,,,,batch,,,,,,,,,,,,,,,,,,,,,,,,,,,,,mesophilic,35,,,,,,,,,,,,,,,,Romero-G├╝iza. M.S. Vila. J. Mata-Alvarez. J. Chimenos. J.M. Astals. S. 2016. The role of additives on anaerobic digestion: A review. Renewable and Sustainable Energy Reviews. 58. 1486ÔÇô1499
Waste,Synthetic waste,municipal,,,,,,,,,,,,,,350,,,,,,,,batch,,,,,,,,,,,,,,,,,,,,,,,,,,,,,mesophilic,37,,,,,,,,,,,,,,,,Romero-G├╝iza. M.S. Vila. J. Mata-Alvarez. J. Chimenos. J.M. Astals. S. 2016. The role of additives on anaerobic digestion: A review. Renewable and Sustainable Energy Reviews. 58. 1486ÔÇô1499
Waste,SS digestate,municipal,,,,,,,,,,,,,,140,,,,,,,,batch,,,,,no,,,,,,,,,,,,,,,,,,,,,,,,thermophilic,55,,,,,,,,,,,,,,,,Romero-G├╝iza. M.S. Vila. J. Mata-Alvarez. J. Chimenos. J.M. Astals. S. 2016. The role of additives on anaerobic digestion: A review. Renewable and Sustainable Energy Reviews. 58. 1486ÔÇô1499
Waste,SS digestate,municipal,,,,,,,,,,,,,,144,,,,,,,,batch,,,,,yes,C. proteolyticus,,,,,,,,,,,,,,,,,,,,,,,thermophilic,55,,,,,,,,,,,,,,,,Romero-G├╝iza. M.S. Vila. J. Mata-Alvarez. J. Chimenos. J.M. Astals. S. 2016. The role of additives on anaerobic digestion: A review. Renewable and Sustainable Energy Reviews. 58. 1486ÔÇô1499
Waste,GT (2%) and SS,municipal,,,,,,,,,,,,,,140,,,,,,,,batch,,,no,,no,,,,,,,,,,,,,,,,,,,,,,,,mesophilic,35,,,,,,,,,,,,,,,,Romero-G├╝iza. M.S. Vila. J. Mata-Alvarez. J. Chimenos. J.M. Astals. S. 2016. The role of additives on anaerobic digestion: A review. Renewable and Sustainable Energy Reviews. 58. 1486ÔÇô1499
Waste,GT (2%) and SS,municipal,,,,,,,,,,,,,,322,,,,,,,,batch,,,yes,Biolipase L,no,,,,,,,,,,,,,,,,,,,,,,,,mesophilic,35,,,,,,,,,,,,,,,,Romero-G├╝iza. M.S. Vila. J. Mata-Alvarez. J. Chimenos. J.M. Astals. S. 2016. The role of additives on anaerobic digestion: A review. Renewable and Sustainable Energy Reviews. 58. 1486ÔÇô1499
Waste,GT (5%) and SS,municipal,,,,,,,,,,,,,,161,,,,,,,,batch,,,no,,no,,,,,,,,,,,,,,,,,,,,,,,,mesophilic,35,,,,,,,,,,,,,,,,Romero-G├╝iza. M.S. Vila. J. Mata-Alvarez. J. Chimenos. J.M. Astals. S. 2016. The role of additives on anaerobic digestion: A review. Renewable and Sustainable Energy Reviews. 58. 1486ÔÇô1499
Waste,GT (5%) and SS,municipal,,,,,,,,,,,,,,365,,,,,,,,batch,,,yes,Biolipase L,no,,,,,,,,,,,,,,,,,,,,,,,,mesophilic,35,,,,,,,,,,,,,,,,Romero-G├╝iza. M.S. Vila. J. Mata-Alvarez. J. Chimenos. J.M. Astals. S. 2016. The role of additives on anaerobic digestion: A review. Renewable and Sustainable Energy Reviews. 58. 1486ÔÇô1499
Waste,GT (10%) and SS,municipal,,,,,,,,,,,,,,243,,,,,,,,batch,,,no,,no,,,,,,,,,,,,,,,,,,,,,,,,mesophilic,35,,,,,,,,,,,,,,,,Romero-G├╝iza. M.S. Vila. J. Mata-Alvarez. J. Chimenos. J.M. Astals. S. 2016. The role of additives on anaerobic digestion: A review. Renewable and Sustainable Energy Reviews. 58. 1486ÔÇô1499
Waste,GT (10%) and SS,municipal,,,,,,,,,,,,,,434,,,,,,,,batch,,,yes,Biolipase L,no,,,,,,,,,,,,,,,,,,,,,,,,mesophilic,35,,,,,,,,,,,,,,,,Romero-G├╝iza. M.S. Vila. J. Mata-Alvarez. J. Chimenos. J.M. Astals. S. 2016. The role of additives on anaerobic digestion: A review. Renewable and Sustainable Energy Reviews. 58. 1486ÔÇô1499
corn stover,corn stover,agricultural,,,,,,,,93.89,82.98,solid,yes,physical-chemical,,335,,11.5,,laboratory,8,2,,semicontinuous,,,,,,,,,,,,,,,,,,8.54,4.57,,,,,,,,,,mesophilic,38,,,,,,,,,,,,,,,,"Liu, C., Wachemo, A.C., Yuan, H., Zou, D., Liu, Y., Zhang, L., Pang, Y., Li, X., 2017. Evaluation of Methane Yield Using Acidogenic Effluent of NaOH Pretreated Corn Stover in Anaerobic Digestion. Renew. Energy. doi:10.1016/j.renene.2017.07.001"
corn stover,corn stover,agricultural,,,,,,,,93.89,82.98,solid,yes,physical-chemical,,205,,11.5,,laboratory,8,2,,semicontinuous,,,,,,,,,,,,,,,,,,8.54,4.57,,,,,,,,,,mesophilic,38,,,,,,,,,,,,,,,,"Liu, C., Wachemo, A.C., Yuan, H., Zou, D., Liu, Y., Zhang, L., Pang, Y., Li, X., 2017. Evaluation of Methane Yield Using Acidogenic Effluent of NaOH Pretreated Corn Stover in Anaerobic Digestion. Renew. Energy. doi:10.1016/j.renene.2017.07.001"
sunflower seed seeds,sunflower seed,agricultural,,46.42,1.25,,,,,84.71,98.77,solid,yes,physical,,64.73,,6,,laboratory,0.25,0.25,,batch,,,,,,,,,,,,,,,yes,,5,,,,,,,,,,,,mesophilic,37,,,,,,,,,,,,,,,,"Shen, J., Yan, H., Zhang, R., Liu, G., Chen, C., 2017. Characterization and methane production of different nut residue wastes in anaerobic digestion. Renew. Energy. doi:10.1016/j.renene.2017.09.018"
peanut,peanut shell,agricultural,,48.34,0.66,,,,,89.76,98.49,solid,yes,physical,,51.27,,6,,laboratory,0.25,0.25,,batch,,,,,,,,,,,,,,,yes,,5,,,,,,,,,,,,mesophilic,37,,,,,,,,,,,,,,,,"Shen, J., Yan, H., Zhang, R., Liu, G., Chen, C., 2017. Characterization and methane production of different nut residue wastes in anaerobic digestion. Renew. Energy. doi:10.1016/j.renene.2017.09.018"
Almond,almond shell,agricultural,,45.88,0.55,,,,,93.64,99.28,solid,yes,physical,,45.38,,6,,laboratory,0.25,0.25,,batch,,,,,,,,,,,,,,,yes,,5,,,,,,,,,,,,mesophilic,37,,,,,,,,,,,,,,,,"Shen, J., Yan, H., Zhang, R., Liu, G., Chen, C., 2017. Characterization and methane production of different nut residue wastes in anaerobic digestion. Renew. Energy. doi:10.1016/j.renene.2017.09.018"
Macadamia nut,Macadamia nut shell,agricultural,,49.1,0.29,,,,,89.63,99.95,solid,yes,physical,,28.6,,6,,laboratory,0.25,0.25,,batch,,,,,,,,,,,,,,,yes,,5,,,,,,,,,,,,mesophilic,37,,,,,,,,,,,,,,,,"Shen, J., Yan, H., Zhang, R., Liu, G., Chen, C., 2017. Characterization and methane production of different nut residue wastes in anaerobic digestion. Renew. Energy. doi:10.1016/j.renene.2017.09.018"
watermelon seeds,Watermelon seeds - shell,agricultural,,46.92,0.62,,,,,91,99.07,solid,yes,physical,,74.9,,6,,laboratory,0.25,0.25,,batch,,,,,,,,,,,,,,,yes,,5,,,,,,,,,,,,mesophilic,37,,,,,,,,,,,,,,,,"Shen, J., Yan, H., Zhang, R., Liu, G., Chen, C., 2017. Characterization and methane production of different nut residue wastes in anaerobic digestion. Renew. Energy. doi:10.1016/j.renene.2017.09.018"
water chestnut,water chestnut - shell,agricultural,,45.81,0.49,,,,,34.38,98.71,solid,yes,physical,,32.2,,6,,laboratory,0.25,0.25,,batch,,,,,,,,,,,,,,,yes,,5,,,,,,,,,,,,mesophilic,37,,,,,,,,,,,,,,,,"Shen, J., Yan, H., Zhang, R., Liu, G., Chen, C., 2017. Characterization and methane production of different nut residue wastes in anaerobic digestion. Renew. Energy. doi:10.1016/j.renene.2017.09.018"
walnut,walnut skin,agricultural,,43.05,1.48,,,,,90.12,84.6,solid,yes,physical,,281.68,,6,,laboratory,0.25,0.25,,batch,,,,,,,,,,,,,,,yes,,5,,,,,,,,,,,,mesophilic,37,,,,,,,,,,,,,,,,"Shen, J., Yan, H., Zhang, R., Liu, G., Chen, C., 2017. Characterization and methane production of different nut residue wastes in anaerobic digestion. Renew. Energy. doi:10.1016/j.renene.2017.09.018"
walnut,walnut shell,agricultural,,45.4,0.38,,,,,91.05,99.2,solid,yes,physical,,46.29,,6,,laboratory,0.25,0.25,,batch,,,,,,,,,,,,,,,yes,,5,,,,,,,,,,,,mesophilic,37,,,,,,,,,,,,,,,,"Shen, J., Yan, H., Zhang, R., Liu, G., Chen, C., 2017. Characterization and methane production of different nut residue wastes in anaerobic digestion. Renew. Energy. doi:10.1016/j.renene.2017.09.018"
pumpkin seed,pumpkin seeds shell,agricultural,,52.82,5.44,,,,,86.97,97.52,solid,yes,physical,,513.34,,6,,laboratory,0.25,0.25,,batch,,,,,,,,,,,,,,,yes,,5,,,,,,,,,,,,mesophilic,37,,,,,,,,,,,,,,,,"Shen, J., Yan, H., Zhang, R., Liu, G., Chen, C., 2017. Characterization and methane production of different nut residue wastes in anaerobic digestion. Renew. Energy. doi:10.1016/j.renene.2017.09.018"
bitter apricot kernel,bitter apricot kernel shell,agricultural,,47.71,0.2,,,,,95.3,97.71,solid,yes,physical,,45.08,,6,,laboratory,0.25,0.25,,batch,,,,,,,,,,,,,,,yes,,5,,,,,,,,,,,,mesophilic,37,,,,,,,,,,,,,,,,"Shen, J., Yan, H., Zhang, R., Liu, G., Chen, C., 2017. Characterization and methane production of different nut residue wastes in anaerobic digestion. Renew. Energy. doi:10.1016/j.renene.2017.09.018"
ginko,ginko shell,agricultural,,49.66,0.13,,,,,89.09,99.23,solid,yes,physical,,46.21,,6,,laboratory,0.25,0.25,,batch,,,,,,,,,,,,,,,yes,,5,,,,,,,,,,,,mesophilic,37,,,,,,,,,,,,,,,,"Shen, J., Yan, H., Zhang, R., Liu, G., Chen, C., 2017. Characterization and methane production of different nut residue wastes in anaerobic digestion. Renew. Energy. doi:10.1016/j.renene.2017.09.018"
pistachio,pistachio shell,agricultural,,45.1,0.03,,,,,94.69,99.07,solid,yes,physical,,142.38,,6,,laboratory,0.25,0.25,,batch,,,,,,,,,,,,,,,yes,,5,,,,,,,,,,,,mesophilic,37,,,,,,,,,,,,,,,,"Shen, J., Yan, H., Zhang, R., Liu, G., Chen, C., 2017. Characterization and methane production of different nut residue wastes in anaerobic digestion. Renew. Energy. doi:10.1016/j.renene.2017.09.018"
Chesnut,chesnut shell,agricultural,,47.43,0.44,,,,,74.34,99.01,solid,yes,physical,,66.99,,6,,laboratory,0.25,0.25,,batch,,,,,,,,,,,,,,,yes,,5,,,,,,,,,,,,mesophilic,37,,,,,,,,,,,,,,,,"Shen, J., Yan, H., Zhang, R., Liu, G., Chen, C., 2017. Characterization and methane production of different nut residue wastes in anaerobic digestion. Renew. Energy. doi:10.1016/j.renene.2017.09.018"
Hazelnut,hazelnut shell,agricultural,,48.63,0.15,,,,,93.22,99.31,solid,yes,physical,,40.03,,6,,laboratory,0.25,0.25,,batch,,,,,,,,,,,,,,,yes,,5,,,,,,,,,,,,mesophilic,37,,,,,,,,,,,,,,,,"Shen, J., Yan, H., Zhang, R., Liu, G., Chen, C., 2017. Characterization and methane production of different nut residue wastes in anaerobic digestion. Renew. Energy. doi:10.1016/j.renene.2017.09.018"
pecan,pecan shell,agricultural,,48.71,0.13,,,,,89.76,98.6,solid,yes,physical,,62.42,,6,,laboratory,0.25,0.25,,batch,,,,,,,,,,,,,,,yes,,5,,,,,,,,,,,,mesophilic,37,,,,,,,,,,,,,,,,"Shen, J., Yan, H., Zhang, R., Liu, G., Chen, C., 2017. Characterization and methane production of different nut residue wastes in anaerobic digestion. Renew. Energy. doi:10.1016/j.renene.2017.09.018"
pine nut,pine nut shell,agricultural,,49.07,0.2,,,,,90.13,99.65,solid,yes,physical,,50.66,,6,,laboratory,0.25,0.25,,batch,,,,,,,,,,,,,,,yes,,5,,,,,,,,,,,,mesophilic,37,,,,,,,,,,,,,,,,"Shen, J., Yan, H., Zhang, R., Liu, G., Chen, C., 2017. Characterization and methane production of different nut residue wastes in anaerobic digestion. Renew. Energy. doi:10.1016/j.renene.2017.09.018"
lotus seed,lotus seed shell,agricultural,,42.14,3.33,,,,,91.72,96.05,solid,yes,physical,,392.6,,6,,laboratory,0.25,0.25,,batch,,,,,,,,,,,,,,,yes,,5,,,,,,,,,,,,mesophilic,37,,,,,,,,,,,,,,,,"Shen, J., Yan, H., Zhang, R., Liu, G., Chen, C., 2017. Characterization and methane production of different nut residue wastes in anaerobic digestion. Renew. Energy. doi:10.1016/j.renene.2017.09.018"
hickory nut,hickory nut shell,agricultural,,51.15,0.36,,,,,97.59,98.14,solid,yes,physical,,52.06,,6,,laboratory,0.25,0.25,,batch,,,,,,,,,,,,,,,yes,,5,,,,,,,,,,,,mesophilic,37,,,,,,,,,,,,,,,,"Shen, J., Yan, H., Zhang, R., Liu, G., Chen, C., 2017. Characterization and methane production of different nut residue wastes in anaerobic digestion. Renew. Energy. doi:10.1016/j.renene.2017.09.018"
potato peel waste,potato peel waste,agricultural,6.5,43.8,4.1,,,,,9.2,82,solid,no,,,239.4,,,,laboratory,0.3,0.5,,batch,sodium bicarbonate,,no,,,,,,,,,,,,,,,3.6,80.1,,7.5,,,,,,,,mesophilic,35,,,,,,,,,,,,,,,,"Liang, S., McDonald, A.G., 2015. Anaerobic digestion of pre-fermented potato peel wastes for methane production. Waste Manag. 46, 197ÔÇô200. doi:10.1016/j.wasman.2015.09.029"
potato peel fermentation residue,potato peel fermentation residue,agricultural,4.2,47.8,4.1,,,,,12.2,79.5,solid,yes,fermentation,,273,,,,laboratory,0.3,0.5,,batch,sodium bicarbonate,,no,,,,,,,,,,,,,,,3.6,80.1,,7.5,,,,,,,,mesophilic,35,,,,,,,,,,,,,,,,"Liang, S., McDonald, A.G., 2015. Anaerobic digestion of pre-fermented potato peel wastes for methane production. Waste Manag. 46, 197ÔÇô200. doi:10.1016/j.wasman.2015.09.029"
potato peel fermentation residue,potato peel fermentation residue,agricultural,4.2,47.8,4.1,,,,,12.2,79.5,solid,yes,fermentation,,150,,,,laboratory,0.3,0.5,,batch,sodium bicarbonate,,no,,,,,,,,,,,,,,,3.6,80.1,,7.5,,,,,,,,mesophilic,35,,,,,,,,,,,,,,,,"Liang, S., McDonald, A.G., 2015. Anaerobic digestion of pre-fermented potato peel wastes for methane production. Waste Manag. 46, 197ÔÇô200. doi:10.1016/j.wasman.2015.09.029"
potato peel fermentation residue,potato peel fermentation residue,agricultural,4.2,47.8,4.1,,,,,12.2,79.5,solid,yes,fermentation,,118,,,,laboratory,0.3,0.5,,batch,sodium bicarbonate,,no,,,,,,,,,,,,,,,3.6,80.1,,7.5,,,,,,,,mesophilic,35,,,,,,,,,,,,,,,,"Liang, S., McDonald, A.G., 2015. Anaerobic digestion of pre-fermented potato peel wastes for methane production. Waste Manag. 46, 197ÔÇô200. doi:10.1016/j.wasman.2015.09.029"
vinasse,vinasse,industrial,,46.03,3.55,,,,24.2,42.57,86.54,liquid,no,,,247.3,,,,laboratory,0.15,0.1,,batch,CaCO3,6.67,no,,,,yes,120,,,,,,,,,,4.65,71.13,,,,,,,,,,mesophilic,37,biomass was boiled for 30 minutes to inhibit activity of methanogens,one stage anaerobic digestion design,,,,,,,,,,,,,,"Fu, S.-F., Xu, X.-H., Dai, M., Yuan, X.-Z., Guo, R.-B., 2017. Hydrogen and methane production from vinasse using two-stage anaerobic digestion. Process Saf. Environ. Prot. 107, 81ÔÇô86. doi:10.1016/j.psep.2017.01.024"
vinasse,vinasse,industrial,,46.03,3.55,,,,24.2,42.57,86.54,liquid,no,,,274,,,,laboratory,0.15,0.1,,batch,CaCO3,6.67,no,,,,yes,120,,,,,,,,,,4.65,71.13,,,,,,,,,,mesophilic,37,biomass was boiled for 30 minutes to inhibit activity of methanogens,two stage anaerobic digestion design,,,,,,,,,,,,,,"Fu, S.-F., Xu, X.-H., Dai, M., Yuan, X.-Z., Guo, R.-B., 2017. Hydrogen and methane production from vinasse using two-stage anaerobic digestion. Process Saf. Environ. Prot. 107, 81ÔÇô86. doi:10.1016/j.psep.2017.01.024"
fresh vinegar residue,fresh vinegar residue,industrial,3.49,45.15,2.45,,4.28,10.51,,,93.55,,yes,unspecified,,273,,,,laboratory,2,0.5,,batch,,,no,,,,,,yes,40,,,,,,,,,73.94,,7.59,,,,,,,,mesophilic,35,hydrothermal pretreatment,,,,,,,,,,,,,,,"Ran, G., Li, D., Zheng, T., Liu, X., Chen, L., Cao, Q., Yan, Z., 2017. Hydrothermal pretreatment on the anaerobic digestion of washed vinegar residue. Bioresour. Technol. doi:10.1016/j.biortech.2017.06.068"
washed vinegar residue,washed vinegar residue,industrial,,,,,,,,,,,yes,unspecified,,199,,,,laboratory,2,0.5,,batch,,,no,,,,,,yes,40,,,,,,,,,73.94,,7.59,,,,,,,,mesophilic,35,hydrothermal pretreatment,,,,,,,,,,,,,,,"Ran, G., Li, D., Zheng, T., Liu, X., Chen, L., Cao, Q., Yan, Z., 2017. Hydrothermal pretreatment on the anaerobic digestion of washed vinegar residue. Bioresour. Technol. doi:10.1016/j.biortech.2017.06.068"
washed leachate from vinegar,washed leachate from vinegar,industrial,,,,,,,,,,,yes,unspecified,,306.9,,,,laboratory,2,0.5,,batch,,,no,,,,,,yes,40,,,,,,,,,73.94,,7.59,,,,,,,,mesophilic,35,hydrothermal pretreatment,,,,,,,,,,,,,,,"Ran, G., Li, D., Zheng, T., Liu, X., Chen, L., Cao, Q., Yan, Z., 2017. Hydrothermal pretreatment on the anaerobic digestion of washed vinegar residue. Bioresour. Technol. doi:10.1016/j.biortech.2017.06.068"
acetate,acetate,industrial,,,,,,,,,,solid,no,,,,580,,,laboratory,0.5,0.27,,batch,carbonates,,no,,,,,,,,,,yes,20,,,,,,,,,,,,,,,mesophilic,37,,,,,,,,,,,,,,,,"Yang, Y., Chen, Q., Guo, J., Hu, Z., 2015. Kinetics and methane gas yields of selected C1 to C5 organic acids in anaerobic digestion. Water Res. 87, 112ÔÇô118. doi:10.1016/j.watres.2015.09.012"
propionate,propionate,industrial,,,,,,,,,,solid,no,,,,530,,,laboratory,0.5,0.27,,batch,carbonates,,no,,,,,,,,,,yes,20,,,,,,,,,,,,,,,mesophilic,37,,,,,,,,,,,,,,,,"Yang, Y., Chen, Q., Guo, J., Hu, Z., 2015. Kinetics and methane gas yields of selected C1 to C5 organic acids in anaerobic digestion. Water Res. 87, 112ÔÇô118. doi:10.1016/j.watres.2015.09.012"
pyrivate,pyrivate,industrial,,,,,,,,,,solid,no,,,,240,,,laboratory,0.5,0.27,,batch,carbonates,,no,,,,,,,,,,yes,20,,,,,,,,,,,,,,,mesophilic,37,,,,,,,,,,,,,,,,"Yang, Y., Chen, Q., Guo, J., Hu, Z., 2015. Kinetics and methane gas yields of selected C1 to C5 organic acids in anaerobic digestion. Water Res. 87, 112ÔÇô118. doi:10.1016/j.watres.2015.09.012"
butyrate,butyrate,industrial,,,,,,,,,,solid,no,,,,430,,,laboratory,0.5,0.27,,batch,carbonates,,no,,,,,,,,,,yes,20,,,,,,,,,,,,,,,mesophilic,37,,,,,,,,,,,,,,,,"Yang, Y., Chen, Q., Guo, J., Hu, Z., 2015. Kinetics and methane gas yields of selected C1 to C5 organic acids in anaerobic digestion. Water Res. 87, 112ÔÇô118. doi:10.1016/j.watres.2015.09.012"
lactate,lactate,industrial,,,,,,,,,,solid,no,,,,170,,,laboratory,0.5,0.27,,batch,carbonates,,no,,,,,,,,,,yes,20,,,,,,,,,,,,,,,mesophilic,37,,,,,,,,,,,,,,,,"Yang, Y., Chen, Q., Guo, J., Hu, Z., 2015. Kinetics and methane gas yields of selected C1 to C5 organic acids in anaerobic digestion. Water Res. 87, 112ÔÇô118. doi:10.1016/j.watres.2015.09.012"
valerate,valerate,industrial,,,,,,,,,,solid,no,,,,490,,,laboratory,0.5,0.27,,batch,carbonates,,no,,,,,,,,,,yes,20,,,,,,,,,,,,,,,mesophilic,37,,,,,,,,,,,,,,,,"Yang, Y., Chen, Q., Guo, J., Hu, Z., 2015. Kinetics and methane gas yields of selected C1 to C5 organic acids in anaerobic digestion. Water Res. 87, 112ÔÇô118. doi:10.1016/j.watres.2015.09.012"
formate,formate,industrial,,,,,,,,,,solid,no,,,,440,,,laboratory,0.5,0.27,,batch,carbonates,,no,,,,,,,,,,yes,20,,,,,,,,,,,,,,,mesophilic,37,,,,,,,,,,,,,,,,"Yang, Y., Chen, Q., Guo, J., Hu, Z., 2015. Kinetics and methane gas yields of selected C1 to C5 organic acids in anaerobic digestion. Water Res. 87, 112ÔÇô118. doi:10.1016/j.watres.2015.09.012"
millet,millet - Panicum Miliaceum L.,agricultural,,,,,,,,21.8,92,,,,,253,,,,,,,,,,,,,,,,,,,,,,,,,,,,,,,,,,,,,,,,,,,,,,,,,,,,,,"Garcia, N.H., Mattioli, A., Gil, A., Frison, N., Battista, F., Bolzonella, D., 2019. Evaluation of the methane potential of different agricultural and food processing substrates for improved biogas production in rural areas. Renew. Sustain. Energy Rev. 112, 1ÔÇô10. doi:10.1016/J.RSER.2019.05.040"
Barley,Barley - Hordeum distichon L.rowhead,agricultural,,,,,,,,,,,,,,390,,,,,,,,,,,,,,,,,,,,,,,,,,,,,,,,,,,,,,,,,,,,,,,,,,,,,,"Weiland, P., 2003. Production and energetic use of biogas from energy crops and wastes in Germany. Appl. Biochem. Biotechnol. 109, 263ÔÇô274. doi:10.1385/ABAB:109:1-3:263"
barley straw,barley straw,agricultural,7.87,,0.99,,,,9.6,90.5,94.3,solid,yes,physical,,229,,,,laboratory,2,,,batch,,,,,,,,,,,,,,,,,,7.62,70,,8,,,,,,,,mesophilic,40,,,,,,,,,,,,,,,,"Dinuccio, E., Balsari, P., Gioelli, F., Menardo, S., 2010. Evaluation of the biogas productivity potential of some Italian agro-industrial biomasses. Bioresour. Technol. 101, 3780ÔÇô3783. doi:10.1016/J.BIORTECH.2009.12.113"
tomato,tomato skin and seeds,agricultural,4.7,,3.34,,,,3.56,32,97.8,,,,,218,,,,laboratory,2,,,batch,,,,,,,,,,,,,,,,,,7.62,70,,8,,,,,,,,mesophilic,40,,,,,,,,,,,,,,,,"Dinuccio, E., Balsari, P., Gioelli, F., Menardo, S., 2010. Evaluation of the biogas productivity potential of some Italian agro-industrial biomasses. Bioresour. Technol. 101, 3780ÔÇô3783. doi:10.1016/J.BIORTECH.2009.12.113"
Rice straw,Rice straw,agricultural,8.14,,0.88,,,,8.33,88.7,91.9,solid,yes,physical,,195,,,,laboratory,2,,,batch,,,,,,,,,,,,,,,,,,7.62,70,,8,,,,,,,,mesophilic,40,,,,,,,,,,,,,,,,"Dinuccio, E., Balsari, P., Gioelli, F., Menardo, S., 2010. Evaluation of the biogas productivity potential of some Italian agro-industrial biomasses. Bioresour. Technol. 101, 3780ÔÇô3783. doi:10.1016/J.BIORTECH.2009.12.113"
Grape stalks,Grape stalks,agricultural,4.4,,1.99,,,,23.3,311,91.9,,,,,98,,,,laboratory,2,,,batch,,,,,,,,,,,,,,,,,,7.62,70,,8,,,,,,,,mesophilic,40,,,,,,,,,,,,,,,,"Dinuccio, E., Balsari, P., Gioelli, F., Menardo, S., 2010. Evaluation of the biogas productivity potential of some Italian agro-industrial biomasses. Bioresour. Technol. 101, 3780ÔÇô3783. doi:10.1016/J.BIORTECH.2009.12.113"
Maize drying up residues,Maize drying up residues,agricultural,5.05,,1.29,,,,2.33,81.8,97.5,,,,,317,,,,laboratory,2,,,batch,,,,,,,,,,,,,,,,,,7.62,70,,8,,,,,,,,mesophilic,40,,,,,,,,,,,,,,,,"Dinuccio, E., Balsari, P., Gioelli, F., Menardo, S., 2010. Evaluation of the biogas productivity potential of some Italian agro-industrial biomasses. Bioresour. Technol. 101, 3780ÔÇô3783. doi:10.1016/J.BIORTECH.2009.12.113"
Whey,Whey,agricultural,5.2,,1.83,,,,,6.86,91.1,,,,,501,,,,laboratory,2,,,batch,,,,,,,,,,,,,,,,,,7.62,70,,8,,,,,,,,mesophilic,40,,,,,,,,,,,,,,,,"Dinuccio, E., Balsari, P., Gioelli, F., Menardo, S., 2010. Evaluation of the biogas productivity potential of some Italian agro-industrial biomasses. Bioresour. Technol. 101, 3780ÔÇô3783. doi:10.1016/J.BIORTECH.2009.12.113"
Grape marcs,Grape marcs,agricultural,3.58,,2.3,,,,23.9,61.4,90.7,,,,,116,,,,laboratory,2,,,batch,,,,,,,,,,,,,,,,,,7.62,70,,8,,,,,,,,mesophilic,40,,,,,,,,,,,,,,,,"Dinuccio, E., Balsari, P., Gioelli, F., Menardo, S., 2010. Evaluation of the biogas productivity potential of some Italian agro-industrial biomasses. Bioresour. Technol. 101, 3780ÔÇô3783. doi:10.1016/J.BIORTECH.2009.12.113"
manure,Raw dairy manure,agricultural,,,,16.5,16.1,5.7,13.8,12.4,82,,,,124000,242.7,,,,laboratory,0.25,,,batch,,,no,,no,,,,,,,,,,,,,,,,,,,,,,,,mesophilic,35,,,,,,,,,,,,,,,,"Labatut, R.A., Angenent, L.T., Scott, N.R., 2011. Biochemical methane potential and biodegradability of complex organic substrates. Bioresour. Technol. 102, 2255ÔÇô2264. doi:10.1016/J.BIORTECH.2010.10.015"
manure,Manure separated liquid,agricultural,,,,,,,,,71,,,,57500,261.3,,,,laboratory,0.25,,,batch,,,no,,no,,,,,,,,,,,,,,,,,,,,,,,,mesophilic,35,,,,,,,,,,,,,,,,"Labatut, R.A., Angenent, L.T., Scott, N.R., 2011. Biochemical methane potential and biodegradability of complex organic substrates. Bioresour. Technol. 102, 2255ÔÇô2264. doi:10.1016/J.BIORTECH.2010.10.016"
Cheese whey,Cheese whey,industrial,,,,80.9,5.7,13.4,0,7.14,84,,,,128300,423.6,,,,laboratory,0.25,,,batch,,,no,,no,,,,,,,,,,,,,,,,,,,,,,,,mesophilic,35,,,,,,,,,,,,,,,,"Labatut, R.A., Angenent, L.T., Scott, N.R., 2011. Biochemical methane potential and biodegradability of complex organic substrates. Bioresour. Technol. 102, 2255ÔÇô2264. doi:10.1016/J.BIORTECH.2010.10.017"
Plain pasta,Plain pasta,OFMSW,,,,80.1,3.4,16.5,0,42.26,97,,,,934300,326.1,,,,laboratory,0.25,,,batch,,,no,,no,,,,,,,,,,,,,,,,,,,,,,,,mesophilic,35,,,,,,,,,,,,,,,,"Labatut, R.A., Angenent, L.T., Scott, N.R., 2011. Biochemical methane potential and biodegradability of complex organic substrates. Bioresour. Technol. 102, 2255ÔÇô2264. doi:10.1016/J.BIORTECH.2010.10.018"
Meat pasta,Meat pasta,OFMSW,,,,66.7,14,19.3,0,38.18,89,,,,562800,216.2,,,,laboratory,0.25,,,batch,,,no,,no,,,,,,,,,,,,,,,,,,,,,,,,mesophilic,35,,,,,,,,,,,,,,,,"Labatut, R.A., Angenent, L.T., Scott, N.R., 2011. Biochemical methane potential and biodegradability of complex organic substrates. Bioresour. Technol. 102, 2255ÔÇô2264. doi:10.1016/J.BIORTECH.2010.10.019"
Used vegetable oil,Used vegetable oil,OFMSW,,,,0,100,0,0,99.1,100,,,,2880000,648.5,,,,laboratory,0.25,,,batch,,,no,,no,,,,,,,,,,,,,,,,,,,,,,,,mesophilic,35,,,,,,,,,,,,,,,,"Labatut, R.A., Angenent, L.T., Scott, N.R., 2011. Biochemical methane potential and biodegradability of complex organic substrates. Bioresour. Technol. 102, 2255ÔÇô2264. doi:10.1016/J.BIORTECH.2010.10.020"
Ice cream,Ice cream,industrial,,,,53.1,38.6,8.3,0,11.38,96,,,,266800,502.3,,,,laboratory,0.25,,,batch,,,no,,no,,,,,,,,,,,,,,,,,,,,,,,,mesophilic,35,,,,,,,,,,,,,,,,"Labatut, R.A., Angenent, L.T., Scott, N.R., 2011. Biochemical methane potential and biodegradability of complex organic substrates. Bioresour. Technol. 102, 2255ÔÇô2264. doi:10.1016/J.BIORTECH.2010.10.021"
Fresh dog food,Fresh dog food,industrial,,,,0,0,0,0,13.22,95,,,,530400,426.6,,,,laboratory,0.25,,,batch,,,no,,no,,,,,,,,,,,,,,,,,,,,,,,,mesophilic,35,,,,,,,,,,,,,,,,"Labatut, R.A., Angenent, L.T., Scott, N.R., 2011. Biochemical methane potential and biodegradability of complex organic substrates. Bioresour. Technol. 102, 2255ÔÇô2264. doi:10.1016/J.BIORTECH.2010.10.022"
Cola beverage,Cola beverage,industrial,,,,99.1,0.2,0.7,0,9.36,95,,,,121500,373.1,,,,laboratory,0.25,,,batch,,,no,,no,,,,,,,,,,,,,,,,,,,,,,,,mesophilic,35,,,,,,,,,,,,,,,,"Labatut, R.A., Angenent, L.T., Scott, N.R., 2011. Biochemical methane potential and biodegradability of complex organic substrates. Bioresour. Technol. 102, 2255ÔÇô2264. doi:10.1016/J.BIORTECH.2010.10.023"
Cabbage,Cabbage,agricultural,,,,44.6,1.4,17.8,0,7.86,92,,,,90900,256.5,,,,laboratory,0.25,,,batch,,,no,,no,,,,,,,,,,,,,,,,,,,,,,,,mesophilic,35,,,,,,,,,,,,,,,,"Labatut, R.A., Angenent, L.T., Scott, N.R., 2011. Biochemical methane potential and biodegradability of complex organic substrates. Bioresour. Technol. 102, 2255ÔÇô2264. doi:10.1016/J.BIORTECH.2010.10.024"
Potatoes,Potatoes,agricultural,,,,79.2,0.8,10.5,0,17.74,92,,,,261800,334.5,,,,laboratory,0.25,,,batch,,,no,,no,,,,,,,,,,,,,,,,,,,,,,,,mesophilic,35,,,,,,,,,,,,,,,,"Labatut, R.A., Angenent, L.T., Scott, N.R., 2011. Biochemical methane potential and biodegradability of complex organic substrates. Bioresour. Technol. 102, 2255ÔÇô2264. doi:10.1016/J.BIORTECH.2010.10.025"
switchgrass,switchgrass,agricultural,,,,0,0,0.7,8.3,93.01,97,,,,706700,122.2,,,,laboratory,0.25,,,batch,,,no,,no,,,,,,,,,,,,,,,,,,,,,,,,mesophilic,35,,,,,,,,,,,,,,,,"Labatut, R.A., Angenent, L.T., Scott, N.R., 2011. Biochemical methane potential and biodegradability of complex organic substrates. Bioresour. Technol. 102, 2255ÔÇô2264. doi:10.1016/J.BIORTECH.2010.10.026"
corn silage,corn silage,agricultural,,,,69.7,5,13.8,0,21.73,98,,,,,296.1,,,,laboratory,0.25,,,batch,,,no,,no,,,,,,,,,,,,,,,,,,,,,,,,mesophilic,35,,,,,,,,,,,,,,,,"Labatut, R.A., Angenent, L.T., Scott, N.R., 2011. Biochemical methane potential and biodegradability of complex organic substrates. Bioresour. Technol. 102, 2255ÔÇô2264. doi:10.1016/J.BIORTECH.2010.10.027"
FOG,"Suspended fat, oil and grease (FOG)",municipal,,,,0,100,0,0,26.72,86,,,,600100,402.3,,,,laboratory,0.25,,,batch,,,no,,no,,,,,,,,,,,,,,,,,,,,,,,,mesophilic,35,,,,,,,,,,,,,,,,"Labatut, R.A., Angenent, L.T., Scott, N.R., 2011. Biochemical methane potential and biodegradability of complex organic substrates. Bioresour. Technol. 102, 2255ÔÇô2264. doi:10.1016/J.BIORTECH.2010.10.028"
FOG,"Settled fat, oil and grease (FOG)",municipal,,,,0,100,0,0,12.84,88,,,,290000,413.4,,,,laboratory,0.25,,,batch,,,no,,no,,,,,,,,,,,,,,,,,,,,,,,,mesophilic,35,,,,,,,,,,,,,,,,"Labatut, R.A., Angenent, L.T., Scott, N.R., 2011. Biochemical methane potential and biodegradability of complex organic substrates. Bioresour. Technol. 102, 2255ÔÇô2264. doi:10.1016/J.BIORTECH.2010.10.029"
mouthwash,mouthwash,industrial,,,,,,,,,91,,,,160500,274.3,,,,laboratory,0.25,,,batch,,,no,,no,,,,,,,,,,,,,,,,,,,,,,,,mesophilic,35,,,,,,,,,,,,,,,,"Labatut, R.A., Angenent, L.T., Scott, N.R., 2011. Biochemical methane potential and biodegradability of complex organic substrates. Bioresour. Technol. 102, 2255ÔÇô2264. doi:10.1016/J.BIORTECH.2010.10.030"
frogbit,frogbit,agricultural,,,,,,,,,75,,,,,451.5,,,,laboratory,0.25,,,batch,,,no,,no,,,,,,,,,,,,,,,,,,,,,,,,mesophilic,35,,,,,,,,,,,,,,,,"Labatut, R.A., Angenent, L.T., Scott, N.R., 2011. Biochemical methane potential and biodegradability of complex organic substrates. Bioresour. Technol. 102, 2255ÔÇô2264. doi:10.1016/J.BIORTECH.2010.10.031"
water chesnut,water chesnut,agricultural,,,,,,,,,83,,,,,359.4,,,,laboratory,0.25,,,batch,,,no,,no,,,,,,,,,,,,,,,,,,,,,,,,mesophilic,35,,,,,,,,,,,,,,,,"Labatut, R.A., Angenent, L.T., Scott, N.R., 2011. Biochemical methane potential and biodegradability of complex organic substrates. Bioresour. Technol. 102, 2255ÔÇô2264. doi:10.1016/J.BIORTECH.2010.10.032"
eurasian milfoil,eurasian milfoil,agricultural,,,,,,,,,63,,,,,279,,,,laboratory,0.25,,,batch,,,no,,no,,,,,,,,,,,,,,,,,,,,,,,,mesophilic,35,,,,,,,,,,,,,,,,"Labatut, R.A., Angenent, L.T., Scott, N.R., 2011. Biochemical methane potential and biodegradability of complex organic substrates. Bioresour. Technol. 102, 2255ÔÇô2264. doi:10.1016/J.BIORTECH.2010.10.033"
water celery,water celery,agricultural,,,,,,,,,51,,,,,384.6,,,,laboratory,0.25,,,batch,,,no,,no,,,,,,,,,,,,,,,,,,,,,,,,mesophilic,35,,,,,,,,,,,,,,,,"Labatut, R.A., Angenent, L.T., Scott, N.R., 2011. Biochemical methane potential and biodegradability of complex organic substrates. Bioresour. Technol. 102, 2255ÔÇô2264. doi:10.1016/J.BIORTECH.2010.10.034"
chara,chara,agricultural,,,,,,,,,25,,,,,386.1,,,,laboratory,0.25,,,batch,,,no,,no,,,,,,,,,,,,,,,,,,,,,,,,mesophilic,35,,,,,,,,,,,,,,,,"Labatut, R.A., Angenent, L.T., Scott, N.R., 2011. Biochemical methane potential and biodegradability of complex organic substrates. Bioresour. Technol. 102, 2255ÔÇô2264. doi:10.1016/J.BIORTECH.2010.10.035"
manure,manure,agricultural,,,,,,,,,,,,,,318,,,,laboratory,2,,,batch,,,no,,no,,,,,,,,yes,2,,,,,,,,,,,,,,,mesophilic,35,,,,,,,,,,,,,,,,"D├¡az, I., Figueroa-Gonz├ílez, I., Miguel, J.├ü., Bonilla-Morte, L., Quijano, G., 2016. Enhancing the biomethane potential of liquid dairy cow manure by addition of solid manure fractions. Biotechnol. Lett. 38, 2097ÔÇô2102. doi:10.1007/s10529-016-2198-9"
manure,manure,agricultural,,,,,,,,,,,,,,349,,,,laboratory,2,,,batch,,,no,,no,,,,,,,,yes,2,,,,,,,,,,,,,,,mesophilic,35,,,,,,,,,,,,,,,,"D├¡az, I., Figueroa-Gonz├ílez, I., Miguel, J.├ü., Bonilla-Morte, L., Quijano, G., 2016. Enhancing the biomethane potential of liquid dairy cow manure by addition of solid manure fractions. Biotechnol. Lett. 38, 2097ÔÇô2102. doi:10.1007/s10529-016-2198-9"
manure,manure,agricultural,,,,,,,,,,,,,,178,,,,laboratory,2,,,batch,,,no,,no,,,,,,,,yes,2,,,,,,,,,,,,,,,mesophilic,35,,,,,,,,,,,,,,,,"D├¡az, I., Figueroa-Gonz├ílez, I., Miguel, J.├ü., Bonilla-Morte, L., Quijano, G., 2016. Enhancing the biomethane potential of liquid dairy cow manure by addition of solid manure fractions. Biotechnol. Lett. 38, 2097ÔÇô2102. doi:10.1007/s10529-016-2198-9"
Rice husk,Rice husk,agricultural,,,,,,,,,,,,,,130,,,,,,,,,,,,,,,,,,,,,,,,,,,,,,,,,,,,,mesophilic,35,,,,,,,,,,,,,,,,"Chanakya HN, Malayil S. Anaerobic digestion for bioenergy from agro-residues and other solid wastes. An overview of science, technology and sustainability. Indian J Agric Chem 2012;92(1):111ÔÇô44."
rice straw,rice straw,agricultural,,,,,,,,,,,,,,300,,,,laboratory,5,,,batch,,,,,,,,,,,,,,,,,,,,,,,,,,,,,mesophilic,35,,,,,,,,,,,,,,,,"Chanakya HN, Malayil S. Anaerobic digestion for bioenergy from agro-residues and other solid wastes. An overview of science, technology and sustainability. Indian J Agric Chem 2012;92(1):111ÔÇô44."
wheat,wheat straw,agricultural,,,,,,,,,,,,,,300,,,,,,,,,,,,,,,,,,,,,,,,,,,,,,,,,,,,,,,,,,,,,,,,,,,,,,"Chanakya HN, Malayil S. Anaerobic digestion for bioenergy from agro-residues and other solid wastes. An overview of science, technology and sustainability. Indian J Agric Chem 2012;92(1):111ÔÇô44."
sugarcane,sugarcane bagasse,agricultural,,,,,,,,,,,,,,90,,,,,,,,,,,,,,,,,,,,,,,,,,,,,,,,,,,,,,,,,,,,,,,,,,,,,,"Chanakya HN, Malayil S. Anaerobic digestion for bioenergy from agro-residues and other solid wastes. An overview of science, technology and sustainability. Indian J Agric Chem 2012;92(1):111ÔÇô44."
sugarcane,sugarcane leaves,agricultural,,,,,,,,,,,,,,280,,,,,,,,,,,,,,,,,,,,,,,,,,,,,,,,,,,,,,,,,,,,,,,,,,,,,,"Chanakya HN, Malayil S. Anaerobic digestion for bioenergy from agro-residues and other solid wastes. An overview of science, technology and sustainability. Indian J Agric Chem 2012;92(1):111ÔÇô44."
cassava,cassava,industrial,,,1.34,,,,12.28,95.6,84.32,,no,,,131.95,,,,laboratory,0.25,,,batch,,,,,no,,,,,,,,,,,,,,,,,,,,,,,,thermophilic,55,,,,,,,,,,,,,,,,"Zhang, Q., He, J., Tian, M., Mao, Z., Tang, L., Zhang, J., Zhang, H., 2011. Enhancement of methane production from cassava residues by biological pretreatment using a constructed microbial consortium. Bioresour. Technol. 102, 8899ÔÇô8906. doi:10.1016/J.BIORTECH.2011.06.061"
cassava,cassava,industrial,,,1.34,,,,12.28,95.6,84.32,,yes,unspecified,,259.46,,,,laboratory,0.25,,,batch,,,,,yes,PCS culture solution,,,,2,yes,,yes,2,,,,,,,,,,,,,,,thermophilic,55,,,,,,,,,,,,,,,,"Zhang, Q., He, J., Tian, M., Mao, Z., Tang, L., Zhang, J., Zhang, H., 2011. Enhancement of methane production from cassava residues by biological pretreatment using a constructed microbial consortium. Bioresour. Technol. 102, 8899ÔÇô8906. doi:10.1016/J.BIORTECH.2011.06.061"
wastewater sludge,sewage sludge,municipal,,,,,,,,4.13,78.7,,,,,290,,,,laboratory,0.4,,,batch,,,no,,no,,yes,,,,,,no,,,,,2.2,62.2,,7.67,1030,18400,0.25,,1910,,25.4,mesophilic,38,TKN (mg/kg) 4330,4880 - TOC [mg/kg],,,,,,,,,,,,,,"Koch, K., Lippert, T., Drewes, J.E., 2017. The role of inoculumÔÇÖs origin on the methane yield of different substrates in biochemical methane potential (BMP) tests. Bioresour. Technol. 243, 457ÔÇô463. doi:10.1016/J.BIORTECH.2017.06.142"
wastewater sludge,sewage sludge,municipal,,,,,,,,4.13,78.7,,,,,295,,,,laboratory,0.4,,,batch,,,no,,no,,yes,,,,,,no,,,,,4.49,71.6,,7.78,763,25200,0.19,,1750,,50.5,mesophilic,38,TKN (mg/kg) 2060,5240- TOC [mg/kg],,,,,,,,,,,,,,"Koch, K., Lippert, T., Drewes, J.E., 2017. The role of inoculumÔÇÖs origin on the methane yield of different substrates in biochemical methane potential (BMP) tests. Bioresour. Technol. 243, 457ÔÇô463. doi:10.1016/J.BIORTECH.2017.06.142"
wastewater sludge,sewage sludge,municipal,,,,,,,,4.13,78.7,,,,,305,,,,laboratory,0.4,,,batch,,,no,,no,,yes,,,,,,no,,,,,3.81,64.2,,8.29,353,30300,0.17,,2270,,41.9,mesophilic,38,TKN (mg/kg) 3500,5670 - TOC [mg/kg],,,,,,,,,,,,,,"Koch, K., Lippert, T., Drewes, J.E., 2017. The role of inoculumÔÇÖs origin on the methane yield of different substrates in biochemical methane potential (BMP) tests. Bioresour. Technol. 243, 457ÔÇô463. doi:10.1016/J.BIORTECH.2017.06.142"
maize,maize,agricultural,,,,,,,,89.6,96,,,,,335,,,,laboratory,0.4,,,batch,,,no,,no,,yes,,,,,,no,,,,,2.2,62.2,,7.67,1030,18400,0.25,,1910,,25.4,mesophilic,38,TKN (mg/kg) 4330,4880 - TOC [mg/kg],,,,,,,,,,,,,,"Koch, K., Lippert, T., Drewes, J.E., 2017. The role of inoculumÔÇÖs origin on the methane yield of different substrates in biochemical methane potential (BMP) tests. Bioresour. Technol. 243, 457ÔÇô463. doi:10.1016/J.BIORTECH.2017.06.142"
maize,maize,agricultural,,,,,,,,89.6,96,,,,,345,,,,laboratory,0.4,,,batch,,,no,,no,,yes,,,,,,no,,,,,4.49,71.6,,7.78,763,25200,0.19,,1750,,50.5,mesophilic,38,TKN (mg/kg) 2060,5240- TOC [mg/kg],,,,,,,,,,,,,,"Koch, K., Lippert, T., Drewes, J.E., 2017. The role of inoculumÔÇÖs origin on the methane yield of different substrates in biochemical methane potential (BMP) tests. Bioresour. Technol. 243, 457ÔÇô463. doi:10.1016/J.BIORTECH.2017.06.142"
maize,maize,agricultural,,,,,,,,89.6,96,,,,,350,,,,laboratory,0.4,,,batch,,,no,,no,,yes,,,,,,no,,,,,3.81,64.2,,8.29,353,30300,0.17,,2270,,41.9,mesophilic,38,TKN (mg/kg) 3500,5670 - TOC [mg/kg],,,,,,,,,,,,,,"Koch, K., Lippert, T., Drewes, J.E., 2017. The role of inoculumÔÇÖs origin on the methane yield of different substrates in biochemical methane potential (BMP) tests. Bioresour. Technol. 243, 457ÔÇô463. doi:10.1016/J.BIORTECH.2017.06.142"
food waste,food waste,OFMSW,,,,,,,,90.6,91.4,,,,,440,,,,laboratory,0.4,,,batch,,,no,,no,,yes,,,,,,no,,,,,2.2,62.2,,7.67,1030,18400,0.25,,1910,,25.4,mesophilic,38,TKN (mg/kg) 4330,4880 - TOC [mg/kg],,,,,,,,,,,,,,"Koch, K., Lippert, T., Drewes, J.E., 2017. The role of inoculumÔÇÖs origin on the methane yield of different substrates in biochemical methane potential (BMP) tests. Bioresour. Technol. 243, 457ÔÇô463. doi:10.1016/J.BIORTECH.2017.06.142"
food waste,food waste,OFMSW,,,,,,,,90.6,91.4,,,,,445,,,,laboratory,0.4,,,batch,,,no,,no,,yes,,,,,,no,,,,,4.49,71.6,,7.78,763,25200,0.19,,1750,,50.5,mesophilic,38,TKN (mg/kg) 2060,5240- TOC [mg/kg],,,,,,,,,,,,,,"Koch, K., Lippert, T., Drewes, J.E., 2017. The role of inoculumÔÇÖs origin on the methane yield of different substrates in biochemical methane potential (BMP) tests. Bioresour. Technol. 243, 457ÔÇô463. doi:10.1016/J.BIORTECH.2017.06.142"
food waste,food waste,OFMSW,,,,,,,,90.6,91.4,,,,,460,,,,laboratory,0.4,,,batch,,,no,,no,,yes,,,,,,no,,,,,3.81,64.2,,8.29,353,30300,0.17,,2270,,41.9,mesophilic,38,TKN (mg/kg) 3500,5670 - TOC [mg/kg],,,,,,,,,,,,,,"Koch, K., Lippert, T., Drewes, J.E., 2017. The role of inoculumÔÇÖs origin on the methane yield of different substrates in biochemical methane potential (BMP) tests. Bioresour. Technol. 243, 457ÔÇô463. doi:10.1016/J.BIORTECH.2017.06.142"
cellulose,cellulose,industrial,,,,,,,,95.6,100,,,,,336,,,,laboratory,0.4,,,batch,,,no,,no,,yes,,,,,,no,,,,,2.2,62.2,,7.67,1030,18400,0.25,,1910,,25.4,mesophilic,38,TKN (mg/kg) 4330,4880 - TOC [mg/kg],,,,,,,,,,,,,,"Koch, K., Lippert, T., Drewes, J.E., 2017. The role of inoculumÔÇÖs origin on the methane yield of different substrates in biochemical methane potential (BMP) tests. Bioresour. Technol. 243, 457ÔÇô463. doi:10.1016/J.BIORTECH.2017.06.142"
cellulose,cellulose,industrial,,,,,,,,95.6,100,,,,,360,,,,laboratory,0.4,,,batch,,,no,,no,,yes,,,,,,no,,,,,4.49,71.6,,7.78,763,25200,0.19,,1750,,50.5,mesophilic,38,TKN (mg/kg) 2060,5240- TOC [mg/kg],,,,,,,,,,,,,,"Koch, K., Lippert, T., Drewes, J.E., 2017. The role of inoculumÔÇÖs origin on the methane yield of different substrates in biochemical methane potential (BMP) tests. Bioresour. Technol. 243, 457ÔÇô463. doi:10.1016/J.BIORTECH.2017.06.142"
cellulose,cellulose,industrial,,,,,,,,95.6,100,,,,,375,,,,laboratory,0.4,,,batch,,,no,,no,,yes,,,,,,no,,,,,3.81,64.2,,8.29,353,30300,0.17,,2270,,41.9,mesophilic,38,TKN (mg/kg) 3500,5670 - TOC [mg/kg],,,,,,,,,,,,,,"Koch, K., Lippert, T., Drewes, J.E., 2017. The role of inoculumÔÇÖs origin on the methane yield of different substrates in biochemical methane potential (BMP) tests. Bioresour. Technol. 243, 457ÔÇô463. doi:10.1016/J.BIORTECH.2017.06.142"
wastewater sludge,sewage sludge,municipal,,,,,,,,4.13,78.7,,,,,270,,,,laboratory,0.4,,,batch,,,no,,no,,yes,,,,,,no,,,,,2.2,62.2,,7.67,1030,18400,0.25,,1910,,25.4,mesophilic,38,TKN (mg/kg) 4330,4880 - TOC [mg/kg],,,,,,,,,,,,,,"Koch, K., Lippert, T., Drewes, J.E., 2017. The role of inoculumÔÇÖs origin on the methane yield of different substrates in biochemical methane potential (BMP) tests. Bioresour. Technol. 243, 457ÔÇô463. doi:10.1016/J.BIORTECH.2017.06.142"
wastewater sludge,sewage sludge,municipal,,,,,,,,4.13,78.7,,,,,268,,,,laboratory,0.4,,,batch,,,no,,no,,yes,,,,,,no,,,,,4.49,71.6,,7.78,763,25200,0.19,,1750,,50.5,mesophilic,38,TKN (mg/kg) 2060,5240- TOC [mg/kg],,,,,,,,,,,,,,"Koch, K., Lippert, T., Drewes, J.E., 2017. The role of inoculumÔÇÖs origin on the methane yield of different substrates in biochemical methane potential (BMP) tests. Bioresour. Technol. 243, 457ÔÇô463. doi:10.1016/J.BIORTECH.2017.06.142"
wastewater sludge,sewage sludge,municipal,,,,,,,,4.13,78.7,,,,,315,,,,laboratory,0.4,,,batch,,,no,,no,,yes,,,,,,no,,,,,3.81,64.2,,8.29,353,30300,0.17,,2270,,41.9,mesophilic,38,TKN (mg/kg) 3500,5670 - TOC [mg/kg],,,,,,,,,,,,,,"Koch, K., Lippert, T., Drewes, J.E., 2017. The role of inoculumÔÇÖs origin on the methane yield of different substrates in biochemical methane potential (BMP) tests. Bioresour. Technol. 243, 457ÔÇô463. doi:10.1016/J.BIORTECH.2017.06.142"
maize,maize,agricultural,,,,,,,,89.6,96,,,,,332,,,,laboratory,0.4,,,batch,,,no,,no,,yes,,,,,,no,,,,,2.2,62.2,,7.67,1030,18400,0.25,,1910,,25.4,mesophilic,38,TKN (mg/kg) 4330,4880 - TOC [mg/kg],,,,,,,,,,,,,,"Koch, K., Lippert, T., Drewes, J.E., 2017. The role of inoculumÔÇÖs origin on the methane yield of different substrates in biochemical methane potential (BMP) tests. Bioresour. Technol. 243, 457ÔÇô463. doi:10.1016/J.BIORTECH.2017.06.142"
maize,maize,agricultural,,,,,,,,89.6,96,,,,,340,,,,laboratory,0.4,,,batch,,,no,,no,,yes,,,,,,no,,,,,4.49,71.6,,7.78,763,25200,0.19,,1750,,50.5,mesophilic,38,TKN (mg/kg) 2060,5240- TOC [mg/kg],,,,,,,,,,,,,,"Koch, K., Lippert, T., Drewes, J.E., 2017. The role of inoculumÔÇÖs origin on the methane yield of different substrates in biochemical methane potential (BMP) tests. Bioresour. Technol. 243, 457ÔÇô463. doi:10.1016/J.BIORTECH.2017.06.142"
maize,maize,agricultural,,,,,,,,89.6,96,,,,,355,,,,laboratory,0.4,,,batch,,,no,,no,,yes,,,,,,no,,,,,3.81,64.2,,8.29,353,30300,0.17,,2270,,41.9,mesophilic,38,TKN (mg/kg) 3500,5670 - TOC [mg/kg],,,,,,,,,,,,,,"Koch, K., Lippert, T., Drewes, J.E., 2017. The role of inoculumÔÇÖs origin on the methane yield of different substrates in biochemical methane potential (BMP) tests. Bioresour. Technol. 243, 457ÔÇô463. doi:10.1016/J.BIORTECH.2017.06.142"
food waste,food waste,OFMSW,,,,,,,,90.6,91.4,,,,,457,,,,laboratory,0.4,,,batch,,,no,,no,,yes,,,,,,no,,,,,2.2,62.2,,7.67,1030,18400,0.25,,1910,,25.4,mesophilic,38,TKN (mg/kg) 4330,4880 - TOC [mg/kg],,,,,,,,,,,,,,"Koch, K., Lippert, T., Drewes, J.E., 2017. The role of inoculumÔÇÖs origin on the methane yield of different substrates in biochemical methane potential (BMP) tests. Bioresour. Technol. 243, 457ÔÇô463. doi:10.1016/J.BIORTECH.2017.06.142"
food waste,food waste,OFMSW,,,,,,,,90.6,91.4,,,,,445,,,,laboratory,0.4,,,batch,,,no,,no,,yes,,,,,,no,,,,,4.49,71.6,,7.78,763,25200,0.19,,1750,,50.5,mesophilic,38,TKN (mg/kg) 2060,5240- TOC [mg/kg],,,,,,,,,,,,,,"Koch, K., Lippert, T., Drewes, J.E., 2017. The role of inoculumÔÇÖs origin on the methane yield of different substrates in biochemical methane potential (BMP) tests. Bioresour. Technol. 243, 457ÔÇô463. doi:10.1016/J.BIORTECH.2017.06.142"
food waste,food waste,OFMSW,,,,,,,,90.6,91.4,,,,,460,,,,laboratory,0.4,,,batch,,,no,,no,,yes,,,,,,no,,,,,3.81,64.2,,8.29,353,30300,0.17,,2270,,41.9,mesophilic,38,TKN (mg/kg) 3500,5670 - TOC [mg/kg],,,,,,,,,,,,,,"Koch, K., Lippert, T., Drewes, J.E., 2017. The role of inoculumÔÇÖs origin on the methane yield of different substrates in biochemical methane potential (BMP) tests. Bioresour. Technol. 243, 457ÔÇô463. doi:10.1016/J.BIORTECH.2017.06.142"
cellulose,cellulose,industrial,,,,,,,,95.6,100,,,,,335,,,,laboratory,0.4,,,batch,,,no,,no,,yes,,,,,,no,,,,,2.2,62.2,,7.67,1030,18400,0.25,,1910,,25.4,mesophilic,38,TKN (mg/kg) 4330,4880 - TOC [mg/kg],,,,,,,,,,,,,,"Koch, K., Lippert, T., Drewes, J.E., 2017. The role of inoculumÔÇÖs origin on the methane yield of different substrates in biochemical methane potential (BMP) tests. Bioresour. Technol. 243, 457ÔÇô463. doi:10.1016/J.BIORTECH.2017.06.142"
cellulose,cellulose,industrial,,,,,,,,95.6,100,,,,,358,,,,laboratory,0.4,,,batch,,,no,,no,,yes,,,,,,no,,,,,4.49,71.6,,7.78,763,25200,0.19,,1750,,50.5,mesophilic,38,TKN (mg/kg) 2060,5240- TOC [mg/kg],,,,,,,,,,,,,,"Koch, K., Lippert, T., Drewes, J.E., 2017. The role of inoculumÔÇÖs origin on the methane yield of different substrates in biochemical methane potential (BMP) tests. Bioresour. Technol. 243, 457ÔÇô463. doi:10.1016/J.BIORTECH.2017.06.142"
cellulose,cellulose,industrial,,,,,,,,95.6,100,,,,,365,,,,laboratory,0.4,,,batch,,,no,,no,,yes,,,,,,no,,,,,3.81,64.2,,8.29,353,30300,0.17,,2270,,41.9,mesophilic,38,TKN (mg/kg) 3500,5670 - TOC [mg/kg],,,,,,,,,,,,,,"Koch, K., Lippert, T., Drewes, J.E., 2017. The role of inoculumÔÇÖs origin on the methane yield of different substrates in biochemical methane potential (BMP) tests. Bioresour. Technol. 243, 457ÔÇô463. doi:10.1016/J.BIORTECH.2017.06.142"
office paper,office paper,industrial,,,,,,,,94.9,79.8,,,,,340,,,,laboratory,0.25,,,batch,,,no,,,,yes,,,,,,yes,5,yes,,2,,,,,,,,,,,,mesophilic,35,,,,,,,,,,,,,,,,"Krause, M.J., Chickering, G.W., Townsend, T.G., Pullammanappallil, P., 2018. Effects of temperature and particle size on the biochemical methane potential of municipal solid waste components. Waste Manag. 71, 25ÔÇô30. doi:10.1016/J.WASMAN.2017.11.015"
office paper,office paper,industrial,,,,,,,,94.9,79.8,,,,,380,,,,laboratory,2,,,batch,,,no,,,,,,,,,,yes,5,yes,,100,,,,,,,,,,,,mesophilic,35,,,,,,,,,,,,,,,,"Krause, M.J., Chickering, G.W., Townsend, T.G., Pullammanappallil, P., 2018. Effects of temperature and particle size on the biochemical methane potential of municipal solid waste components. Waste Manag. 71, 25ÔÇô30. doi:10.1016/J.WASMAN.2017.11.015"
office paper,office paper,industrial,,,,,,,,94.9,79.8,,,,,370,,,,laboratory,0.25,,,batch,,,no,,,,,,,,,,yes,5,yes,,2,,,,,,,,,,,,thermophilic,55,,,,,,,,,,,,,,,,"Krause, M.J., Chickering, G.W., Townsend, T.G., Pullammanappallil, P., 2018. Effects of temperature and particle size on the biochemical methane potential of municipal solid waste components. Waste Manag. 71, 25ÔÇô30. doi:10.1016/J.WASMAN.2017.11.015"
office paper,office paper,industrial,,,,,,,,94.9,79.8,,,,,345,,,,laboratory,2,,,batch,,,no,,,,,,,,,,yes,5,yes,,100,,,,,,,,,,,,thermophilic,55,,,,,,,,,,,,,,,,"Krause, M.J., Chickering, G.W., Townsend, T.G., Pullammanappallil, P., 2018. Effects of temperature and particle size on the biochemical methane potential of municipal solid waste components. Waste Manag. 71, 25ÔÇô30. doi:10.1016/J.WASMAN.2017.11.015"
newspaper,newspaper,industrial,,,,,,,,92.4,95.3,,,,,45,,,,laboratory,0.25,,,,,,,,,,,,,,,,yes,5,yes,,2,,,,,,,,,,,,mesophilic,35,,,,,,,,,,,,,,,,"Krause, M.J., Chickering, G.W., Townsend, T.G., Pullammanappallil, P., 2018. Effects of temperature and particle size on the biochemical methane potential of municipal solid waste components. Waste Manag. 71, 25ÔÇô30. doi:10.1016/J.WASMAN.2017.11.015"
newspaper,newspaper,industrial,,,,,,,,92.4,95.3,,,,,62,,,,laboratory,2,,,,,,,,,,,,,,,,yes,5,yes,,100,,,,,,,,,,,,mesophilic,35,,,,,,,,,,,,,,,,"Krause, M.J., Chickering, G.W., Townsend, T.G., Pullammanappallil, P., 2018. Effects of temperature and particle size on the biochemical methane potential of municipal solid waste components. Waste Manag. 71, 25ÔÇô30. doi:10.1016/J.WASMAN.2017.11.015"
newspaper,newspaper,industrial,,,,,,,,92.4,95.3,,,,,70,,,,laboratory,0.25,,,,,,,,,,,,,,,,yes,5,yes,,2,,,,,,,,,,,,thermophilic,55,,,,,,,,,,,,,,,,"Krause, M.J., Chickering, G.W., Townsend, T.G., Pullammanappallil, P., 2018. Effects of temperature and particle size on the biochemical methane potential of municipal solid waste components. Waste Manag. 71, 25ÔÇô30. doi:10.1016/J.WASMAN.2017.11.015"
newspaper,newspaper,industrial,,,,,,,,92.4,95.3,,,,,60,,,,laboratory,2,,,,,,,,,,,,,,,,yes,5,yes,,100,,,,,,,,,,,,thermophilic,55,,,,,,,,,,,,,,,,"Krause, M.J., Chickering, G.W., Townsend, T.G., Pullammanappallil, P., 2018. Effects of temperature and particle size on the biochemical methane potential of municipal solid waste components. Waste Manag. 71, 25ÔÇô30. doi:10.1016/J.WASMAN.2017.11.015"
cardboard,cardboard,industrial,,,,,,,,95.2,98.5,,,,,220,,,,laboratory,0.25,,,,,,,,,,,,,,,,yes,5,yes,,2,,,,,,,,,,,,mesophilic,35,,,,,,,,,,,,,,,,"Krause, M.J., Chickering, G.W., Townsend, T.G., Pullammanappallil, P., 2018. Effects of temperature and particle size on the biochemical methane potential of municipal solid waste components. Waste Manag. 71, 25ÔÇô30. doi:10.1016/J.WASMAN.2017.11.015"
cardboard,cardboard,industrial,,,,,,,,95.2,98.5,,,,,275,,,,laboratory,2,,,,,,,,,,,,,,,,yes,5,yes,,100,,,,,,,,,,,,mesophilic,35,,,,,,,,,,,,,,,,"Krause, M.J., Chickering, G.W., Townsend, T.G., Pullammanappallil, P., 2018. Effects of temperature and particle size on the biochemical methane potential of municipal solid waste components. Waste Manag. 71, 25ÔÇô30. doi:10.1016/J.WASMAN.2017.11.015"
cardboard,cardboard,industrial,,,,,,,,95.2,98.5,,,,,190,,,,laboratory,0.25,,,,,,,,,,,,,,,,yes,5,yes,,2,,,,,,,,,,,,thermophilic,55,,,,,,,,,,,,,,,,"Krause, M.J., Chickering, G.W., Townsend, T.G., Pullammanappallil, P., 2018. Effects of temperature and particle size on the biochemical methane potential of municipal solid waste components. Waste Manag. 71, 25ÔÇô30. doi:10.1016/J.WASMAN.2017.11.015"
cardboard,cardboard,industrial,,,,,,,,95.2,98.5,,,,,172,,,,laboratory,2,,,,,,,,,,,,,,,,yes,5,yes,,100,,,,,,,,,,,,thermophilic,55,,,,,,,,,,,,,,,,"Krause, M.J., Chickering, G.W., Townsend, T.G., Pullammanappallil, P., 2018. Effects of temperature and particle size on the biochemical methane potential of municipal solid waste components. Waste Manag. 71, 25ÔÇô30. doi:10.1016/J.WASMAN.2017.11.015"
paperboard,paperboard,industrial,,,,,,,,92.8,94,,,,,240,,,,laboratory,0.25,,,,,,,,,,,,,,,,yes,5,yes,,2,,,,,,,,,,,,mesophilic,35,,,,,,,,,,,,,,,,"Krause, M.J., Chickering, G.W., Townsend, T.G., Pullammanappallil, P., 2018. Effects of temperature and particle size on the biochemical methane potential of municipal solid waste components. Waste Manag. 71, 25ÔÇô30. doi:10.1016/J.WASMAN.2017.11.015"
paperboard,paperboard,industrial,,,,,,,,92.8,94,,,,,275,,,,laboratory,2,,,,,,,,,,,,,,,,yes,5,yes,,100,,,,,,,,,,,,mesophilic,35,,,,,,,,,,,,,,,,"Krause, M.J., Chickering, G.W., Townsend, T.G., Pullammanappallil, P., 2018. Effects of temperature and particle size on the biochemical methane potential of municipal solid waste components. Waste Manag. 71, 25ÔÇô30. doi:10.1016/J.WASMAN.2017.11.015"
paperboard,paperboard,industrial,,,,,,,,92.8,94,,,,,255,,,,laboratory,0.25,,,,,,,,,,,,,,,,yes,5,yes,,2,,,,,,,,,,,,thermophilic,55,,,,,,,,,,,,,,,,"Krause, M.J., Chickering, G.W., Townsend, T.G., Pullammanappallil, P., 2018. Effects of temperature and particle size on the biochemical methane potential of municipal solid waste components. Waste Manag. 71, 25ÔÇô30. doi:10.1016/J.WASMAN.2017.11.015"
paperboard,paperboard,industrial,,,,,,,,92.8,94,,,,,235,,,,laboratory,2,,,,,,,,,,,,,,,,yes,5,yes,,100,,,,,,,,,,,,thermophilic,55,,,,,,,,,,,,,,,,"Krause, M.J., Chickering, G.W., Townsend, T.G., Pullammanappallil, P., 2018. Effects of temperature and particle size on the biochemical methane potential of municipal solid waste components. Waste Manag. 71, 25ÔÇô30. doi:10.1016/J.WASMAN.2017.11.015"
magazine,magazine,industrial,,,,,,,,94.7,73.5,,,,,195,,,,,,,,,,,,,,,,,,,,,yes,5,yes,,2,,,,,,,,,,,,mesophilic,35,,,,,,,,,,,,,,,,"Krause, M.J., Chickering, G.W., Townsend, T.G., Pullammanappallil, P., 2018. Effects of temperature and particle size on the biochemical methane potential of municipal solid waste components. Waste Manag. 71, 25ÔÇô30. doi:10.1016/J.WASMAN.2017.11.015"
magazine,magazine,industrial,,,,,,,,94.7,73.5,,,,,205,,,,,,,,,,,,,,,,,,,,,yes,5,yes,,100,,,,,,,,,,,,mesophilic,35,,,,,,,,,,,,,,,,"Krause, M.J., Chickering, G.W., Townsend, T.G., Pullammanappallil, P., 2018. Effects of temperature and particle size on the biochemical methane potential of municipal solid waste components. Waste Manag. 71, 25ÔÇô30. doi:10.1016/J.WASMAN.2017.11.015"
magazine,magazine,industrial,,,,,,,,94.7,73.5,,,,,230,,,,,,,,,,,,,,,,,,,,,yes,5,yes,,2,,,,,,,,,,,,thermophilic,55,,,,,,,,,,,,,,,,"Krause, M.J., Chickering, G.W., Townsend, T.G., Pullammanappallil, P., 2018. Effects of temperature and particle size on the biochemical methane potential of municipal solid waste components. Waste Manag. 71, 25ÔÇô30. doi:10.1016/J.WASMAN.2017.11.015"
magazine,magazine,industrial,,,,,,,,94.7,73.5,,,,,207,,,,,,,,,,,,,,,,,,,,,yes,5,yes,,100,,,,,,,,,,,,thermophilic,55,,,,,,,,,,,,,,,,"Krause, M.J., Chickering, G.W., Townsend, T.G., Pullammanappallil, P., 2018. Effects of temperature and particle size on the biochemical methane potential of municipal solid waste components. Waste Manag. 71, 25ÔÇô30. doi:10.1016/J.WASMAN.2017.11.015"
hardwood,hardwood,industrial,,,,,,,,92.7,85.8,,,,,270,,,,,,,,,,,,,,,,,,,,,yes,5,yes,,2,,,,,,,,,,,,mesophilic,35,,,,,,,,,,,,,,,,"Krause, M.J., Chickering, G.W., Townsend, T.G., Pullammanappallil, P., 2018. Effects of temperature and particle size on the biochemical methane potential of municipal solid waste components. Waste Manag. 71, 25ÔÇô30. doi:10.1016/J.WASMAN.2017.11.015"
hardwood,hardwood,industrial,,,,,,,,92.7,85.8,,,,,45,,,,,,,,,,,,,,,,,,,,,yes,5,yes,,100,,,,,,,,,,,,mesophilic,35,,,,,,,,,,,,,,,,"Krause, M.J., Chickering, G.W., Townsend, T.G., Pullammanappallil, P., 2018. Effects of temperature and particle size on the biochemical methane potential of municipal solid waste components. Waste Manag. 71, 25ÔÇô30. doi:10.1016/J.WASMAN.2017.11.015"
hardwood,hardwood,industrial,,,,,,,,92.7,85.8,,,,,170,,,,,,,,,,,,,,,,,,,,,yes,5,yes,,2,,,,,,,,,,,,thermophilic,55,,,,,,,,,,,,,,,,"Krause, M.J., Chickering, G.W., Townsend, T.G., Pullammanappallil, P., 2018. Effects of temperature and particle size on the biochemical methane potential of municipal solid waste components. Waste Manag. 71, 25ÔÇô30. doi:10.1016/J.WASMAN.2017.11.015"
hardwood,hardwood,industrial,,,,,,,,92.7,85.8,,,,,49,,,,,,,,,,,,,,,,,,,,,yes,5,yes,,100,,,,,,,,,,,,thermophilic,55,,,,,,,,,,,,,,,,"Krause, M.J., Chickering, G.W., Townsend, T.G., Pullammanappallil, P., 2018. Effects of temperature and particle size on the biochemical methane potential of municipal solid waste components. Waste Manag. 71, 25ÔÇô30. doi:10.1016/J.WASMAN.2017.11.015"
softwood,softwood,industrial,,,,,,,,88.8,98.8,,,,,55,,,,,,,,,,,,,,,,,,,,,yes,5,yes,,2,,,,,,,,,,,,mesophilic,35,,,,,,,,,,,,,,,,"Krause, M.J., Chickering, G.W., Townsend, T.G., Pullammanappallil, P., 2018. Effects of temperature and particle size on the biochemical methane potential of municipal solid waste components. Waste Manag. 71, 25ÔÇô30. doi:10.1016/J.WASMAN.2017.11.015"
softwood,softwood,industrial,,,,,,,,88.8,98.8,,,,,35,,,,,,,,,,,,,,,,,,,,,yes,5,yes,,100,,,,,,,,,,,,mesophilic,35,,,,,,,,,,,,,,,,"Krause, M.J., Chickering, G.W., Townsend, T.G., Pullammanappallil, P., 2018. Effects of temperature and particle size on the biochemical methane potential of municipal solid waste components. Waste Manag. 71, 25ÔÇô30. doi:10.1016/J.WASMAN.2017.11.015"
softwood,softwood,industrial,,,,,,,,88.8,98.8,,,,,47,,,,,,,,,,,,,,,,,,,,,yes,5,yes,,2,,,,,,,,,,,,thermophilic,55,,,,,,,,,,,,,,,,"Krause, M.J., Chickering, G.W., Townsend, T.G., Pullammanappallil, P., 2018. Effects of temperature and particle size on the biochemical methane potential of municipal solid waste components. Waste Manag. 71, 25ÔÇô30. doi:10.1016/J.WASMAN.2017.11.015"
softwood,softwood,industrial,,,,,,,,88.8,98.8,,,,,37,,,,,,,,,,,,,,,,,,,,,yes,5,yes,,100,,,,,,,,,,,,thermophilic,55,,,,,,,,,,,,,,,,"Krause, M.J., Chickering, G.W., Townsend, T.G., Pullammanappallil, P., 2018. Effects of temperature and particle size on the biochemical methane potential of municipal solid waste components. Waste Manag. 71, 25ÔÇô30. doi:10.1016/J.WASMAN.2017.11.015"
cotton,cotton,industrial,,,,,,,,95.6,99.1,,,,,180,,,,,,,,,,,,,,,,,,,,,yes,5,yes,,2,,,,,,,,,,,,mesophilic,35,,,,,,,,,,,,,,,,"Krause, M.J., Chickering, G.W., Townsend, T.G., Pullammanappallil, P., 2018. Effects of temperature and particle size on the biochemical methane potential of municipal solid waste components. Waste Manag. 71, 25ÔÇô30. doi:10.1016/J.WASMAN.2017.11.015"
cotton,cotton,industrial,,,,,,,,95.6,99.1,,,,,110,,,,,,,,,,,,,,,,,,,,,yes,5,yes,,100,,,,,,,,,,,,mesophilic,35,,,,,,,,,,,,,,,,"Krause, M.J., Chickering, G.W., Townsend, T.G., Pullammanappallil, P., 2018. Effects of temperature and particle size on the biochemical methane potential of municipal solid waste components. Waste Manag. 71, 25ÔÇô30. doi:10.1016/J.WASMAN.2017.11.015"
cotton,cotton,industrial,,,,,,,,95.6,99.1,,,,,220,,,,,,,,,,,,,,,,,,,,,yes,5,yes,,2,,,,,,,,,,,,thermophilic,55,,,,,,,,,,,,,,,,"Krause, M.J., Chickering, G.W., Townsend, T.G., Pullammanappallil, P., 2018. Effects of temperature and particle size on the biochemical methane potential of municipal solid waste components. Waste Manag. 71, 25ÔÇô30. doi:10.1016/J.WASMAN.2017.11.015"
cotton,cotton,industrial,,,,,,,,95.6,99.1,,,,,156,,,,,,,,,,,,,,,,,,,,,yes,5,yes,,100,,,,,,,,,,,,thermophilic,55,,,,,,,,,,,,,,,,"Krause, M.J., Chickering, G.W., Townsend, T.G., Pullammanappallil, P., 2018. Effects of temperature and particle size on the biochemical methane potential of municipal solid waste components. Waste Manag. 71, 25ÔÇô30. doi:10.1016/J.WASMAN.2017.11.015"
cellulose,cellulose,industrial,,,,,,,,96.1,99.4,,,,,330,,,,,,,,,,,,,,,,,,,,,yes,5,yes,,2,,,,,,,,,,,,mesophilic,35,,,,,,,,,,,,,,,,"Krause, M.J., Chickering, G.W., Townsend, T.G., Pullammanappallil, P., 2018. Effects of temperature and particle size on the biochemical methane potential of municipal solid waste components. Waste Manag. 71, 25ÔÇô30. doi:10.1016/J.WASMAN.2017.11.015"
cellulose,cellulose,industrial,,,,,,,,96.1,99.4,,,,,365,,,,,,,,,,,,,,,,,,,,,yes,5,yes,,100,,,,,,,,,,,,mesophilic,35,,,,,,,,,,,,,,,,"Krause, M.J., Chickering, G.W., Townsend, T.G., Pullammanappallil, P., 2018. Effects of temperature and particle size on the biochemical methane potential of municipal solid waste components. Waste Manag. 71, 25ÔÇô30. doi:10.1016/J.WASMAN.2017.11.015"
cellulose,cellulose,industrial,,,,,,,,96.1,99.4,,,,,340,,,,,,,,,,,,,,,,,,,,,yes,5,yes,,2,,,,,,,,,,,,thermophilic,55,,,,,,,,,,,,,,,,"Krause, M.J., Chickering, G.W., Townsend, T.G., Pullammanappallil, P., 2018. Effects of temperature and particle size on the biochemical methane potential of municipal solid waste components. Waste Manag. 71, 25ÔÇô30. doi:10.1016/J.WASMAN.2017.11.015"
cellulose,cellulose,industrial,,,,,,,,96.1,99.4,,,,,350,,,,,,,,,,,,,,,,,,,,,yes,5,yes,,100,,,,,,,,,,,,thermophilic,55,,,,,,,,,,,,,,,,"Krause, M.J., Chickering, G.W., Townsend, T.G., Pullammanappallil, P., 2018. Effects of temperature and particle size on the biochemical methane potential of municipal solid waste components. Waste Manag. 71, 25ÔÇô30. doi:10.1016/J.WASMAN.2017.11.015"
peach,peach,agricultural,,,,,,,,,,,,,,334,,,,laboratory,6,,,batch,,,,,,,,,,,,,,,,,,,,,,,,,,,,,mesophilic,35,,,,,,,,,,,,,,TS (g/g)= 0.108,VS(g/g)=0.104,"Kouas, M., Torrijos, M., Sousbie, P., Steyer, J.-P., Sayadi, S., Harmand, J., 2017. Robust assessment of both biochemical methane potential and degradation kinetics of solid residues in successive batches. Waste Manag. 70, 59ÔÇô70. doi:10.1016/J.WASMAN.2017.09.001"
grape,grape,agricultural,,,,,,,,,,,,,,316,,,,laboratory,6,,,batch,,,,,,,,,,,,,,,,,,,,,,,,,,,,,mesophilic,35,,,,,,,,,,,,,,TS (g/g)=0.206,VS(g/g)=0.201,"Kouas, M., Torrijos, M., Sousbie, P., Steyer, J.-P., Sayadi, S., Harmand, J., 2017. Robust assessment of both biochemical methane potential and degradation kinetics of solid residues in successive batches. Waste Manag. 70, 59ÔÇô70. doi:10.1016/J.WASMAN.2017.09.001"
apple,apple,agricultural,,,,,,,,,,,,,,355,,,,laboratory,6,,,batch,,,,,,,,,,,,,,,,,,,,,,,,,,,,,mesophilic,35,,,,,,,,,,,,,,TS (g/g)=0.136,VS(g/g)=0.127,"Kouas, M., Torrijos, M., Sousbie, P., Steyer, J.-P., Sayadi, S., Harmand, J., 2017. Robust assessment of both biochemical methane potential and degradation kinetics of solid residues in successive batches. Waste Manag. 70, 59ÔÇô70. doi:10.1016/J.WASMAN.2017.09.001"
orange,orange,agricultural,,,,,,,,,,,,,,320,,,,laboratory,6,,,batch,,,,,,,,,,,,,,,,,,,,,,,,,,,,,mesophilic,35,,,,,,,,,,,,,,TS (g/g)=0.146,VS(g/g)=0.141,"Kouas, M., Torrijos, M., Sousbie, P., Steyer, J.-P., Sayadi, S., Harmand, J., 2017. Robust assessment of both biochemical methane potential and degradation kinetics of solid residues in successive batches. Waste Manag. 70, 59ÔÇô70. doi:10.1016/J.WASMAN.2017.09.001"
mango,mango,agricultural,,,,,,,,,,,,,,306,,,,laboratory,6,,,batch,,,,,,,,,,,,,,,,,,,,,,,,,,,,,mesophilic,35,,,,,,,,,,,,,,TS (g/g)=0.137,VS(g/g)=0.133,"Kouas, M., Torrijos, M., Sousbie, P., Steyer, J.-P., Sayadi, S., Harmand, J., 2017. Robust assessment of both biochemical methane potential and degradation kinetics of solid residues in successive batches. Waste Manag. 70, 59ÔÇô70. doi:10.1016/J.WASMAN.2017.09.001"
banana,banana,agricultural,,,,,,,,,,,,,,361,,,,laboratory,6,,,batch,,,,,,,,,,,,,,,,,,,,,,,,,,,,,mesophilic,35,,,,,,,,,,,,,,TS (g/g)=0.18,VS(g/g)=0.17,"Kouas, M., Torrijos, M., Sousbie, P., Steyer, J.-P., Sayadi, S., Harmand, J., 2017. Robust assessment of both biochemical methane potential and degradation kinetics of solid residues in successive batches. Waste Manag. 70, 59ÔÇô70. doi:10.1016/J.WASMAN.2017.09.001"
pineapple,pineapple,agricultural,,,,,,,,,,,,,,232,,,,laboratory,6,,,batch,,,,,,,,,,,,,,,,,,,,,,,,,,,,,mesophilic,35,,,,,,,,,,,,,,TS (g/g)=0.128,VS(g/g)=0.124,"Kouas, M., Torrijos, M., Sousbie, P., Steyer, J.-P., Sayadi, S., Harmand, J., 2017. Robust assessment of both biochemical methane potential and degradation kinetics of solid residues in successive batches. Waste Manag. 70, 59ÔÇô70. doi:10.1016/J.WASMAN.2017.09.001"
green cabbage,green cabbage,agricultural,,,,,,,,,,,,,,305,,,,laboratory,6,,,batch,,,,,,,,,,,,,,,,,,,,,,,,,,,,,mesophilic,35,,,,,,,,,,,,,,TS (g/g)=0.1,VS(g/g)=0.092,"Kouas, M., Torrijos, M., Sousbie, P., Steyer, J.-P., Sayadi, S., Harmand, J., 2017. Robust assessment of both biochemical methane potential and degradation kinetics of solid residues in successive batches. Waste Manag. 70, 59ÔÇô70. doi:10.1016/J.WASMAN.2017.09.001"
potato,potato,agricultural,,,,,,,,,,,,,,289,,,,laboratory,6,,,batch,,,,,,,,,,,,,,,,,,,,,,,,,,,,,mesophilic,35,,,,,,,,,,,,,,TS (g/g)=0.205,VS(g/g)=0.196,"Kouas, M., Torrijos, M., Sousbie, P., Steyer, J.-P., Sayadi, S., Harmand, J., 2017. Robust assessment of both biochemical methane potential and degradation kinetics of solid residues in successive batches. Waste Manag. 70, 59ÔÇô70. doi:10.1016/J.WASMAN.2017.09.001"
carrot,carrot,agricultural,,,,,,,,,,,,,,309,,,,laboratory,6,,,batch,,,,,,,,,,,,,,,,,,,,,,,,,,,,,mesophilic,35,,,,,,,,,,,,,,TS (g/g)=0.128,VS(g/g)=0.112,"Kouas, M., Torrijos, M., Sousbie, P., Steyer, J.-P., Sayadi, S., Harmand, J., 2017. Robust assessment of both biochemical methane potential and degradation kinetics of solid residues in successive batches. Waste Manag. 70, 59ÔÇô70. doi:10.1016/J.WASMAN.2017.09.001"
lettuce,lettuce,agricultural,,,,,,,,,,,,,,246,,,,laboratory,6,,,batch,,,,,,,,,,,,,,,,,,,,,,,,,,,,,mesophilic,35,,,,,,,,,,,,,,TS (g/g)=0.043,VS(g/g)=0.033,"Kouas, M., Torrijos, M., Sousbie, P., Steyer, J.-P., Sayadi, S., Harmand, J., 2017. Robust assessment of both biochemical methane potential and degradation kinetics of solid residues in successive batches. Waste Manag. 70, 59ÔÇô70. doi:10.1016/J.WASMAN.2017.09.001"
tomato,tomato,agricultural,,,,,,,,,,,,,,347,,,,laboratory,6,,,batch,,,,,,,,,,,,,,,,,,,,,,,,,,,,,mesophilic,35,,,,,,,,,,,,,,TS (g/g)=0.056,VS(g/g)=0.051,"Kouas, M., Torrijos, M., Sousbie, P., Steyer, J.-P., Sayadi, S., Harmand, J., 2017. Robust assessment of both biochemical methane potential and degradation kinetics of solid residues in successive batches. Waste Manag. 70, 59ÔÇô70. doi:10.1016/J.WASMAN.2017.09.001"
tomato,tomato,agricultural,,,,,,,,,,,,,,373,,,,laboratory,6,,,batch,,,,,,,,,,,,,,,,,,,,,,,,,,,,,mesophilic,35,,,,,,,,,,,,,,TS (g/g)=0.047,VS(g/g)=0.042,"Kouas, M., Torrijos, M., Sousbie, P., Steyer, J.-P., Sayadi, S., Harmand, J., 2017. Robust assessment of both biochemical methane potential and degradation kinetics of solid residues in successive batches. Waste Manag. 70, 59ÔÇô70. doi:10.1016/J.WASMAN.2017.09.001"
cauliflower,cauliflower,agricultural,,,,,,,,,,,,,,299,,,,laboratory,6,,,batch,,,,,,,,,,,,,,,,,,,,,,,,,,,,,mesophilic,35,,,,,,,,,,,,,,TS (g/g)=0.08,VS(g/g)=0.072,"Kouas, M., Torrijos, M., Sousbie, P., Steyer, J.-P., Sayadi, S., Harmand, J., 2017. Robust assessment of both biochemical methane potential and degradation kinetics of solid residues in successive batches. Waste Manag. 70, 59ÔÇô70. doi:10.1016/J.WASMAN.2017.09.001"
zucchini,zucchini,agricultural,,,,,,,,,,,,,,344,,,,laboratory,6,,,batch,,,,,,,,,,,,,,,,,,,,,,,,,,,,,mesophilic,35,,,,,,,,,,,,,,TS (g/g)=0.056,VS(g/g)=0.051,"Kouas, M., Torrijos, M., Sousbie, P., Steyer, J.-P., Sayadi, S., Harmand, J., 2017. Robust assessment of both biochemical methane potential and degradation kinetics of solid residues in successive batches. Waste Manag. 70, 59ÔÇô70. doi:10.1016/J.WASMAN.2017.09.001"
chayote,chayote,agricultural,,,,,,,,,,,,,,367,,,,laboratory,6,,,batch,,,,,,,,,,,,,,,,,,,,,,,,,,,,,mesophilic,35,,,,,,,,,,,,,,TS (g/g)=0.07,VS(g/g)=0.066,"Kouas, M., Torrijos, M., Sousbie, P., Steyer, J.-P., Sayadi, S., Harmand, J., 2017. Robust assessment of both biochemical methane potential and degradation kinetics of solid residues in successive batches. Waste Manag. 70, 59ÔÇô70. doi:10.1016/J.WASMAN.2017.09.001"
napier grass,napier grass,agricultural,,,,,,,,,,,,,,255,,,,laboratory,6,,,batch,,,,,,,,,,,,,,,,,,,,,,,,,,,,,mesophilic,35,,,,,,,,,,,,,,TS (g/g)=0.13,VS(g/g)=0.112,"Kouas, M., Torrijos, M., Sousbie, P., Steyer, J.-P., Sayadi, S., Harmand, J., 2017. Robust assessment of both biochemical methane potential and degradation kinetics of solid residues in successive batches. Waste Manag. 70, 59ÔÇô70. doi:10.1016/J.WASMAN.2017.09.001"
wheat straw,wheat straw,agricultural,,,,,,,,,,,,,,201,,,,laboratory,6,,,batch,,,,,,,,,,,,,,,,,,,,,,,,,,,,,mesophilic,35,,,,,,,,,,,,,,TS (g/g)=0.911,VS(g/g)=0.865,"Kouas, M., Torrijos, M., Sousbie, P., Steyer, J.-P., Sayadi, S., Harmand, J., 2017. Robust assessment of both biochemical methane potential and degradation kinetics of solid residues in successive batches. Waste Manag. 70, 59ÔÇô70. doi:10.1016/J.WASMAN.2017.09.001"
Grape marcs,Grape marcs,agricultural,,,,,,,,,,,,,,208,,,,laboratory,6,,,batch,,,,,,,,,,,,,,,,,,,,,,,,,,,,,mesophilic,35,,,,,,,,,,,,,,TS (g/g)=0.349,VS(g/g)=0.325,"Kouas, M., Torrijos, M., Sousbie, P., Steyer, J.-P., Sayadi, S., Harmand, J., 2017. Robust assessment of both biochemical methane potential and degradation kinetics of solid residues in successive batches. Waste Manag. 70, 59ÔÇô70. doi:10.1016/J.WASMAN.2017.09.001"
sunflower meal,sunflower meal,agricultural,,,,,,,,,,,,,,197,,,,laboratory,6,,,batch,,,,,,,,,,,,,,,,,,,,,,,,,,,,,mesophilic,35,,,,,,,,,,,,,,TS (g/g)=0.89,VS(g/g)=0.83,"Kouas, M., Torrijos, M., Sousbie, P., Steyer, J.-P., Sayadi, S., Harmand, J., 2017. Robust assessment of both biochemical methane potential and degradation kinetics of solid residues in successive batches. Waste Manag. 70, 59ÔÇô70. doi:10.1016/J.WASMAN.2017.09.001"
rape meal,rape meal,agricultural,,,,,,,,,,,,,,239,,,,laboratory,6,,,batch,,,,,,,,,,,,,,,,,,,,,,,,,,,,,mesophilic,35,,,,,,,,,,,,,,TS (g/g)=0.879,VS(g/g)=0.804,"Kouas, M., Torrijos, M., Sousbie, P., Steyer, J.-P., Sayadi, S., Harmand, J., 2017. Robust assessment of both biochemical methane potential and degradation kinetics of solid residues in successive batches. Waste Manag. 70, 59ÔÇô70. doi:10.1016/J.WASMAN.2017.09.001"
beet pulp,beet pulp,agricultural,,,,,,,,,,,,,,285,,,,laboratory,6,,,batch,,,,,,,,,,,,,,,,,,,,,,,,,,,,,mesophilic,35,,,,,,,,,,,,,,TS (g/g)=0.264,VS(g/g)=0.237,"Kouas, M., Torrijos, M., Sousbie, P., Steyer, J.-P., Sayadi, S., Harmand, J., 2017. Robust assessment of both biochemical methane potential and degradation kinetics of solid residues in successive batches. Waste Manag. 70, 59ÔÇô70. doi:10.1016/J.WASMAN.2017.09.001"
cooked pasta,pasta,municipal,,,,,,,,,,,,,,293,,,,laboratory,6,,,batch,,,,,,,,,,,,,,,,,,,,,,,,,,,,,mesophilic,35,,,,,,,,,,,,,,TS (g/g)=0.309,VS(g/g)=0.304,"Kouas, M., Torrijos, M., Sousbie, P., Steyer, J.-P., Sayadi, S., Harmand, J., 2017. Robust assessment of both biochemical methane potential and degradation kinetics of solid residues in successive batches. Waste Manag. 70, 59ÔÇô70. doi:10.1016/J.WASMAN.2017.09.001"
cooked rice,rice,municipal,,,,,,,,,,,,,,372,,,,laboratory,6,,,batch,,,,,,,,,,,,,,,,,,,,,,,,,,,,,mesophilic,35,,,,,,,,,,,,,,TS (g/g)=0.445,VS(g/g)=0.439,"Kouas, M., Torrijos, M., Sousbie, P., Steyer, J.-P., Sayadi, S., Harmand, J., 2017. Robust assessment of both biochemical methane potential and degradation kinetics of solid residues in successive batches. Waste Manag. 70, 59ÔÇô70. doi:10.1016/J.WASMAN.2017.09.001"
french bread,bread,municipal,,,,,,,,,,,,,,295,,,,laboratory,6,,,batch,,,,,,,,,,,,,,,,,,,,,,,,,,,,,mesophilic,35,,,,,,,,,,,,,,TS (g/g)=0.886,VS(g/g)=0.861,"Kouas, M., Torrijos, M., Sousbie, P., Steyer, J.-P., Sayadi, S., Harmand, J., 2017. Robust assessment of both biochemical methane potential and degradation kinetics of solid residues in successive batches. Waste Manag. 70, 59ÔÇô70. doi:10.1016/J.WASMAN.2017.09.001"
ground beef,beef,municipal,,,,,,,,,,,,,,340,,,,laboratory,6,,,batch,,,,,,,,,,,,,,,,,,,,,,,,,,,,,mesophilic,35,,,,,,,,,,,,,,TS (g/g)=0.261,VS(g/g)=0.251,"Kouas, M., Torrijos, M., Sousbie, P., Steyer, J.-P., Sayadi, S., Harmand, J., 2017. Robust assessment of both biochemical methane potential and degradation kinetics of solid residues in successive batches. Waste Manag. 70, 59ÔÇô70. doi:10.1016/J.WASMAN.2017.09.001"
coalfish,coalfish,municipal,,,,,,,,,,,,,,416,,,,laboratory,6,,,batch,,,,,,,,,,,,,,,,,,,,,,,,,,,,,mesophilic,35,,,,,,,,,,,,,,TS (g/g)=0.182,VS(g/g)=0.17,"Kouas, M., Torrijos, M., Sousbie, P., Steyer, J.-P., Sayadi, S., Harmand, J., 2017. Robust assessment of both biochemical methane potential and degradation kinetics of solid residues in successive batches. Waste Manag. 70, 59ÔÇô70. doi:10.1016/J.WASMAN.2017.09.001"
pork fat,fat,industrial,,,,,,,,,,,,,,656,,,,laboratory,6,,,batch,,,,,,,,,,,,,,,,,,,,,,,,,,,,,mesophilic,35,,,,,,,,,,,,,,TS (g/g)=0.863,VS(g/g)=0.86,"Kouas, M., Torrijos, M., Sousbie, P., Steyer, J.-P., Sayadi, S., Harmand, J., 2017. Robust assessment of both biochemical methane potential and degradation kinetics of solid residues in successive batches. Waste Manag. 70, 59ÔÇô70. doi:10.1016/J.WASMAN.2017.09.001"
cattle manure,manure,agricultural,,,,,,,,,,,,,,177,,,,laboratory,6,,,batch,,,,,,,,,,,,,,,,,,,,,,,,,,,,,mesophilic,35,,,,,,,,,,,,,,TS (g/g)=0.307,VS(g/g)=0.26,"Kouas, M., Torrijos, M., Sousbie, P., Steyer, J.-P., Sayadi, S., Harmand, J., 2017. Robust assessment of both biochemical methane potential and degradation kinetics of solid residues in successive batches. Waste Manag. 70, 59ÔÇô70. doi:10.1016/J.WASMAN.2017.09.001"
cattle manure,manure,agricultural,,,,,,,,,,,,,,70,,,,laboratory,6,,,batch,,,,,,,,,,,,,,,,,,,,,,,,,,,,,mesophilic,35,,,,,,,,,,,,,,TS (g/g)=0.241,VS(g/g)=0.18,"Kouas, M., Torrijos, M., Sousbie, P., Steyer, J.-P., Sayadi, S., Harmand, J., 2017. Robust assessment of both biochemical methane potential and degradation kinetics of solid residues in successive batches. Waste Manag. 70, 59ÔÇô70. doi:10.1016/J.WASMAN.2017.09.001"
cattle manure,manure,agricultural,,,,,,,,,,,,,,212,,,,laboratory,6,,,batch,,,,,,,,,,,,,,,,,,,,,,,,,,,,,mesophilic,35,,,,,,,,,,,,,,TS (g/g)=0.235,VS(g/g)=0.206,"Kouas, M., Torrijos, M., Sousbie, P., Steyer, J.-P., Sayadi, S., Harmand, J., 2017. Robust assessment of both biochemical methane potential and degradation kinetics of solid residues in successive batches. Waste Manag. 70, 59ÔÇô70. doi:10.1016/J.WASMAN.2017.09.001"
chicken manure,manure,agricultural,,,,,,,,,,,,,,286,,,,laboratory,6,,,batch,,,,,,,,,,,,,,,,,,,,,,,,,,,,,mesophilic,35,,,,,,,,,,,,,,TS (g/g)=0.209,VS(g/g)=0.163,"Kouas, M., Torrijos, M., Sousbie, P., Steyer, J.-P., Sayadi, S., Harmand, J., 2017. Robust assessment of both biochemical methane potential and degradation kinetics of solid residues in successive batches. Waste Manag. 70, 59ÔÇô70. doi:10.1016/J.WASMAN.2017.09.001"
pig manure,manure,agricultural,,,,,,,,,,,,,,106,,,,laboratory,6,,,batch,,,,,,,,,,,,,,,,,,,,,,,,,,,,,mesophilic,35,,,,,,,,,,,,,,TS (g/g)=0.04,VS(g/g)=0.023,"Kouas, M., Torrijos, M., Sousbie, P., Steyer, J.-P., Sayadi, S., Harmand, J., 2017. Robust assessment of both biochemical methane potential and degradation kinetics of solid residues in successive batches. Waste Manag. 70, 59ÔÇô70. doi:10.1016/J.WASMAN.2017.09.001"
rape seed oil,oil,agricultural,,,,,,,,,,,,,,540,,,,laboratory,6,,,batch,,,,,,,,,,,,,,,,,,,,,,,,,,,,,mesophilic,35,,,,,,,,,,,,,,TS (g/g)=0.53,VS(g/g)=0.49,"Kouas, M., Torrijos, M., Sousbie, P., Steyer, J.-P., Sayadi, S., Harmand, J., 2017. Robust assessment of both biochemical methane potential and degradation kinetics of solid residues in successive batches. Waste Manag. 70, 59ÔÇô70. doi:10.1016/J.WASMAN.2017.09.001"
sunflower oil,oil,agricultural,,,,,,,,,,,,,,611,,,,laboratory,6,,,batch,,,,,,,,,,,,,,,,,,,,,,,,,,,,,mesophilic,35,,,,,,,,,,,,,,TS (g/g)=0.94,VS(g/g)=0.89,"Kouas, M., Torrijos, M., Sousbie, P., Steyer, J.-P., Sayadi, S., Harmand, J., 2017. Robust assessment of both biochemical methane potential and degradation kinetics of solid residues in successive batches. Waste Manag. 70, 59ÔÇô70. doi:10.1016/J.WASMAN.2017.09.001"
used winterization aerth (sunflower oil),oil,industrial,,,,,,,,,,,,,,664,,,,laboratory,6,,,batch,,,,,,,,,,,,,,,,,,,,,,,,,,,,,mesophilic,35,,,,,,,,,,,,,,TS (g/g)=0.89,VS(g/g)=0.55,"Kouas, M., Torrijos, M., Sousbie, P., Steyer, J.-P., Sayadi, S., Harmand, J., 2017. Robust assessment of both biochemical methane potential and degradation kinetics of solid residues in successive batches. Waste Manag. 70, 59ÔÇô70. doi:10.1016/J.WASMAN.2017.09.001"
sopastock (sunflower oil),oil,industrial,,,,,,,,,,,,,,705,,,,laboratory,6,,,batch,,,,,,,,,,,,,,,,,,,,,,,,,,,,,mesophilic,35,,,,,,,,,,,,,,TS (g/g)=0.525,VS(g/g)=0.44,"Kouas, M., Torrijos, M., Sousbie, P., Steyer, J.-P., Sayadi, S., Harmand, J., 2017. Robust assessment of both biochemical methane potential and degradation kinetics of solid residues in successive batches. Waste Manag. 70, 59ÔÇô70. doi:10.1016/J.WASMAN.2017.09.001"
sopastock (rape seed oil),oil,industrial,,,,,,,,,,,,,,283,,,,laboratory,6,,,batch,,,,,,,,,,,,,,,,,,,,,,,,,,,,,mesophilic,35,,,,,,,,,,,,,,TS (g/g)=0.655,VS(g/g)=0.6,"Kouas, M., Torrijos, M., Sousbie, P., Steyer, J.-P., Sayadi, S., Harmand, J., 2017. Robust assessment of both biochemical methane potential and degradation kinetics of solid residues in successive batches. Waste Manag. 70, 59ÔÇô70. doi:10.1016/J.WASMAN.2017.09.001"
condensate (sunflower oil),condensate (sunflower oil),industrial,,,,,,,,,,,,,,426,,,,laboratory,6,,,batch,,,,,,,,,,,,,,,,,,,,,,,,,,,,,mesophilic,35,,,,,,,,,,,,,,TS (g/g)=0.99,VS(g/g)=0.99,"Kouas, M., Torrijos, M., Sousbie, P., Steyer, J.-P., Sayadi, S., Harmand, J., 2017. Robust assessment of both biochemical methane potential and degradation kinetics of solid residues in successive batches. Waste Manag. 70, 59ÔÇô70. doi:10.1016/J.WASMAN.2017.09.001"
condensate (palm oil),condensate (palm oil),industrial,,,,,,,,,,,,,,504,,,,laboratory,6,,,batch,,,,,,,,,,,,,,,,,,,,,,,,,,,,,mesophilic,35,,,,,,,,,,,,,,TS (g/g)=1,VS(g/g)=1,"Kouas, M., Torrijos, M., Sousbie, P., Steyer, J.-P., Sayadi, S., Harmand, J., 2017. Robust assessment of both biochemical methane potential and degradation kinetics of solid residues in successive batches. Waste Manag. 70, 59ÔÇô70. doi:10.1016/J.WASMAN.2017.09.001"
skimmings of aeroflotation,skimmings of aeroflotation,industrial,,,,,,,,,,,,,,409,,,,laboratory,6,,,batch,,,,,,,,,,,,,,,,,,,,,,,,,,,,,mesophilic,35,,,,,,,,,,,,,,TS (g/g)=0.092,VS(g/g)=0.078,"Kouas, M., Torrijos, M., Sousbie, P., Steyer, J.-P., Sayadi, S., Harmand, J., 2017. Robust assessment of both biochemical methane potential and degradation kinetics of solid residues in successive batches. Waste Manag. 70, 59ÔÇô70. doi:10.1016/J.WASMAN.2017.09.001"
skimmings of aeroflotation,skimmings of aeroflotation,industrial,,,,,,,,,,,,,,417,,,,laboratory,6,,,batch,,,,,,,,,,,,,,,,,,,,,,,,,,,,,mesophilic,35,,,,,,,,,,,,,,TS (g/g)=0.055,VS(g/g)=0.019,"Kouas, M., Torrijos, M., Sousbie, P., Steyer, J.-P., Sayadi, S., Harmand, J., 2017. Robust assessment of both biochemical methane potential and degradation kinetics of solid residues in successive batches. Waste Manag. 70, 59ÔÇô70. doi:10.1016/J.WASMAN.2017.09.001"
gum (byproduct from refining of vegetable oils),gum,industrial,,,,,,,,,,,,,,866,,,,laboratory,6,,,batch,,,,,,,,,,,,,,,,,,,,,,,,,,,,,mesophilic,35,,,,,,,,,,,,,,TS (g/g)=0.38,VS(g/g)=0.355,"Kouas, M., Torrijos, M., Sousbie, P., Steyer, J.-P., Sayadi, S., Harmand, J., 2017. Robust assessment of both biochemical methane potential and degradation kinetics of solid residues in successive batches. Waste Manag. 70, 59ÔÇô70. doi:10.1016/J.WASMAN.2017.09.001"
edible sunflower oil,sunflower oil,agricultural,,,,,,,,,,,,,,691,,,,laboratory,6,,,batch,,,,,,,,,,,,,,,,,,,,,,,,,,,,,mesophilic,35,,,,,,,,,,,,,,TS (g/g)=1,VS(g/g)=1,"Kouas, M., Torrijos, M., Sousbie, P., Steyer, J.-P., Sayadi, S., Harmand, J., 2017. Robust assessment of both biochemical methane potential and degradation kinetics of solid residues in successive batches. Waste Manag. 70, 59ÔÇô70. doi:10.1016/J.WASMAN.2017.09.001"
wastewater sludge,wastewater sludge,municipal,,,,,,,,,,,,,,126,,,,laboratory,6,,,batch,,,,,,,,,,,,,,,,,,,,,,,,,,,,,mesophilic,35,,,,,,,,,,,,,,TS (g/g)=0.024,VS(g/g)=0.019,"Kouas, M., Torrijos, M., Sousbie, P., Steyer, J.-P., Sayadi, S., Harmand, J., 2017. Robust assessment of both biochemical methane potential and degradation kinetics of solid residues in successive batches. Waste Manag. 70, 59ÔÇô70. doi:10.1016/J.WASMAN.2017.09.001"
wastewater sludge,wastewater sludge,municipal,,,,,,,,,,,,,,270,,,,laboratory,6,,,batch,,,,,,,,,,,,,,,,,,,,,,,,,,,,,mesophilic,35,,,,,,,,,,,,,,TS (g/g)=0.041,VS(g/g)=0.032,"Kouas, M., Torrijos, M., Sousbie, P., Steyer, J.-P., Sayadi, S., Harmand, J., 2017. Robust assessment of both biochemical methane potential and degradation kinetics of solid residues in successive batches. Waste Manag. 70, 59ÔÇô70. doi:10.1016/J.WASMAN.2017.09.001"
dry food pellets for guinea pigs,dry food pellets,industrial,,,,,,,,,,,,,,231,,,,laboratory,6,,,batch,,,,,,,,,,,,,,,,,,,,,,,,,,,,,mesophilic,35,,,,,,,,,,,,,,TS (g/g)=0.927,VS(g/g)=0.854,"Kouas, M., Torrijos, M., Sousbie, P., Steyer, J.-P., Sayadi, S., Harmand, J., 2017. Robust assessment of both biochemical methane potential and degradation kinetics of solid residues in successive batches. Waste Manag. 70, 59ÔÇô70. doi:10.1016/J.WASMAN.2017.09.001"
micro-algae,algae,industrial,,,,,,,,,,,,,,146,,,,laboratory,6,,,batch,,,,,,,,,,,,,,,,,,,,,,,,,,,,,mesophilic,35,,,,,,,,,,,,,,TS (g/g)=0.018,VS(g/g)=0.016,"Kouas, M., Torrijos, M., Sousbie, P., Steyer, J.-P., Sayadi, S., Harmand, J., 2017. Robust assessment of both biochemical methane potential and degradation kinetics of solid residues in successive batches. Waste Manag. 70, 59ÔÇô70. doi:10.1016/J.WASMAN.2017.09.001"
grass cuttings,grass cuttings,agricultural,,,,,,,,,,,,,,243,,,,laboratory,6,,,batch,,,,,,,,,,,,,,,,,,,,,,,,,,,,,mesophilic,35,,,,,,,,,,,,,,TS (g/g)=0.3,VS(g/g)=0.26,"Kouas, M., Torrijos, M., Sousbie, P., Steyer, J.-P., Sayadi, S., Harmand, J., 2017. Robust assessment of both biochemical methane potential and degradation kinetics of solid residues in successive batches. Waste Manag. 70, 59ÔÇô70. doi:10.1016/J.WASMAN.2017.09.001"
cocnut meal,cocnut meal,agricultural,,,,,,,,,,,,,,262,,,,laboratory,6,,,batch,,,,,,,,,,,,,,,,,,,,,,,,,,,,,mesophilic,35,,,,,,,,,,,,,,TS (g/g)=0.883,VS(g/g)=0.823,"Kouas, M., Torrijos, M., Sousbie, P., Steyer, J.-P., Sayadi, S., Harmand, J., 2017. Robust assessment of both biochemical methane potential and degradation kinetics of solid residues in successive batches. Waste Manag. 70, 59ÔÇô70. doi:10.1016/J.WASMAN.2017.09.001"
wheat straw,wheat straw,agricultural,,,,,,,,,,solid,yes,physical,,239,,,,laboratory,0.4,,,batch,,,,,,,yes,,,,,,,,yes,,,,,,,,,,,,,,mesophilic,35,,,,,,,,,,,,,,TS (g/kg)=895,VS(g/kg)=821,"Ferreira, L.C., Nilsen, P.J., Fdz-Polanco, F., P├®rez-Elvira, S.I., 2014. Biomethane potential of wheat straw: Influence of particle size, water impregnation and thermal hydrolysis. Chem. Eng. J. 242, 254ÔÇô259. doi:10.1016/J.CEJ.2013.08.041"
wheat straw,wheat straw,agricultural,,,,,,,,,,solid,yes,physical,,245,,,,laboratory,0.4,,,batch,,,,,,,yes,,,,,,,,yes,,,,,,,,,,,,,,mesophilic,35,,,,,,,,,,,,,,TS (g/kg)=895,VS(g/kg)=821,"Ferreira, L.C., Nilsen, P.J., Fdz-Polanco, F., P├®rez-Elvira, S.I., 2014. Biomethane potential of wheat straw: Influence of particle size, water impregnation and thermal hydrolysis. Chem. Eng. J. 242, 254ÔÇô259. doi:10.1016/J.CEJ.2013.08.042"
wheat straw,wheat straw,agricultural,,,,,,,,,,solid,yes,physical,,232,,,,laboratory,0.4,,,batch,,,,,,,yes,,,,,,,,yes,,,,,,,,,,,,,,mesophilic,35,,,,,,,,,,,,,,TS (g/kg)=895,VS(g/kg)=821,"Ferreira, L.C., Nilsen, P.J., Fdz-Polanco, F., P├®rez-Elvira, S.I., 2014. Biomethane potential of wheat straw: Influence of particle size, water impregnation and thermal hydrolysis. Chem. Eng. J. 242, 254ÔÇô259. doi:10.1016/J.CEJ.2013.08.043"
wheat straw,wheat straw,agricultural,,,,,,,,,,solid,yes,physical,,239,,,,laboratory,0.4,,,batch,,,,,,,yes,,,,,,,,yes,,,,,,,,,,,,,,mesophilic,35,,,,,,,,,,,,,,TS (g/kg)=895,VS(g/kg)=821,"Ferreira, L.C., Nilsen, P.J., Fdz-Polanco, F., P├®rez-Elvira, S.I., 2014. Biomethane potential of wheat straw: Influence of particle size, water impregnation and thermal hydrolysis. Chem. Eng. J. 242, 254ÔÇô259. doi:10.1016/J.CEJ.2013.08.044"
wheat straw,wheat straw,agricultural,,,,,,,,,,solid,yes,physical,,245,,,,laboratory,0.4,,,batch,,,,,,,yes,,,,,,,,yes,,,,,,,,,,,,,,mesophilic,35,,,,,,,,,,,,,,TS (g/kg)=895,VS(g/kg)=821,"Ferreira, L.C., Nilsen, P.J., Fdz-Polanco, F., P├®rez-Elvira, S.I., 2014. Biomethane potential of wheat straw: Influence of particle size, water impregnation and thermal hydrolysis. Chem. Eng. J. 242, 254ÔÇô259. doi:10.1016/J.CEJ.2013.08.045"
wheat straw,wheat straw,agricultural,,,,,,,,,,solid,yes,physical-unspecified,,291,,,,laboratory,0.4,,,batch,,,,,,,yes,,,,,,,,yes,,,,,,,,,,,,,,mesophilic,35,,,,,,,,,,,,,,TS (g/kg)=895,VS(g/kg)=821,"Ferreira, L.C., Nilsen, P.J., Fdz-Polanco, F., P├®rez-Elvira, S.I., 2014. Biomethane potential of wheat straw: Influence of particle size, water impregnation and thermal hydrolysis. Chem. Eng. J. 242, 254ÔÇô259. doi:10.1016/J.CEJ.2013.08.046"
wheat straw,wheat straw,agricultural,,,,,,,,,,solid,yes,physical-unspecified,,304,,,,laboratory,0.4,,,batch,,,,,,,yes,,,,,,,,yes,,,,,,,,,,,,,,mesophilic,35,,,,,,,,,,,,,,TS (g/kg)=895,VS(g/kg)=821,"Ferreira, L.C., Nilsen, P.J., Fdz-Polanco, F., P├®rez-Elvira, S.I., 2014. Biomethane potential of wheat straw: Influence of particle size, water impregnation and thermal hydrolysis. Chem. Eng. J. 242, 254ÔÇô259. doi:10.1016/J.CEJ.2013.08.047"
wheat straw,wheat straw,agricultural,,,,,,,,,,solid,yes,physical-unspecified,,301,,,,laboratory,0.4,,,batch,,,,,,,yes,,,,,,,,yes,,,,,,,,,,,,,,mesophilic,35,,,,,,,,,,,,,,TS (g/kg)=895,VS(g/kg)=821,"Ferreira, L.C., Nilsen, P.J., Fdz-Polanco, F., P├®rez-Elvira, S.I., 2014. Biomethane potential of wheat straw: Influence of particle size, water impregnation and thermal hydrolysis. Chem. Eng. J. 242, 254ÔÇô259. doi:10.1016/J.CEJ.2013.08.048"
wheat straw,wheat straw,agricultural,,,,,,,,,,solid,yes,unspecified,,316,,,,laboratory,0.4,,,batch,,,,,,,yes,,,,,,,,,,,,,,,,,,,,,,mesophilic,35,,,,,,,,,,,,,,TS (g/kg)=924,VS(g/kg)=846,"Ferreira, L.C., Nilsen, P.J., Fdz-Polanco, F., P├®rez-Elvira, S.I., 2014. Biomethane potential of wheat straw: Influence of particle size, water impregnation and thermal hydrolysis. Chem. Eng. J. 242, 254ÔÇô259. doi:10.1016/J.CEJ.2013.08.049"
wheat straw,wheat straw,agricultural,,,,,,,,,,solid,yes,unspecified,,315,,,,laboratory,0.4,,,batch,,,,,,,yes,,,,,,,,,,,,,,,,,,,,,,mesophilic,35,,,,,,,,,,,,,,TS (g/kg)=924,VS(g/kg)=846,"Ferreira, L.C., Nilsen, P.J., Fdz-Polanco, F., P├®rez-Elvira, S.I., 2014. Biomethane potential of wheat straw: Influence of particle size, water impregnation and thermal hydrolysis. Chem. Eng. J. 242, 254ÔÇô259. doi:10.1016/J.CEJ.2013.08.050"
wheat straw,wheat straw,agricultural,,,,,,,,,,solid,yes,unspecified,,293,,,,laboratory,0.4,,,batch,,,,,,,yes,,,,,,,,,,,,,,,,,,,,,,mesophilic,35,,,,,,,,,,,,,,TS (g/kg)=924,VS(g/kg)=846,"Ferreira, L.C., Nilsen, P.J., Fdz-Polanco, F., P├®rez-Elvira, S.I., 2014. Biomethane potential of wheat straw: Influence of particle size, water impregnation and thermal hydrolysis. Chem. Eng. J. 242, 254ÔÇô259. doi:10.1016/J.CEJ.2013.08.051"
wheat straw,wheat straw,agricultural,,,,,,,,,,solid,yes,unspecified,,323,,,,laboratory,0.4,,,batch,,,,,,,yes,,,,,,,,,,,,,,,,,,,,,,mesophilic,35,,,,,,,,,,,,,,TS (g/kg)=924,VS(g/kg)=846,"Ferreira, L.C., Nilsen, P.J., Fdz-Polanco, F., P├®rez-Elvira, S.I., 2014. Biomethane potential of wheat straw: Influence of particle size, water impregnation and thermal hydrolysis. Chem. Eng. J. 242, 254ÔÇô259. doi:10.1016/J.CEJ.2013.08.052"
paunch grass (abattoir waste),paunch grass (abattoir waste),industrial,,46.5,2.8,,,,,17,92,,yes,physical,,238,,,,laboratory,0.4,0.26,,batch,,,,,,,yes,,,,,,yes,7,yes,,2,,,,7.95,,,,,,,,mesophilic,37,TS(g/kg)=59.4,VS(g/kg)=42.9,,,,,,,,,,,,,,"Browne, J.D., Allen, E., Murphy, J.D., 2013. Evaluation of the biomethane potential from multiple waste streams for a proposed community scale anaerobic digester. Environ. Technol. 34, 2027ÔÇô2038. doi:10.1080/09593330.2013.812669"
green sludge (abattoir waste),green sludge (abattoir waste),industrial,,57.3,3,,,,,19.6,93,,yes,physical,,403,,,,laboratory,0.4,0.26,,batch,,,,,,,yes,,,,,,yes,7,yes,,2,,,,7.95,,,,,,,,mesophilic,37,TS(g/kg)=59.4,VS(g/kg)=42.9,,,,,,,,,,,,,,"Browne, J.D., Allen, E., Murphy, J.D., 2013. Evaluation of the biomethane potential from multiple waste streams for a proposed community scale anaerobic digester. Environ. Technol. 34, 2027ÔÇô2038. doi:10.1080/09593330.2013.812670"
dewatered activated sludge (abattoir waste),dewatered activated sludge (abattoir waste),industrial,,41,6.5,,,,,13.3,81,,yes,physical,,165,,,,laboratory,0.4,0.26,,batch,,,,,,,yes,,,,,,yes,7,yes,,2,,,,7.95,,,,,,,,mesophilic,37,TS(g/kg)=59.4,VS(g/kg)=42.9,,,,,,,,,,,,,,"Browne, J.D., Allen, E., Murphy, J.D., 2013. Evaluation of the biomethane potential from multiple waste streams for a proposed community scale anaerobic digester. Environ. Technol. 34, 2027ÔÇô2038. doi:10.1080/09593330.2013.812671"
bio treatment sludge from cheese processing,bio treatment sludge from cheese processing,industrial,,43.9,5.6,,,,,9.4,81,,yes,physical,,461,,,,laboratory,0.4,0.26,,batch,,,,,,,yes,,,,,,yes,7,yes,,2,,,,7.95,,,,,,,,mesophilic,37,TS(g/kg)=59.4,VS(g/kg)=42.9,,,,,,,,,,,,,,"Browne, J.D., Allen, E., Murphy, J.D., 2013. Evaluation of the biomethane potential from multiple waste streams for a proposed community scale anaerobic digester. Environ. Technol. 34, 2027ÔÇô2038. doi:10.1080/09593330.2013.812672"
dissolved air flotation waste from cheese processing,dissolved air flotation waste from cheese processing,industrial,,65.1,1.3,,,,,7.8,88,,yes,physical,,787,,,,laboratory,0.4,0.26,,batch,,,,,,,yes,,,,,,yes,7,yes,,2,,,,7.95,,,,,,,,mesophilic,37,TS(g/kg)=59.4,VS(g/kg)=42.9,,,,,,,,,,,,,,"Browne, J.D., Allen, E., Murphy, J.D., 2013. Evaluation of the biomethane potential from multiple waste streams for a proposed community scale anaerobic digester. Environ. Technol. 34, 2027ÔÇô2038. doi:10.1080/09593330.2013.812673"
food waste,food waste,municipal,,46.8,2.7,,,,,21.9,91,,yes,physical,,419,,,,laboratory,0.4,0.26,,batch,,,,,,,yes,,,,,,yes,7,yes,,2,,,,7.95,,,,,,,,mesophilic,37,TS(g/kg)=59.4,VS(g/kg)=42.9,,,,,,,,,,,,,,"Browne, J.D., Allen, E., Murphy, J.D., 2013. Evaluation of the biomethane potential from multiple waste streams for a proposed community scale anaerobic digester. Environ. Technol. 34, 2027ÔÇô2038. doi:10.1080/09593330.2013.812674"
food waste,food waste,industrial,,49,3.4,,,,,35.4,85,,yes,physical,,535,,,,laboratory,0.4,0.26,,batch,,,,,,,yes,,,,,,yes,7,yes,,2,,,,7.95,,,,,,,,mesophilic,37,TS(g/kg)=59.4,VS(g/kg)=42.9,,,,,,,,,,,,,,"Browne, J.D., Allen, E., Murphy, J.D., 2013. Evaluation of the biomethane potential from multiple waste streams for a proposed community scale anaerobic digester. Environ. Technol. 34, 2027ÔÇô2038. doi:10.1080/09593330.2013.812675"
pig slurry,pig slurry,agricultural,,38.3,3.1,,,,,4.7,70,,yes,physical,,38,,,,laboratory,0.4,0.26,,batch,,,,,,,yes,,,,,,yes,7,yes,,2,,,,7.95,,,,,,,,mesophilic,37,TS(g/kg)=59.4,VS(g/kg)=42.9,,,,,,,,,,,,,,"Browne, J.D., Allen, E., Murphy, J.D., 2013. Evaluation of the biomethane potential from multiple waste streams for a proposed community scale anaerobic digester. Environ. Technol. 34, 2027ÔÇô2038. doi:10.1080/09593330.2013.812676"
pig slurry,pig slurry,agricultural,,40.3,2.5,,,,,6.5,74,,yes,physical,,70,,,,laboratory,0.4,0.26,,batch,,,,,,,yes,,,,,,yes,7,yes,,2,,,,7.95,,,,,,,,mesophilic,37,TS(g/kg)=59.4,VS(g/kg)=42.9,,,,,,,,,,,,,,"Browne, J.D., Allen, E., Murphy, J.D., 2013. Evaluation of the biomethane potential from multiple waste streams for a proposed community scale anaerobic digester. Environ. Technol. 34, 2027ÔÇô2038. doi:10.1080/09593330.2013.812677"
wastewater sludge,wastewater sludge,municipal,,43.3,2.2,,,,,8.6,77,,yes,physical,,247,,,,laboratory,0.4,0.26,,batch,,,,,,,yes,,,,,,yes,7,yes,,2,,,,7.9,,,,,,,,mesophilic,37,TS(g/kg)=33,VS(g/kg)=17.1,,,,,,,,,,,,,,"Browne, J.D., Allen, E., Murphy, J.D., 2013. Evaluation of the biomethane potential from multiple waste streams for a proposed community scale anaerobic digester. Environ. Technol. 34, 2027ÔÇô2038. doi:10.1080/09593330.2013.812678"
Grape stalks,grape,agricultural,,,,,,,,,,,,,,133,,,,laboratory,,,,batch,,,,,,,,,,,,,yes,,,,,,,,,,,,,,,,thermophilic,55,TS(g/kg)=227,VS(g/kg)=202,,,,,,,,,,,,,,"Da Ros, C., Cavinato, C., Bolzonella, D., Pavan, P., 2016. Renewable energy from thermophilic anaerobic digestion of winery residue: Preliminary evidence from batch and continuous lab-scale trials. Biomass and Bioenergy. doi:10.1016/j.biombioe.2016.05.017"
grape marcs,fresh grape marcs,agricultural,,,,,,,,,,,,,,347,,,,laboratory,,,,batch,,,,,,,,,,,,,yes,,,,,,,,,,,,,,,,thermophilic,55,TS(g/kg)=371,VS(g/kg)=334,,,,,,,,,,,,,,"Da Ros, C., Cavinato, C., Bolzonella, D., Pavan, P., 2016. Renewable energy from thermophilic anaerobic digestion of winery residue: Preliminary evidence from batch and continuous lab-scale trials. Biomass and Bioenergy. doi:10.1016/j.biombioe.2016.05.018"
grape marcs,fermented grape marcs,agricultural,,,,,,,,,,,,,,360,,,,laboratory,,,,batch,,,,,,,,,,,,,yes,,,,,,,,,,,,,,,,thermophilic,55,TS(g/kg)=451,VS(g/kg)=425,,,,,,,,,,,,,,"Da Ros, C., Cavinato, C., Bolzonella, D., Pavan, P., 2016. Renewable energy from thermophilic anaerobic digestion of winery residue: Preliminary evidence from batch and continuous lab-scale trials. Biomass and Bioenergy. doi:10.1016/j.biombioe.2016.05.019"
grape leaves,grape,agricultural,,,,,,,,,,,,,,370,,,,laboratory,,,,batch,,,,,,,,,,,,,yes,,,,,,,,,,,,,,,,thermophilic,55,TS(g/kg)=62,VS(g/kg)=34,,,,,,,,,,,,,,"Da Ros, C., Cavinato, C., Bolzonella, D., Pavan, P., 2016. Renewable energy from thermophilic anaerobic digestion of winery residue: Preliminary evidence from batch and continuous lab-scale trials. Biomass and Bioenergy. doi:10.1016/j.biombioe.2016.05.020"
grape marcs,fresh grape marcs,agricultural,,,,,,,,,,,,,,68.4,,1,,laboratory,5,,,semicontinuous,,,,,,,,,,,,,yes,,,,,,,,,,,,,,,,thermophilic,55,HRT=20 day,,,,,7.7,,,,,,,,TS (g/kg)=21.8,VS(g/kg)=15.5,"Da Ros, C., Cavinato, C., Bolzonella, D., Pavan, P., 2016. Renewable energy from thermophilic anaerobic digestion of winery residue: Preliminary evidence from batch and continuous lab-scale trials. Biomass and Bioenergy. doi:10.1016/j.biombioe.2016.05.021"
grape marcs,fresh grape marcs,agricultural,,,,,,,,,,,,,,87,,2,,laboratory,5,,,semicontinuous,,,,,,,,,,,,,yes,,,,,,,,,,,,,,,,thermophilic,55,HRT=20 day,,,,,7.8,,,,,,,,TS (g/kg)=37.1,VS(g/kg)=32.1,"Da Ros, C., Cavinato, C., Bolzonella, D., Pavan, P., 2016. Renewable energy from thermophilic anaerobic digestion of winery residue: Preliminary evidence from batch and continuous lab-scale trials. Biomass and Bioenergy. doi:10.1016/j.biombioe.2016.05.022"
grape marcs,fermented grape marcs,agricultural,,,,,,,,,,,,,,174,,1.2,,laboratory,5,,,semicontinuous,,,,,,,,,,,,,yes,,,,,,,,,,,,,,,,thermophilic,55,HRT=40 day,,,,,8.4,,,,,,,,TS (g/kg)=55,VS(g/kg)=37.6,"Da Ros, C., Cavinato, C., Bolzonella, D., Pavan, P., 2016. Renewable energy from thermophilic anaerobic digestion of winery residue: Preliminary evidence from batch and continuous lab-scale trials. Biomass and Bioenergy. doi:10.1016/j.biombioe.2016.05.023"
rice straw,rice straw,agricultural,,,,,,,,40,65,,,,,242,,,,,,,,,,,,,,,,,,,,,,,,,,,,,,,,,,,,,,,,,,,,,,,,,,,,,,"Olivier Abo, B., Kalakodio, L., Bakayoko, M., 2017. Evaluation of the Biogas Production Potential by Anaerobic Digestion of Fermentable Agricultural Residues in C├┤te dÔÇÖIvoire. Int. J. Waste Resour. 07, 1ÔÇô6. doi:10.4172/2252-5211.1000317"
rice balls,rice balls,agricultural,,,,,,,,50,90,,,,,189,,,,,,,,,,,,,,,,,,,,,,,,,,,,,,,,,,,,,,,,,,,,,,,,,,,,,,"Olivier Abo, B., Kalakodio, L., Bakayoko, M., 2017. Evaluation of the Biogas Production Potential by Anaerobic Digestion of Fermentable Agricultural Residues in C├┤te dÔÇÖIvoire. Int. J. Waste Resour. 07, 1ÔÇô6. doi:10.4172/2252-5211.1000318"
corn stalks,corn stalks,agricultural,,,,,,,,70,90,,,,,189,,,,,,,,,,,,,,,,,,,,,,,,,,,,,,,,,,,,,,,,,,,,,,,,,,,,,,"Olivier Abo, B., Kalakodio, L., Bakayoko, M., 2017. Evaluation of the Biogas Production Potential by Anaerobic Digestion of Fermentable Agricultural Residues in C├┤te dÔÇÖIvoire. Int. J. Waste Resour. 07, 1ÔÇô6. doi:10.4172/2252-5211.1000319"
corn rakes,corn rakes,agricultural,,,,,,,,85,80,,,,,189,,,,,,,,,,,,,,,,,,,,,,,,,,,,,,,,,,,,,,,,,,,,,,,,,,,,,,"Olivier Abo, B., Kalakodio, L., Bakayoko, M., 2017. Evaluation of the Biogas Production Potential by Anaerobic Digestion of Fermentable Agricultural Residues in C├┤te dÔÇÖIvoire. Int. J. Waste Resour. 07, 1ÔÇô6. doi:10.4172/2252-5211.1000320"
cassava leaves,cassava leaves,agricultural,,,,,,,,30,40,,,,,123,,,,,,,,,,,,,,,,,,,,,,,,,,,,,,,,,,,,,,,,,,,,,,,,,,,,,,"Olivier Abo, B., Kalakodio, L., Bakayoko, M., 2017. Evaluation of the Biogas Production Potential by Anaerobic Digestion of Fermentable Agricultural Residues in C├┤te dÔÇÖIvoire. Int. J. Waste Resour. 07, 1ÔÇô6. doi:10.4172/2252-5211.1000321"
cassava peels,cassava peels,agricultural,,,,,,,,20,75,,,,,267,,,,,,,,,,,,,,,,,,,,,,,,,,,,,,,,,,,,,,,,,,,,,,,,,,,,,,"Olivier Abo, B., Kalakodio, L., Bakayoko, M., 2017. Evaluation of the Biogas Production Potential by Anaerobic Digestion of Fermentable Agricultural Residues in C├┤te dÔÇÖIvoire. Int. J. Waste Resour. 07, 1ÔÇô6. doi:10.4172/2252-5211.1000322"
yam leaves,yam leaves,agricultural,,,,,,,,30,40,,,,,123,,,,,,,,,,,,,,,,,,,,,,,,,,,,,,,,,,,,,,,,,,,,,,,,,,,,,,"Olivier Abo, B., Kalakodio, L., Bakayoko, M., 2017. Evaluation of the Biogas Production Potential by Anaerobic Digestion of Fermentable Agricultural Residues in C├┤te dÔÇÖIvoire. Int. J. Waste Resour. 07, 1ÔÇô6. doi:10.4172/2252-5211.1000323"
ysam peels,ysam peels,agricultural,,,,,,,,20,75,,,,,267,,,,,,,,,,,,,,,,,,,,,,,,,,,,,,,,,,,,,,,,,,,,,,,,,,,,,,"Olivier Abo, B., Kalakodio, L., Bakayoko, M., 2017. Evaluation of the Biogas Production Potential by Anaerobic Digestion of Fermentable Agricultural Residues in C├┤te dÔÇÖIvoire. Int. J. Waste Resour. 07, 1ÔÇô6. doi:10.4172/2252-5211.1000324"
banana stalks and leaves,banana stalks and leaves,agricultural,,,,,,,,5,60,,,,,123,,,,,,,,,,,,,,,,,,,,,,,,,,,,,,,,,,,,,,,,,,,,,,,,,,,,,,"Olivier Abo, B., Kalakodio, L., Bakayoko, M., 2017. Evaluation of the Biogas Production Potential by Anaerobic Digestion of Fermentable Agricultural Residues in C├┤te dÔÇÖIvoire. Int. J. Waste Resour. 07, 1ÔÇô6. doi:10.4172/2252-5211.1000325"
banana peels,banana peels,agricultural,,,,,,,,20,89,,,,,322,,,,,,,,,,,,,,,,,,,,,,,,,,,,,,,,,,,,,,,,,,,,,,,,,,,,,,"Olivier Abo, B., Kalakodio, L., Bakayoko, M., 2017. Evaluation of the Biogas Production Potential by Anaerobic Digestion of Fermentable Agricultural Residues in C├┤te dÔÇÖIvoire. Int. J. Waste Resour. 07, 1ÔÇô6. doi:10.4172/2252-5211.1000326"
bagasse (sugar cane),bagasse (sugar cane),agricultural,,,,,,,,54,94,,,,,200,,,,,,,,,,,,,,,,,,,,,,,,,,,,,,,,,,,,,,,,,,,,,,,,,,,,,,"Olivier Abo, B., Kalakodio, L., Bakayoko, M., 2017. Evaluation of the Biogas Production Potential by Anaerobic Digestion of Fermentable Agricultural Residues in C├┤te dÔÇÖIvoire. Int. J. Waste Resour. 07, 1ÔÇô6. doi:10.4172/2252-5211.1000327"
sorghum stalk,sorghum stalk,agricultural,,,,,,,,55,65,,,,,134,,,,,,,,,,,,,,,,,,,,,,,,,,,,,,,,,,,,,,,,,,,,,,,,,,,,,,"Olivier Abo, B., Kalakodio, L., Bakayoko, M., 2017. Evaluation of the Biogas Production Potential by Anaerobic Digestion of Fermentable Agricultural Residues in C├┤te dÔÇÖIvoire. Int. J. Waste Resour. 07, 1ÔÇô6. doi:10.4172/2252-5211.1000328"
algae biomass,M. Scenedesmus,industrial,,,,,,,,31.3,48.2,,,,,140.3,,,,laboratory,,,,batch,,,,,,,yes,,,,,,,,,,,3.66,,2.05,8.6,,,,,867,,,mesophilic,37,PA=5026 mg CaCO3/L,,,,,,,,,,,,,,,"Ramos-Su├írez, J.L., Mart├¡nez, A., Carreras, N., 2014. Optimization of the digestion process of Scenedesmus sp. and Opuntia maxima for biogas production. Energy Convers. Manag. 88, 1263ÔÇô1270. doi:10.1016/J.ENCONMAN.2014.02.064"
algae biomass,O. maxima,industrial,,,,,,,,58,80,,,,,142.4,,,,laboratory,,,,batch,,,,,,,yes,,,,,,,,,,,3.66,,2.05,8.6,,,,,867,,,mesophilic,37,PA=5026 mg CaCO3/L,,,,,,,,,,,,,,,"Ramos-Su├írez, J.L., Mart├¡nez, A., Carreras, N., 2014. Optimization of the digestion process of Scenedesmus sp. and Opuntia maxima for biogas production. Energy Convers. Manag. 88, 1263ÔÇô1270. doi:10.1016/J.ENCONMAN.2014.02.064"
manure,piglet manure,agricultural,,,,,7.89,24.73,6.88,19.4,82.88,,,,,443.55,,,,laboratory,,,,batch,,,,,,,,,,,,,yes,21,,,,11.7,58.72,,,,,,,,,,mesophilic,37,cellulose=12.67 %,hemicellulose=15.74,,,,,,,,,,,,,,"Cu, T.T.T., Nguyen, T.X., Triolo, J.M., Pedersen, L., Le, V.D., Le, P.D., Sommer, S.G., 2015. Biogas Production from Vietnamese Animal Manure, Plant Residues and Organic Waste: Influence of Biomass Composition on Methane Yield. Asian-Australasian J. Anim. Sci. 28, 280. doi:10.5713/AJAS.14.0312"
manure,sow manure,agricultural,,,,,2.1,14.86,16.19,37.2,75.83,,,,,177.73,,,,laboratory,,,,batch,,,,,,,,,,,,,yes,21,,,,11.8,58.73,,,,,,,,,,mesophilic,37,cellulose=12.67 %,hemicellulose=15.75,,,,,,,,,,,,,,"Cu, T.T.T., Nguyen, T.X., Triolo, J.M., Pedersen, L., Le, V.D., Le, P.D., Sommer, S.G., 2015. Biogas Production from Vietnamese Animal Manure, Plant Residues and Organic Waste: Influence of Biomass Composition on Methane Yield. Asian-Australasian J. Anim. Sci. 28, 280. doi:10.5713/AJAS.14.0312"
manure,cow manure,agricultural,,,,,3.63,7.55,10.41,10.94,73.01,,,,,222.08,,,,laboratory,,,,batch,,,,,,,,,,,,,yes,21,,,,11.9,58.74,,,,,,,,,,mesophilic,37,cellulose=12.67 %,hemicellulose=15.76,,,,,,,,,,,,,,"Cu, T.T.T., Nguyen, T.X., Triolo, J.M., Pedersen, L., Le, V.D., Le, P.D., Sommer, S.G., 2015. Biogas Production from Vietnamese Animal Manure, Plant Residues and Organic Waste: Influence of Biomass Composition on Methane Yield. Asian-Australasian J. Anim. Sci. 28, 280. doi:10.5713/AJAS.14.0312"
manure,buffalo manure,agricultural,,,,,2.16,8.79,16.24,18.16,64.42,,,,,153.01,,,,laboratory,,,,batch,,,,,,,,,,,,,yes,21,,,,11.1,58.75,,,,,,,,,,mesophilic,37,cellulose=12.67 %,hemicellulose=15.77,,,,,,,,,,,,,,"Cu, T.T.T., Nguyen, T.X., Triolo, J.M., Pedersen, L., Le, V.D., Le, P.D., Sommer, S.G., 2015. Biogas Production from Vietnamese Animal Manure, Plant Residues and Organic Waste: Influence of Biomass Composition on Methane Yield. Asian-Australasian J. Anim. Sci. 28, 280. doi:10.5713/AJAS.14.0312"
manure,rabbit manure,agricultural,,,,,2.08,8.83,14.48,32.66,39.49,,,,,172.84,,,,laboratory,,,,batch,,,,,,,,,,,,,yes,21,,,,11.11,58.76,,,,,,,,,,mesophilic,37,cellulose=12.67 %,hemicellulose=15.78,,,,,,,,,,,,,,"Cu, T.T.T., Nguyen, T.X., Triolo, J.M., Pedersen, L., Le, V.D., Le, P.D., Sommer, S.G., 2015. Biogas Production from Vietnamese Animal Manure, Plant Residues and Organic Waste: Influence of Biomass Composition on Methane Yield. Asian-Australasian J. Anim. Sci. 28, 280. doi:10.5713/AJAS.14.0312"
manure,sheep manure,agricultural,,,,,1.26,10.18,15.21,25.39,58.42,,,,,150.55,,,,laboratory,,,,batch,,,,,,,,,,,,,yes,21,,,,11.12,58.77,,,,,,,,,,mesophilic,37,cellulose=12.67 %,hemicellulose=15.79,,,,,,,,,,,,,,"Cu, T.T.T., Nguyen, T.X., Triolo, J.M., Pedersen, L., Le, V.D., Le, P.D., Sommer, S.G., 2015. Biogas Production from Vietnamese Animal Manure, Plant Residues and Organic Waste: Influence of Biomass Composition on Methane Yield. Asian-Australasian J. Anim. Sci. 28, 280. doi:10.5713/AJAS.14.0312"
manure,goat manure,agricultural,,,,,2.45,10.18,14.58,35.26,57.01,,,,,169.86,,,,laboratory,,,,batch,,,,,,,,,,,,,yes,21,,,,11.13,58.78,,,,,,,,,,mesophilic,37,cellulose=12.67 %,hemicellulose=15.80,,,,,,,,,,,,,,"Cu, T.T.T., Nguyen, T.X., Triolo, J.M., Pedersen, L., Le, V.D., Le, P.D., Sommer, S.G., 2015. Biogas Production from Vietnamese Animal Manure, Plant Residues and Organic Waste: Influence of Biomass Composition on Methane Yield. Asian-Australasian J. Anim. Sci. 28, 280. doi:10.5713/AJAS.14.0312"
manure,chicken manure,agricultural,,,,,2.35,18.38,5.17,37.89,66.7,,,,,173.18,,,,laboratory,,,,batch,,,,,,,,,,,,,yes,21,,,,11.14,58.79,,,,,,,,,,mesophilic,37,cellulose=12.67 %,hemicellulose=15.81,,,,,,,,,,,,,,"Cu, T.T.T., Nguyen, T.X., Triolo, J.M., Pedersen, L., Le, V.D., Le, P.D., Sommer, S.G., 2015. Biogas Production from Vietnamese Animal Manure, Plant Residues and Organic Waste: Influence of Biomass Composition on Methane Yield. Asian-Australasian J. Anim. Sci. 28, 280. doi:10.5713/AJAS.14.0312"
manure,dairy cow manure,agricultural,,,,,2.34,12.09,11.03,15.95,78.98,,,,,157.42,,,,laboratory,,,,batch,,,,,,,,,,,,,yes,21,,,,11.15,58.8,,,,,,,,,,mesophilic,37,cellulose=12.67 %,hemicellulose=15.82,,,,,,,,,,,,,,"Cu, T.T.T., Nguyen, T.X., Triolo, J.M., Pedersen, L., Le, V.D., Le, P.D., Sommer, S.G., 2015. Biogas Production from Vietnamese Animal Manure, Plant Residues and Organic Waste: Influence of Biomass Composition on Methane Yield. Asian-Australasian J. Anim. Sci. 28, 280. doi:10.5713/AJAS.14.0312"
slaughter house waste,cattle slaughter waste,industrial,,,,,5.04,12.45,9.64,16.97,82.56,,,,,326.6,,,,laboratory,,,,batch,,,,,,,,,,,,,yes,21,,,,11.16,58.81,,,,,,,,,,mesophilic,37,cellulose=12.67 %,hemicellulose=15.83,,,,,,,,,,,,,,"Cu, T.T.T., Nguyen, T.X., Triolo, J.M., Pedersen, L., Le, V.D., Le, P.D., Sommer, S.G., 2015. Biogas Production from Vietnamese Animal Manure, Plant Residues and Organic Waste: Influence of Biomass Composition on Methane Yield. Asian-Australasian J. Anim. Sci. 28, 280. doi:10.5713/AJAS.14.0312"
slaughter house waste,pig slaughter waste,industrial,,,,,14.38,17.49,7.95,16.2,91.7,,,,,217.45,,,,laboratory,,,,batch,,,,,,,,,,,,,yes,21,,,,11.17,58.82,,,,,,,,,,mesophilic,37,cellulose=12.67 %,hemicellulose=15.84,,,,,,,,,,,,,,"Cu, T.T.T., Nguyen, T.X., Triolo, J.M., Pedersen, L., Le, V.D., Le, P.D., Sommer, S.G., 2015. Biogas Production from Vietnamese Animal Manure, Plant Residues and Organic Waste: Influence of Biomass Composition on Methane Yield. Asian-Australasian J. Anim. Sci. 28, 280. doi:10.5713/AJAS.14.0312"
slaughter house waste,fish slaughter waste,industrial,,,,,86.01,15,1.08,60,97.47,,,,,142.23,,,,laboratory,,,,batch,,,,,,,,,,,,,yes,21,,,,11.18,58.83,,,,,,,,,,mesophilic,37,cellulose=12.67 %,hemicellulose=15.85,,,,,,,,,,,,,,"Cu, T.T.T., Nguyen, T.X., Triolo, J.M., Pedersen, L., Le, V.D., Le, P.D., Sommer, S.G., 2015. Biogas Production from Vietnamese Animal Manure, Plant Residues and Organic Waste: Influence of Biomass Composition on Methane Yield. Asian-Australasian J. Anim. Sci. 28, 280. doi:10.5713/AJAS.14.0312"
household waste,household waste,municipal,,,,,2.42,11.18,5.01,21.81,98.63,,,,,51.4,,,,laboratory,,,,batch,,,,,,,,,,,,,yes,21,,,,11.19,58.84,,,,,,,,,,mesophilic,37,cellulose=12.67 %,hemicellulose=15.86,,,,,,,,,,,,,,"Cu, T.T.T., Nguyen, T.X., Triolo, J.M., Pedersen, L., Le, V.D., Le, P.D., Sommer, S.G., 2015. Biogas Production from Vietnamese Animal Manure, Plant Residues and Organic Waste: Influence of Biomass Composition on Methane Yield. Asian-Australasian J. Anim. Sci. 28, 280. doi:10.5713/AJAS.14.0312"
spinach,water spinach,agricultural,,,,,3.69,28.45,21.36,7.13,85.73,,,,,110.61,,,,laboratory,,,,batch,,,,,,,,,,,,,yes,21,,,,11.2,58.85,,,,,,,,,,mesophilic,37,cellulose=12.67 %,hemicellulose=15.87,,,,,,,,,,,,,,"Cu, T.T.T., Nguyen, T.X., Triolo, J.M., Pedersen, L., Le, V.D., Le, P.D., Sommer, S.G., 2015. Biogas Production from Vietnamese Animal Manure, Plant Residues and Organic Waste: Influence of Biomass Composition on Methane Yield. Asian-Australasian J. Anim. Sci. 28, 280. doi:10.5713/AJAS.14.0312"
duckweed,duckweed,agricultural,,,,,3.79,21.37,9.18,7,72.02,,,,,340.67,,,,laboratory,,,,batch,,,,,,,,,,,,,yes,21,,,,11.21,58.86,,,,,,,,,,mesophilic,37,cellulose=12.67 %,hemicellulose=15.88,,,,,,,,,,,,,,"Cu, T.T.T., Nguyen, T.X., Triolo, J.M., Pedersen, L., Le, V.D., Le, P.D., Sommer, S.G., 2015. Biogas Production from Vietnamese Animal Manure, Plant Residues and Organic Waste: Influence of Biomass Composition on Methane Yield. Asian-Australasian J. Anim. Sci. 28, 280. doi:10.5713/AJAS.14.0312"
grass,grass,agricultural,,,,,1.52,9.39,6.35,16.89,88.03,,,,,220.53,,,,laboratory,,,,batch,,,,,,,,,,,,,yes,21,,,,11.22,58.87,,,,,,,,,,mesophilic,37,cellulose=12.67 %,hemicellulose=15.89,,,,,,,,,,,,,,"Cu, T.T.T., Nguyen, T.X., Triolo, J.M., Pedersen, L., Le, V.D., Le, P.D., Sommer, S.G., 2015. Biogas Production from Vietnamese Animal Manure, Plant Residues and Organic Waste: Influence of Biomass Composition on Methane Yield. Asian-Australasian J. Anim. Sci. 28, 280. doi:10.5713/AJAS.14.0312"
cassava,cassava residue,agricultural,,,,,0.8,2.9,16.33,18.63,98.07,,,,,33.46,,,,laboratory,,,,batch,,,,,,,,,,,,,yes,21,,,,11.23,58.88,,,,,,,,,,mesophilic,37,cellulose=12.67 %,hemicellulose=15.90,,,,,,,,,,,,,,"Cu, T.T.T., Nguyen, T.X., Triolo, J.M., Pedersen, L., Le, V.D., Le, P.D., Sommer, S.G., 2015. Biogas Production from Vietnamese Animal Manure, Plant Residues and Organic Waste: Influence of Biomass Composition on Methane Yield. Asian-Australasian J. Anim. Sci. 28, 280. doi:10.5713/AJAS.14.0312"
Alemangrass,Alemangrass,agricultural,,,,,,,,,,,,,,298,,2,,laboratory,0.1,,,batch,,,,,,,,,,,,,,,,,,,,,,,,,,,,,mesophilic,35,,,,,,,,,,,,,,,,"Chynoweth, D.P. Turick, C.E. Owens, J.M. Jerger, D.E.: Biochemical Methane Potential of biomass and waste feedstocks; Biomass and Bioenergy 1993; 5 (95-111);;; and cropgen database"
maize,maize,agricultural,,,,,,,,22.6,94.98,,,physical,,288.2,,,,laboratory,0.1,,,batch,,,,,,,yes,,,,,,yes,9,yes,,2,5.34,,3.65,,,,,,,,,mesophilic,38,,S/I=0.46 on the basis of VS,,,,,,,,,,,,,,"Ruf, T., Emmerling, C., 2018. Site-adapted production of bioenergy feedstocks on poorly drained cropland through the cultivation of perennial crops. A feasibility study on biomass yield and biochemical methane potential. Biomass and Bioenergy 119, 429ÔÇô435. doi:10.1016/J.BIOMBIOE.2018.10.007"
maize,maize,agricultural,,,,,,,,20.76,94.25,,,physical,,282.1,,,,laboratory,0.1,,,batch,,,,,,,yes,,,,,,yes,9,yes,,2,5.34,,3.65,,,,,,,,,mesophilic,38,,S/I=0.46 on the basis of VS,,,,,,,,,,,,,,"Ruf, T., Emmerling, C., 2018. Site-adapted production of bioenergy feedstocks on poorly drained cropland through the cultivation of perennial crops. A feasibility study on biomass yield and biochemical methane potential. Biomass and Bioenergy 119, 429ÔÇô435. doi:10.1016/J.BIOMBIOE.2018.10.007"
cup plant,cup plant,agricultural,,,,,,,,23.8,87.11,,,physical,,249.9,,,,laboratory,0.1,,,batch,,,,,,,yes,,,,,,yes,9,yes,,2,5.34,,3.65,,,,,,,,,mesophilic,38,,S/I=0.46 on the basis of VS,,,,,,,,,,,,,,"Ruf, T., Emmerling, C., 2018. Site-adapted production of bioenergy feedstocks on poorly drained cropland through the cultivation of perennial crops. A feasibility study on biomass yield and biochemical methane potential. Biomass and Bioenergy 119, 429ÔÇô435. doi:10.1016/J.BIOMBIOE.2018.10.007"
cup plant,cup plant,agricultural,,,,,,,,26.86,87.09,,,physical,,236.3,,,,laboratory,0.1,,,batch,,,,,,,yes,,,,,,yes,9,yes,,2,5.34,,3.65,,,,,,,,,mesophilic,38,,S/I=0.46 on the basis of VS,,,,,,,,,,,,,,"Ruf, T., Emmerling, C., 2018. Site-adapted production of bioenergy feedstocks on poorly drained cropland through the cultivation of perennial crops. A feasibility study on biomass yield and biochemical methane potential. Biomass and Bioenergy 119, 429ÔÇô435. doi:10.1016/J.BIOMBIOE.2018.10.007"
artichoke,Jerusalem Artichoke,agricultural,,,,,,,,27.08,89.36,,,physical,,268.9,,,,laboratory,0.1,,,batch,,,,,,,yes,,,,,,yes,9,yes,,2,5.34,,3.65,,,,,,,,,mesophilic,38,,S/I=0.46 on the basis of VS,,,,,,,,,,,,,,"Ruf, T., Emmerling, C., 2018. Site-adapted production of bioenergy feedstocks on poorly drained cropland through the cultivation of perennial crops. A feasibility study on biomass yield and biochemical methane potential. Biomass and Bioenergy 119, 429ÔÇô435. doi:10.1016/J.BIOMBIOE.2018.10.007"
artichoke,Jerusalem Artichoke,agricultural,,,,,,,,32.79,89.35,,,physical,,301.2,,,,laboratory,0.1,,,batch,,,,,,,yes,,,,,,yes,9,yes,,2,5.34,,3.65,,,,,,,,,mesophilic,38,,S/I=0.46 on the basis of VS,,,,,,,,,,,,,,"Ruf, T., Emmerling, C., 2018. Site-adapted production of bioenergy feedstocks on poorly drained cropland through the cultivation of perennial crops. A feasibility study on biomass yield and biochemical methane potential. Biomass and Bioenergy 119, 429ÔÇô435. doi:10.1016/J.BIOMBIOE.2018.10.007"
knotweed,Giant knotweed,agricultural,,,,,,,,20.96,92.1,,,physical,,189.8,,,,laboratory,0.1,,,batch,,,,,,,yes,,,,,,yes,9,yes,,2,5.34,,3.65,,,,,,,,,mesophilic,38,,S/I=0.46 on the basis of VS,,,,,,,,,,,,,,"Ruf, T., Emmerling, C., 2018. Site-adapted production of bioenergy feedstocks on poorly drained cropland through the cultivation of perennial crops. A feasibility study on biomass yield and biochemical methane potential. Biomass and Bioenergy 119, 429ÔÇô435. doi:10.1016/J.BIOMBIOE.2018.10.007"
knotweed,Giant knotweed,agricultural,,,,,,,,23.26,30.31,,,physical,,192.1,,,,laboratory,0.1,,,batch,,,,,,,yes,,,,,,yes,9,yes,,2,5.34,,3.65,,,,,,,,,mesophilic,38,,S/I=0.46 on the basis of VS,,,,,,,,,,,,,,"Ruf, T., Emmerling, C., 2018. Site-adapted production of bioenergy feedstocks on poorly drained cropland through the cultivation of perennial crops. A feasibility study on biomass yield and biochemical methane potential. Biomass and Bioenergy 119, 429ÔÇô435. doi:10.1016/J.BIOMBIOE.2018.10.007"
wheatgrass,Tall wheatgrass,agricultural,,,,,,,,29.15,92.88,,,physical,,301.5,,,,laboratory,0.1,,,batch,,,,,,,yes,,,,,,yes,9,yes,,2,5.34,,3.65,,,,,,,,,mesophilic,38,,S/I=0.46 on the basis of VS,,,,,,,,,,,,,,"Ruf, T., Emmerling, C., 2018. Site-adapted production of bioenergy feedstocks on poorly drained cropland through the cultivation of perennial crops. A feasibility study on biomass yield and biochemical methane potential. Biomass and Bioenergy 119, 429ÔÇô435. doi:10.1016/J.BIOMBIOE.2018.10.007"
wheatgrass,Tall wheatgrass,agricultural,,,,,,,,29.92,94.36,,,physical,,285.6,,,,laboratory,0.1,,,batch,,,,,,,yes,,,,,,yes,9,yes,,2,5.34,,3.65,,,,,,,,,mesophilic,38,,S/I=0.46 on the basis of VS,,,,,,,,,,,,,,"Ruf, T., Emmerling, C., 2018. Site-adapted production of bioenergy feedstocks on poorly drained cropland through the cultivation of perennial crops. A feasibility study on biomass yield and biochemical methane potential. Biomass and Bioenergy 119, 429ÔÇô435. doi:10.1016/J.BIOMBIOE.2018.10.007"
grass,reed canary grass,agricultural,,,,,,,,28.56,90.84,,,physical,,284.4,,,,laboratory,0.1,,,batch,,,,,,,yes,,,,,,yes,9,yes,,2,5.34,,3.65,,,,,,,,,mesophilic,38,,S/I=0.46 on the basis of VS,,,,,,,,,,,,,,"Ruf, T., Emmerling, C., 2018. Site-adapted production of bioenergy feedstocks on poorly drained cropland through the cultivation of perennial crops. A feasibility study on biomass yield and biochemical methane potential. Biomass and Bioenergy 119, 429ÔÇô435. doi:10.1016/J.BIOMBIOE.2018.10.007"
grass,reed canary grass,agricultural,,,,,,,,27.24,88.54,,,physical,,290.2,,,,laboratory,0.1,,,batch,,,,,,,yes,,,,,,yes,9,yes,,2,5.34,,3.65,,,,,,,,,mesophilic,38,,S/I=0.46 on the basis of VS,,,,,,,,,,,,,,"Ruf, T., Emmerling, C., 2018. Site-adapted production of bioenergy feedstocks on poorly drained cropland through the cultivation of perennial crops. A feasibility study on biomass yield and biochemical methane potential. Biomass and Bioenergy 119, 429ÔÇô435. doi:10.1016/J.BIOMBIOE.2018.10.007"
maize,maize,agricultural,,,,,,,,27.35,96.7,,,physical,,335.4,,,,laboratory,0.1,,,batch,,,,,,,yes,,,,,,yes,9,yes,,2,5.34,,3.65,,,,,,,,,mesophilic,38,,S/I=0.46 on the basis of VS,,,,,,,,,,,,,,"Ruf, T., Emmerling, C., 2018. Site-adapted production of bioenergy feedstocks on poorly drained cropland through the cultivation of perennial crops. A feasibility study on biomass yield and biochemical methane potential. Biomass and Bioenergy 119, 429ÔÇô435. doi:10.1016/J.BIOMBIOE.2018.10.007"
maize,maize,agricultural,,,,,,,,26.88,95.06,,,physical,,347.1,,,,laboratory,0.1,,,batch,,,,,,,yes,,,,,,yes,9,yes,,2,5.34,,3.65,,,,,,,,,mesophilic,38,,S/I=0.46 on the basis of VS,,,,,,,,,,,,,,"Ruf, T., Emmerling, C., 2018. Site-adapted production of bioenergy feedstocks on poorly drained cropland through the cultivation of perennial crops. A feasibility study on biomass yield and biochemical methane potential. Biomass and Bioenergy 119, 429ÔÇô435. doi:10.1016/J.BIOMBIOE.2018.10.007"
cup plant,cup plant,agricultural,,,,,,,,24.01,93.17,,,physical,,282.4,,,,laboratory,0.1,,,batch,,,,,,,yes,,,,,,yes,9,yes,,2,5.34,,3.65,,,,,,,,,mesophilic,38,,S/I=0.46 on the basis of VS,,,,,,,,,,,,,,"Ruf, T., Emmerling, C., 2018. Site-adapted production of bioenergy feedstocks on poorly drained cropland through the cultivation of perennial crops. A feasibility study on biomass yield and biochemical methane potential. Biomass and Bioenergy 119, 429ÔÇô435. doi:10.1016/J.BIOMBIOE.2018.10.007"
cup plant,cup plant,agricultural,,,,,,,,20.82,89.22,,,physical,,273.4,,,,laboratory,0.1,,,batch,,,,,,,yes,,,,,,yes,9,yes,,2,5.34,,3.65,,,,,,,,,mesophilic,38,,S/I=0.46 on the basis of VS,,,,,,,,,,,,,,"Ruf, T., Emmerling, C., 2018. Site-adapted production of bioenergy feedstocks on poorly drained cropland through the cultivation of perennial crops. A feasibility study on biomass yield and biochemical methane potential. Biomass and Bioenergy 119, 429ÔÇô435. doi:10.1016/J.BIOMBIOE.2018.10.007"
artichoke,Jerusalem Artichoke,agricultural,,,,,,,,27.12,94.45,,,physical,,278.3,,,,laboratory,0.1,,,batch,,,,,,,yes,,,,,,yes,9,yes,,2,5.34,,3.65,,,,,,,,,mesophilic,38,,S/I=0.46 on the basis of VS,,,,,,,,,,,,,,"Ruf, T., Emmerling, C., 2018. Site-adapted production of bioenergy feedstocks on poorly drained cropland through the cultivation of perennial crops. A feasibility study on biomass yield and biochemical methane potential. Biomass and Bioenergy 119, 429ÔÇô435. doi:10.1016/J.BIOMBIOE.2018.10.007"
artichoke,Jerusalem Artichoke,agricultural,,,,,,,,20.34,90.56,,,physical,,252.4,,,,laboratory,0.1,,,batch,,,,,,,yes,,,,,,yes,9,yes,,2,5.34,,3.65,,,,,,,,,mesophilic,38,,S/I=0.46 on the basis of VS,,,,,,,,,,,,,,"Ruf, T., Emmerling, C., 2018. Site-adapted production of bioenergy feedstocks on poorly drained cropland through the cultivation of perennial crops. A feasibility study on biomass yield and biochemical methane potential. Biomass and Bioenergy 119, 429ÔÇô435. doi:10.1016/J.BIOMBIOE.2018.10.007"
knotweed,Giant knotweed,agricultural,,,,,,,,24.43,93.95,,,physical,,222.4,,,,laboratory,0.1,,,batch,,,,,,,yes,,,,,,yes,9,yes,,2,5.34,,3.65,,,,,,,,,mesophilic,38,,S/I=0.46 on the basis of VS,,,,,,,,,,,,,,"Ruf, T., Emmerling, C., 2018. Site-adapted production of bioenergy feedstocks on poorly drained cropland through the cultivation of perennial crops. A feasibility study on biomass yield and biochemical methane potential. Biomass and Bioenergy 119, 429ÔÇô435. doi:10.1016/J.BIOMBIOE.2018.10.007"
knotweed,Giant knotweed,agricultural,,,,,,,,17.69,91.03,,,physical,,219.6,,,,laboratory,0.1,,,batch,,,,,,,yes,,,,,,yes,9,yes,,2,5.34,,3.65,,,,,,,,,mesophilic,38,,S/I=0.46 on the basis of VS,,,,,,,,,,,,,,"Ruf, T., Emmerling, C., 2018. Site-adapted production of bioenergy feedstocks on poorly drained cropland through the cultivation of perennial crops. A feasibility study on biomass yield and biochemical methane potential. Biomass and Bioenergy 119, 429ÔÇô435. doi:10.1016/J.BIOMBIOE.2018.10.007"
wheatgrass,Tall wheatgrass,agricultural,,,,,,,,32.87,94.65,,,physical,,291.2,,,,laboratory,0.1,,,batch,,,,,,,yes,,,,,,yes,9,yes,,2,5.34,,3.65,,,,,,,,,mesophilic,38,,S/I=0.46 on the basis of VS,,,,,,,,,,,,,,"Ruf, T., Emmerling, C., 2018. Site-adapted production of bioenergy feedstocks on poorly drained cropland through the cultivation of perennial crops. A feasibility study on biomass yield and biochemical methane potential. Biomass and Bioenergy 119, 429ÔÇô435. doi:10.1016/J.BIOMBIOE.2018.10.007"
wheatgrass,Tall wheatgrass,agricultural,,,,,,,,34.22,93.53,,,physical,,267.7,,,,laboratory,0.1,,,batch,,,,,,,yes,,,,,,yes,9,yes,,2,5.34,,3.65,,,,,,,,,mesophilic,38,,S/I=0.46 on the basis of VS,,,,,,,,,,,,,,"Ruf, T., Emmerling, C., 2018. Site-adapted production of bioenergy feedstocks on poorly drained cropland through the cultivation of perennial crops. A feasibility study on biomass yield and biochemical methane potential. Biomass and Bioenergy 119, 429ÔÇô435. doi:10.1016/J.BIOMBIOE.2018.10.007"
grass,reed canary grass,agricultural,,,,,,,,26.89,92.76,,,physical,,277,,,,laboratory,0.1,,,batch,,,,,,,yes,,,,,,yes,9,yes,,2,5.34,,3.65,,,,,,,,,mesophilic,38,,S/I=0.46 on the basis of VS,,,,,,,,,,,,,,"Ruf, T., Emmerling, C., 2018. Site-adapted production of bioenergy feedstocks on poorly drained cropland through the cultivation of perennial crops. A feasibility study on biomass yield and biochemical methane potential. Biomass and Bioenergy 119, 429ÔÇô435. doi:10.1016/J.BIOMBIOE.2018.10.007"
grass,reed canary grass,agricultural,,,,,,,,25.64,91.25,,,physical,,277.3,,,,laboratory,0.1,,,batch,,,,,,,yes,,,,,,yes,9,yes,,2,5.34,,3.65,,,,,,,,,mesophilic,38,,S/I=0.46 on the basis of VS,,,,,,,,,,,,,,"Ruf, T., Emmerling, C., 2018. Site-adapted production of bioenergy feedstocks on poorly drained cropland through the cultivation of perennial crops. A feasibility study on biomass yield and biochemical methane potential. Biomass and Bioenergy 119, 429ÔÇô435. doi:10.1016/J.BIOMBIOE.2018.10.007"
cup plant,cup plant,agricultural,,,,,,,,39,,,,,,232,,,,laboratory,0.1,,,batch,,,,,,,yes,,,,,,,,,,,4.63,,2.81,,,,,,,,,mesophilic,37,,,,,,,,,,,,,,,,"Mast, B., Lemmer, A., Oechsner, H., Reinhardt-Hanisch, A., Claupein, W., Graeff-H├Ânninger, S., 2014. Methane yield potential of novel perennial biogas crops influenced by harvest date. Ind. Crops Prod. 58, 194ÔÇô203. doi:10.1016/J.INDCROP.2014.04.017"
cup plant,cup plant,agricultural,,,,,,,,39,,,,,,248,,,,laboratory,0.1,,,batch,,,,,,,yes,,,,,,,,,,,4.63,,2.81,,,,,,,,,mesophilic,37,,,,,,,,,,,,,,,,"Mast, B., Lemmer, A., Oechsner, H., Reinhardt-Hanisch, A., Claupein, W., Graeff-H├Ânninger, S., 2014. Methane yield potential of novel perennial biogas crops influenced by harvest date. Ind. Crops Prod. 58, 194ÔÇô203. doi:10.1016/J.INDCROP.2014.04.017"
cup plant,cup plant,agricultural,,,,,,,,37,,,,,,275,,,,laboratory,0.1,,,batch,,,,,,,yes,,,,,,,,,,,4.63,,2.81,,,,,,,,,mesophilic,37,,,,,,,,,,,,,,,,"Mast, B., Lemmer, A., Oechsner, H., Reinhardt-Hanisch, A., Claupein, W., Graeff-H├Ânninger, S., 2014. Methane yield potential of novel perennial biogas crops influenced by harvest date. Ind. Crops Prod. 58, 194ÔÇô203. doi:10.1016/J.INDCROP.2014.04.017"
cup plant,cup plant,agricultural,,,,,,,,29.9,,,,,,256,,,,laboratory,0.1,,,batch,,,,,,,yes,,,,,,,,,,,4.63,,2.81,,,,,,,,,mesophilic,37,,,,,,,,,,,,,,,,"Mast, B., Lemmer, A., Oechsner, H., Reinhardt-Hanisch, A., Claupein, W., Graeff-H├Ânninger, S., 2014. Methane yield potential of novel perennial biogas crops influenced by harvest date. Ind. Crops Prod. 58, 194ÔÇô203. doi:10.1016/J.INDCROP.2014.04.017"
energy dock,energy dock,agricultural,,,,,,,,9,,,,,,297,,,,laboratory,0.1,,,batch,,,,,,,yes,,,,,,,,,,,4.63,,2.81,,,,,,,,,mesophilic,37,,,,,,,,,,,,,,,,"Mast, B., Lemmer, A., Oechsner, H., Reinhardt-Hanisch, A., Claupein, W., Graeff-H├Ânninger, S., 2014. Methane yield potential of novel perennial biogas crops influenced by harvest date. Ind. Crops Prod. 58, 194ÔÇô203. doi:10.1016/J.INDCROP.2014.04.018"
energy dock,energy dock,agricultural,,,,,,,,12,,,,,,294,,,,laboratory,0.1,,,batch,,,,,,,yes,,,,,,,,,,,4.63,,2.81,,,,,,,,,mesophilic,37,,,,,,,,,,,,,,,,"Mast, B., Lemmer, A., Oechsner, H., Reinhardt-Hanisch, A., Claupein, W., Graeff-H├Ânninger, S., 2014. Methane yield potential of novel perennial biogas crops influenced by harvest date. Ind. Crops Prod. 58, 194ÔÇô203. doi:10.1016/J.INDCROP.2014.04.019"
energy dock,energy dock,agricultural,,,,,,,,15,,,,,,290,,,,laboratory,0.1,,,batch,,,,,,,yes,,,,,,,,,,,4.63,,2.81,,,,,,,,,mesophilic,37,,,,,,,,,,,,,,,,"Mast, B., Lemmer, A., Oechsner, H., Reinhardt-Hanisch, A., Claupein, W., Graeff-H├Ânninger, S., 2014. Methane yield potential of novel perennial biogas crops influenced by harvest date. Ind. Crops Prod. 58, 194ÔÇô203. doi:10.1016/J.INDCROP.2014.04.020"
energy dock,energy dock,agricultural,,,,,,,,21,,,,,,289,,,,laboratory,0.1,,,batch,,,,,,,yes,,,,,,,,,,,4.63,,2.81,,,,,,,,,mesophilic,37,,,,,,,,,,,,,,,,"Mast, B., Lemmer, A., Oechsner, H., Reinhardt-Hanisch, A., Claupein, W., Graeff-H├Ânninger, S., 2014. Methane yield potential of novel perennial biogas crops influenced by harvest date. Ind. Crops Prod. 58, 194ÔÇô203. doi:10.1016/J.INDCROP.2014.04.021"
energy dock,energy dock,agricultural,,,,,,,,28,,,,,,187,,,,laboratory,0.1,,,batch,,,,,,,yes,,,,,,,,,,,4.63,,2.81,,,,,,,,,mesophilic,37,,,,,,,,,,,,,,,,"Mast, B., Lemmer, A., Oechsner, H., Reinhardt-Hanisch, A., Claupein, W., Graeff-H├Ânninger, S., 2014. Methane yield potential of novel perennial biogas crops influenced by harvest date. Ind. Crops Prod. 58, 194ÔÇô203. doi:10.1016/J.INDCROP.2014.04.022"
grass,szarvasi industrial grass,agricultural,,,,,,,,20,,,,,,376,,,,laboratory,0.1,,,batch,,,,,,,yes,,,,,,,,,,,4.63,,2.81,,,,,,,,,mesophilic,37,,,,,,,,,,,,,,,,"Mast, B., Lemmer, A., Oechsner, H., Reinhardt-Hanisch, A., Claupein, W., Graeff-H├Ânninger, S., 2014. Methane yield potential of novel perennial biogas crops influenced by harvest date. Ind. Crops Prod. 58, 194ÔÇô203. doi:10.1016/J.INDCROP.2014.04.023"
grass,szarvasi industrial grass,agricultural,,,,,,,,21,,,,,,361,,,,laboratory,0.1,,,batch,,,,,,,yes,,,,,,,,,,,4.63,,2.81,,,,,,,,,mesophilic,37,,,,,,,,,,,,,,,,"Mast, B., Lemmer, A., Oechsner, H., Reinhardt-Hanisch, A., Claupein, W., Graeff-H├Ânninger, S., 2014. Methane yield potential of novel perennial biogas crops influenced by harvest date. Ind. Crops Prod. 58, 194ÔÇô203. doi:10.1016/J.INDCROP.2014.04.024"
grass,szarvasi industrial grass,agricultural,,,,,,,,26,,,,,,312,,,,laboratory,0.1,,,batch,,,,,,,yes,,,,,,,,,,,4.63,,2.81,,,,,,,,,mesophilic,37,,,,,,,,,,,,,,,,"Mast, B., Lemmer, A., Oechsner, H., Reinhardt-Hanisch, A., Claupein, W., Graeff-H├Ânninger, S., 2014. Methane yield potential of novel perennial biogas crops influenced by harvest date. Ind. Crops Prod. 58, 194ÔÇô203. doi:10.1016/J.INDCROP.2014.04.025"
grass,szarvasi industrial grass,agricultural,,,,,,,,30,,,,,,311,,,,laboratory,0.1,,,batch,,,,,,,yes,,,,,,,,,,,4.63,,2.81,,,,,,,,,mesophilic,37,,,,,,,,,,,,,,,,"Mast, B., Lemmer, A., Oechsner, H., Reinhardt-Hanisch, A., Claupein, W., Graeff-H├Ânninger, S., 2014. Methane yield potential of novel perennial biogas crops influenced by harvest date. Ind. Crops Prod. 58, 194ÔÇô203. doi:10.1016/J.INDCROP.2014.04.026"
igniscum,igniscum,agricultural,,,,,,,,18,,,,,,146,,,,laboratory,0.1,,,batch,,,,,,,yes,,,,,,,,,,,4.63,,2.81,,,,,,,,,mesophilic,37,,,,,,,,,,,,,,,,"Mast, B., Lemmer, A., Oechsner, H., Reinhardt-Hanisch, A., Claupein, W., Graeff-H├Ânninger, S., 2014. Methane yield potential of novel perennial biogas crops influenced by harvest date. Ind. Crops Prod. 58, 194ÔÇô203. doi:10.1016/J.INDCROP.2014.04.027"
igniscum,igniscum,agricultural,,,,,,,,16,,,,,,148,,,,laboratory,0.1,,,batch,,,,,,,yes,,,,,,,,,,,4.63,,2.81,,,,,,,,,mesophilic,37,,,,,,,,,,,,,,,,"Mast, B., Lemmer, A., Oechsner, H., Reinhardt-Hanisch, A., Claupein, W., Graeff-H├Ânninger, S., 2014. Methane yield potential of novel perennial biogas crops influenced by harvest date. Ind. Crops Prod. 58, 194ÔÇô203. doi:10.1016/J.INDCROP.2014.04.028"
igniscum,igniscum,agricultural,,,,,,,,13,,,,,,150,,,,laboratory,0.1,,,batch,,,,,,,yes,,,,,,,,,,,4.63,,2.81,,,,,,,,,mesophilic,37,,,,,,,,,,,,,,,,"Mast, B., Lemmer, A., Oechsner, H., Reinhardt-Hanisch, A., Claupein, W., Graeff-H├Ânninger, S., 2014. Methane yield potential of novel perennial biogas crops influenced by harvest date. Ind. Crops Prod. 58, 194ÔÇô203. doi:10.1016/J.INDCROP.2014.04.029"
igniscum,igniscum,agricultural,,,,,,,,17,,,,,,158,,,,laboratory,0.1,,,batch,,,,,,,yes,,,,,,,,,,,4.63,,2.81,,,,,,,,,mesophilic,37,,,,,,,,,,,,,,,,"Mast, B., Lemmer, A., Oechsner, H., Reinhardt-Hanisch, A., Claupein, W., Graeff-H├Ânninger, S., 2014. Methane yield potential of novel perennial biogas crops influenced by harvest date. Ind. Crops Prod. 58, 194ÔÇô203. doi:10.1016/J.INDCROP.2014.04.030"
maize,maize,agricultural,,,,,,,,,,,,,,349,,,,laboratory,0.1,,,batch,,,,,,,yes,,,,,,,,,,,4.63,,2.81,,,,,,,,,mesophilic,37,,,,,,,,,,,,,,,,"Mast, B., Lemmer, A., Oechsner, H., Reinhardt-Hanisch, A., Claupein, W., Graeff-H├Ânninger, S., 2014. Methane yield potential of novel perennial biogas crops influenced by harvest date. Ind. Crops Prod. 58, 194ÔÇô203. doi:10.1016/J.INDCROP.2014.04.031"
flower,Silphium perfoliatum,agricultural,,,,,40.6,4.8,7,25.33,89.38,solid,yes,physical-enzymatic,,250,,,,laboratory,0.1,,,batch,,,no,,no,"lactic acid bacteria (Bio-Sil, Dr. Pieper, Germany) substrate pretreatment",yes,,,,,,,,yes,,1,,,,,,,,,,,,mesophilic,37,crude ash in substrate XA=10.7,crude fiber in substrate XF=40.6,,,,,,,,,,,,,,"Haag, N.L., N├ñgele, H.-J., Reiss, K., Biert├╝mpfel, A., Oechsner, H., 2015. Methane formation potential of cup plant (Silphium┬áperfoliatum). Biomass and Bioenergy 75, 126ÔÇô133. doi:10.1016/J.BIOMBIOE.2015.02.012"
flower,Silphium perfoliatum,agricultural,,,,,40.9,6.2,7,23.78,87.63,solid,yes,physical-enzymatic,,228,,,,laboratory,0.1,,,batch,,,no,,no,"lactic acid bacteria (Bio-Sil, Dr. Pieper, Germany) substrate pretreatment",yes,,,,,,,,yes,,1,,,,,,,,,,,,mesophilic,37,crude ash in substrate XA=10.9,crude fiber in substrate XF=40.9,,,,,,,,,,,,,,"Haag, N.L., N├ñgele, H.-J., Reiss, K., Biert├╝mpfel, A., Oechsner, H., 2015. Methane formation potential of cup plant (Silphium┬áperfoliatum). Biomass and Bioenergy 75, 126ÔÇô133. doi:10.1016/J.BIOMBIOE.2015.02.013"
flower,Silphium perfoliatum,agricultural,,,,,38.6,5.6,6.4,26.93,90.34,solid,yes,physical-enzymatic,,256,,,,laboratory,0.1,,,batch,,,no,,no,"lactic acid bacteria (Bio-Sil, Dr. Pieper, Germany) substrate pretreatment",yes,,,,,,,,yes,,1,,,,,,,,,,,,mesophilic,37,crude ash in substrate XA=10.9,crude fiber in substrate XF=38.6,,,,,,,,,,,,,,"Haag, N.L., N├ñgele, H.-J., Reiss, K., Biert├╝mpfel, A., Oechsner, H., 2015. Methane formation potential of cup plant (Silphium┬áperfoliatum). Biomass and Bioenergy 75, 126ÔÇô133. doi:10.1016/J.BIOMBIOE.2015.02.014"
flower,Silphium perfoliatum,agricultural,,,,,38.3,6.8,5.7,23.04,89.24,solid,yes,physical-enzymatic,,248,,,,laboratory,0.1,,,batch,,,no,,no,"lactic acid bacteria (Bio-Sil, Dr. Pieper, Germany) substrate pretreatment",yes,,,,,,,,yes,,1,,,,,,,,,,,,mesophilic,37,crude ash in substrate XA=10.4,crude fiber in substrate XF=38.3,,,,,,,,,,,,,,"Haag, N.L., N├ñgele, H.-J., Reiss, K., Biert├╝mpfel, A., Oechsner, H., 2015. Methane formation potential of cup plant (Silphium┬áperfoliatum). Biomass and Bioenergy 75, 126ÔÇô133. doi:10.1016/J.BIOMBIOE.2015.02.015"
flower,Silphium perfoliatum,agricultural,,,,,39,5.6,5.6,25.05,88.94,solid,yes,physical-enzymatic,,260,,,,laboratory,0.1,,,batch,,,no,,no,"lactic acid bacteria (Bio-Sil, Dr. Pieper, Germany) substrate pretreatment",yes,,,,,,,,yes,,1,,,,,,,,,,,,mesophilic,37,crude ash in substrate XA=11.7,crude fiber in substrate XF=39,,,,,,,,,,,,,,"Haag, N.L., N├ñgele, H.-J., Reiss, K., Biert├╝mpfel, A., Oechsner, H., 2015. Methane formation potential of cup plant (Silphium┬áperfoliatum). Biomass and Bioenergy 75, 126ÔÇô133. doi:10.1016/J.BIOMBIOE.2015.02.016"
flower,Silphium perfoliatum,agricultural,,,,,33.4,5.8,4.7,24.1,90.12,solid,yes,physical-enzymatic,,254,,,,laboratory,0.1,,,batch,,,no,,no,"lactic acid bacteria (Bio-Sil, Dr. Pieper, Germany) substrate pretreatment",yes,,,,,,,,yes,,1,,,,,,,,,,,,mesophilic,37,crude ash in substrate XA=10.1,crude fiber in substrate XF=33.4,,,,,,,,,,,,,,"Haag, N.L., N├ñgele, H.-J., Reiss, K., Biert├╝mpfel, A., Oechsner, H., 2015. Methane formation potential of cup plant (Silphium┬áperfoliatum). Biomass and Bioenergy 75, 126ÔÇô133. doi:10.1016/J.BIOMBIOE.2015.02.017"
flower,Silphium perfoliatum,agricultural,,,,,39.6,5.6,6.4,23.34,89.52,solid,yes,physical-enzymatic,,255,,,,laboratory,0.1,,,batch,,,no,,no,"lactic acid bacteria (Bio-Sil, Dr. Pieper, Germany) substrate pretreatment",yes,,,,,,,,yes,,1,,,,,,,,,,,,mesophilic,37,crude ash in substrate XA=9.3,crude fiber in substrate XF=39.6,,,,,,,,,,,,,,"Haag, N.L., N├ñgele, H.-J., Reiss, K., Biert├╝mpfel, A., Oechsner, H., 2015. Methane formation potential of cup plant (Silphium┬áperfoliatum). Biomass and Bioenergy 75, 126ÔÇô133. doi:10.1016/J.BIOMBIOE.2015.02.018"
flower,Silphium perfoliatum,agricultural,,,,,2.3,5.8,6.1,24.65,89.33,solid,yes,physical-enzymatic,,251,,,,laboratory,0.1,,,batch,,,no,,no,"lactic acid bacteria (Bio-Sil, Dr. Pieper, Germany) substrate pretreatment",yes,,,,,,,,yes,,1,,,,,,,,,,,,mesophilic,37,crude ash in substrate XA=10.6,crude fiber in substrate XF=38.6,,,,,,,,,,,,,,"Haag, N.L., N├ñgele, H.-J., Reiss, K., Biert├╝mpfel, A., Oechsner, H., 2015. Methane formation potential of cup plant (Silphium┬áperfoliatum). Biomass and Bioenergy 75, 126ÔÇô133. doi:10.1016/J.BIOMBIOE.2015.02.019"
flower,Silphium perfoliatum,agricultural,,,,,40.6,4.8,7,25.33,89.38,solid,yes,physical-enzymatic,,212,,3,,pilot,20,,,semicontinuous,,,no,,no,"lactic acid bacteria (Bio-Sil, Dr. Pieper, Germany) substrate pretreatment",yes,,,,,,,,,,5,,,,,,,0.163,,,,,mesophilic,40,crude ash in substrate XA=10.7,crude fiber in substrate XF=40.6,,,,,,,0.268,,,,,,,"Haag, N.L., N├ñgele, H.-J., Reiss, K., Biert├╝mpfel, A., Oechsner, H., 2015. Methane formation potential of cup plant (Silphium┬áperfoliatum). Biomass and Bioenergy 75, 126ÔÇô133. doi:10.1016/J.BIOMBIOE.2015.02.020"
flower,Silphium perfoliatum,agricultural,,,,,40.9,6.2,7,23.78,87.63,solid,yes,physical-enzymatic,,220,,3,,pilot,20,,,semicontinuous,,,no,,no,"lactic acid bacteria (Bio-Sil, Dr. Pieper, Germany) substrate pretreatment",yes,,,,,,,,,,5,,,,,,,0.163,,,,,mesophilic,40,crude ash in substrate XA=10.9,crude fiber in substrate XF=40.9,,,,,,,0.248,,,,,,,"Haag, N.L., N├ñgele, H.-J., Reiss, K., Biert├╝mpfel, A., Oechsner, H., 2015. Methane formation potential of cup plant (Silphium┬áperfoliatum). Biomass and Bioenergy 75, 126ÔÇô133. doi:10.1016/J.BIOMBIOE.2015.02.021"
flower,Silphium perfoliatum,agricultural,,,,,38.6,5.6,6.4,26.93,90.34,solid,yes,physical-enzymatic,,224,,3,,pilot,20,,,semicontinuous,,,no,,no,"lactic acid bacteria (Bio-Sil, Dr. Pieper, Germany) substrate pretreatment",yes,,,,,,,,,,5,,,,,,,0.163,,,,,mesophilic,40,crude ash in substrate XA=10.9,crude fiber in substrate XF=38.6,,,,,,,0.281,,,,,,,"Haag, N.L., N├ñgele, H.-J., Reiss, K., Biert├╝mpfel, A., Oechsner, H., 2015. Methane formation potential of cup plant (Silphium┬áperfoliatum). Biomass and Bioenergy 75, 126ÔÇô133. doi:10.1016/J.BIOMBIOE.2015.02.022"
flower,Silphium perfoliatum,agricultural,,,,,38.3,6.8,5.7,23.04,89.24,solid,yes,physical-enzymatic,,221,,3,,pilot,20,,,semicontinuous,,,no,,no,"lactic acid bacteria (Bio-Sil, Dr. Pieper, Germany) substrate pretreatment",yes,,,,,,,,,,5,,,,,,,0.163,,,,,mesophilic,40,crude ash in substrate XA=10.4,crude fiber in substrate XF=38.3,,,,,,,0.287,,,,,,,"Haag, N.L., N├ñgele, H.-J., Reiss, K., Biert├╝mpfel, A., Oechsner, H., 2015. Methane formation potential of cup plant (Silphium┬áperfoliatum). Biomass and Bioenergy 75, 126ÔÇô133. doi:10.1016/J.BIOMBIOE.2015.02.023"
flower,Silphium perfoliatum,agricultural,,,,,39,5.6,5.6,25.05,88.94,solid,yes,physical-enzymatic,,235,,3,,pilot,20,,,semicontinuous,,,no,,no,"lactic acid bacteria (Bio-Sil, Dr. Pieper, Germany) substrate pretreatment",yes,,,,,,,,,,5,,,,,,,0.163,,,,,mesophilic,40,crude ash in substrate XA=11.7,crude fiber in substrate XF=39,,,,,,,0.251,,,,,,,"Haag, N.L., N├ñgele, H.-J., Reiss, K., Biert├╝mpfel, A., Oechsner, H., 2015. Methane formation potential of cup plant (Silphium┬áperfoliatum). Biomass and Bioenergy 75, 126ÔÇô133. doi:10.1016/J.BIOMBIOE.2015.02.024"
flower,Silphium perfoliatum,agricultural,,,,,33.4,5.8,4.7,24.1,90.12,solid,yes,physical-enzymatic,,244,,3,,pilot,20,,,semicontinuous,,,no,,no,"lactic acid bacteria (Bio-Sil, Dr. Pieper, Germany) substrate pretreatment",yes,,,,,,,,,,5,,,,,,,0.163,,,,,mesophilic,40,crude ash in substrate XA=10.1,crude fiber in substrate XF=33.4,,,,,,,0.241,,,,,,,"Haag, N.L., N├ñgele, H.-J., Reiss, K., Biert├╝mpfel, A., Oechsner, H., 2015. Methane formation potential of cup plant (Silphium┬áperfoliatum). Biomass and Bioenergy 75, 126ÔÇô133. doi:10.1016/J.BIOMBIOE.2015.02.025"
flower,Silphium perfoliatum,agricultural,,,,,39.6,5.6,6.4,23.34,89.52,solid,yes,physical-enzymatic,,229,,3,,pilot,20,,,semicontinuous,,,no,,no,"lactic acid bacteria (Bio-Sil, Dr. Pieper, Germany) substrate pretreatment",yes,,,,,,,,,,5,,,,,,,0.163,,,,,mesophilic,40,crude ash in substrate XA=9.3,crude fiber in substrate XF=39.6,,,,,,,0.273,,,,,,,"Haag, N.L., N├ñgele, H.-J., Reiss, K., Biert├╝mpfel, A., Oechsner, H., 2015. Methane formation potential of cup plant (Silphium┬áperfoliatum). Biomass and Bioenergy 75, 126ÔÇô133. doi:10.1016/J.BIOMBIOE.2015.02.026"
flower,Silphium perfoliatum,agricultural,,,,,2.3,5.8,6.1,24.65,89.33,solid,yes,physical-enzymatic,,227,,3,,pilot,20,,,semicontinuous,,,no,,no,"lactic acid bacteria (Bio-Sil, Dr. Pieper, Germany) substrate pretreatment",yes,,,,,,,,,,5,,,,,,,0.163,,,,,mesophilic,40,crude ash in substrate XA=10.6,crude fiber in substrate XF=38.6,,,,,,,0.282,,,,,,,"Haag, N.L., N├ñgele, H.-J., Reiss, K., Biert├╝mpfel, A., Oechsner, H., 2015. Methane formation potential of cup plant (Silphium┬áperfoliatum). Biomass and Bioenergy 75, 126ÔÇô133. doi:10.1016/J.BIOMBIOE.2015.02.027"
grass silage,grass silage,agricultural,4.5,,,,,,,31.4,92.8,,,physical,,300,,,,laboratory,0.2,0.375,,batch,,,,,,,,,,,yes,,yes,5,yes,,2,,,,,,,,,,,,mesophilic,36,,,,,,,,,,,,,,,,https://pdfs.semanticscholar.org/25cf/2d7bba4758136830a9a02caf3ecd997173bb.pdf
grass silage,grass silage,agricultural,4.5,,,,,,,31.4,92.8,,,physical,,319,,,,laboratory,0.2,0.375,,batch,,,,,,,,,,,yes,,yes,5,yes,,2,,,,,,,,,,,,mesophilic,36,,,,,,,,,,,,,,,,https://pdfs.semanticscholar.org/25cf/2d7bba4758136830a9a02caf3ecd997173bb.pdf
grass silage,grass silage,agricultural,4.5,,,,,,,31.4,92.8,,,physical,,338,,,,laboratory,0.2,0.375,,batch,,,,,,,,,,,yes,,yes,5,yes,,2,,,,,,,,,,,,mesophilic,36,,,,,,,,,,,,,,,,https://pdfs.semanticscholar.org/25cf/2d7bba4758136830a9a02caf3ecd997173bb.pdf
maize silage,maize silage,agricultural,4.2,,,,,,,17.4,95.2,,,physical,,286,,,,laboratory,0.2,0.375,,batch,,,,,,,,,,,yes,,yes,5,yes,,2,,,,,,,,,,,,mesophilic,36,,,,,,,,,,,,,,,,https://pdfs.semanticscholar.org/25cf/2d7bba4758136830a9a02caf3ecd997173bb.pdf
maize silage,maize silage,agricultural,4.2,,,,,,,17.4,95.2,,,physical,,307,,,,laboratory,0.2,0.375,,batch,,,,,,,,,,,yes,,yes,5,yes,,2,,,,,,,,,,,,mesophilic,36,,,,,,,,,,,,,,,,https://pdfs.semanticscholar.org/25cf/2d7bba4758136830a9a02caf3ecd997173bb.pdf
maize silage,maize silage,agricultural,4.2,,,,,,,17.4,95.2,,,physical,,328,,,,laboratory,0.2,0.375,,batch,,,,,,,,,,,yes,,yes,5,yes,,2,,,,,,,,,,,,mesophilic,36,,,,,,,,,,,,,,,,https://pdfs.semanticscholar.org/25cf/2d7bba4758136830a9a02caf3ecd997173bb.pdf
silage,silage,agricultural,4.4,,,,,,,29.4,92,,,physical,,265,,,,laboratory,0.2,0.375,,batch,,,,,,,,,,,yes,,yes,5,yes,,2,,,,,,,,,,,,mesophilic,36,,,,,,,,,,,,,,,,https://pdfs.semanticscholar.org/25cf/2d7bba4758136830a9a02caf3ecd997173bb.pdf
silage,silage,agricultural,4.4,,,,,,,29.4,92,,,physical,,296,,,,laboratory,0.2,0.375,,batch,,,,,,,,,,,yes,,yes,5,yes,,2,,,,,,,,,,,,mesophilic,36,,,,,,,,,,,,,,,,https://pdfs.semanticscholar.org/25cf/2d7bba4758136830a9a02caf3ecd997173bb.pdf
silage,silage,agricultural,4.4,,,,,,,29.4,92,,,physical,,327,,,,laboratory,0.2,0.375,,batch,,,,,,,,,,,yes,,yes,5,yes,,2,,,,,,,,,,,,mesophilic,36,,,,,,,,,,,,,,,,https://pdfs.semanticscholar.org/25cf/2d7bba4758136830a9a02caf3ecd997173bb.pdf
hay,hay,agricultural,,,,,,,,91.3,93.7,,,physical,,253,,,,laboratory,0.2,0.375,,batch,,,,,,,,,,,yes,,yes,5,yes,,2,,,,,,,,,,,,mesophilic,36,,,,,,,,,,,,,,,,https://pdfs.semanticscholar.org/25cf/2d7bba4758136830a9a02caf3ecd997173bb.pdf
hay,hay,agricultural,,,,,,,,91.3,93.7,,,physical,,286,,,,laboratory,0.2,0.375,,batch,,,,,,,,,,,yes,,yes,5,yes,,2,,,,,,,,,,,,mesophilic,36,,,,,,,,,,,,,,,,https://pdfs.semanticscholar.org/25cf/2d7bba4758136830a9a02caf3ecd997173bb.pdf
hay,hay,agricultural,,,,,,,,91.3,93.7,,,physical,,319,,,,laboratory,0.2,0.375,,batch,,,,,,,,,,,yes,,yes,5,yes,,2,,,,,,,,,,,,mesophilic,36,,,,,,,,,,,,,,,,https://pdfs.semanticscholar.org/25cf/2d7bba4758136830a9a02caf3ecd997173bb.pdf
pig slurry,pig slurry,agricultural,7,,,,,,,6.99,74.9,,,,,317,,,,laboratory,0.2,0.375,,batch,,,,,,,,,,,yes,,yes,5,,,2,,,,,,,,,,,,mesophilic,36,,,,,,,,,,,,,,,,https://pdfs.semanticscholar.org/25cf/2d7bba4758136830a9a02caf3ecd997173bb.pdf
cattle slurry,cattle slurry,agricultural,7.7,,,,,,,7.8,78.2,,,,,196,,,,laboratory,0.2,0.375,,batch,,,,,,,,,,,yes,,yes,5,,,2,,,,,,,,,,,,mesophilic,36,,,,,,,,,,,,,,,,https://pdfs.semanticscholar.org/25cf/2d7bba4758136830a9a02caf3ecd997173bb.pdf
cattle slurry,cattle slurry,agricultural,7.7,,,,,,,7.8,78.2,,,,,238,,,,laboratory,0.2,0.375,,batch,,,,,,,,,,,yes,,yes,5,,,2,,,,,,,,,,,,mesophilic,36,,,,,,,,,,,,,,,,https://pdfs.semanticscholar.org/25cf/2d7bba4758136830a9a02caf3ecd997173bb.pdf
cattle slurry,cattle slurry,agricultural,7.7,,,,,,,7.8,78.2,,,,,280,,,,laboratory,0.2,0.375,,batch,,,,,,,,,,,yes,,yes,5,,,2,,,,,,,,,,,,mesophilic,36,,,,,,,,,,,,,,,,https://pdfs.semanticscholar.org/25cf/2d7bba4758136830a9a02caf3ecd997173bb.pdf
cheese,cheese,industrial,,,,,,,,56.2,96,,,,,659,,,,laboratory,0.2,0.375,,batch,,,,,,,,,,,yes,,yes,5,,,2,,,,,,,,,,,,mesophilic,36,,,,,,,,,,,,,,,,https://pdfs.semanticscholar.org/25cf/2d7bba4758136830a9a02caf3ecd997173bb.pdf
sour cream,sour cream,industrial,,,,,,,,26.5,99.2,,,,,714,,,,laboratory,0.2,0.375,,batch,,,,,,,,,,,yes,,yes,5,,,2,,,,,,,,,,,,mesophilic,36,,,,,,,,,,,,,,,,https://pdfs.semanticscholar.org/25cf/2d7bba4758136830a9a02caf3ecd997173bb.pdf
cottage cheese,cottage cheese,industrial,,,,,,,,26.5,98,,,,,602,,,,laboratory,0.2,0.375,,batch,,,,,,,,,,,yes,,yes,5,,,2,,,,,,,,,,,,mesophilic,36,,,,,,,,,,,,,,,,https://pdfs.semanticscholar.org/25cf/2d7bba4758136830a9a02caf3ecd997173bb.pdf
milk,butter milk,industrial,,,,,,,,10.9,99.2,,,,,489,,,,laboratory,0.2,0.375,,batch,,,,,,,,,,,yes,,yes,5,,,2,,,,,,,,,,,,mesophilic,36,,,,,,,,,,,,,,,,https://pdfs.semanticscholar.org/25cf/2d7bba4758136830a9a02caf3ecd997173bb.pdf
milk,milk 2.5 % fat,industrial,,,,,,,,11,99.3,,,,,458,,,,laboratory,0.2,0.375,,batch,,,,,,,,,,,yes,,yes,5,,,2,,,,,,,,,,,,mesophilic,36,,,,,,,,,,,,,,,,https://pdfs.semanticscholar.org/25cf/2d7bba4758136830a9a02caf3ecd997173bb.pdf
milk,milk 3.5 % fat,industrial,,,,,,,,12,99.3,,,,,466,,,,laboratory,0.2,0.375,,batch,,,,,,,,,,,yes,,yes,5,,,2,,,,,,,,,,,,mesophilic,36,,,,,,,,,,,,,,,,https://pdfs.semanticscholar.org/25cf/2d7bba4758136830a9a02caf3ecd997173bb.pdf
milk,raw milk,industrial,,,,,,,,12.8,99.3,,,,,512,,,,laboratory,0.2,0.375,,batch,,,,,,,,,,,yes,,yes,5,,,2,,,,,,,,,,,,mesophilic,36,,,,,,,,,,,,,,,,https://pdfs.semanticscholar.org/25cf/2d7bba4758136830a9a02caf3ecd997173bb.pdf
slop,distillery slop,industrial,3.3,,,,,,,9.55,93.1,,,,,381,,,,laboratory,0.2,0.375,,batch,,,,,,,,,,,yes,,yes,5,,,2,,,,,,,,,,,,mesophilic,36,,,,,,,,,,,,,,,,https://pdfs.semanticscholar.org/25cf/2d7bba4758136830a9a02caf3ecd997173bb.pdf
slop,distillery slop,industrial,3.2,,,,,,,5.54,91.3,,,,,335,,,,laboratory,0.2,0.375,,batch,,,,,,,,,,,yes,,yes,5,,,2,,,,,,,,,,,,mesophilic,36,,,,,,,,,,,,,,,,https://pdfs.semanticscholar.org/25cf/2d7bba4758136830a9a02caf3ecd997173bb.pdf
grain mill,grain mill - aspiration dust,industrial,4.1,,,,,,,87.4,94,,,,,274,,,,laboratory,0.2,0.375,,batch,,,,,,,,,,,yes,,yes,5,,,2,,,,,,,,,,,,mesophilic,36,,,,,,,,,,,,,,,,https://pdfs.semanticscholar.org/25cf/2d7bba4758136830a9a02caf3ecd997173bb.pdf
grain mill,grain mill - Bran,industrial,4.5,,,,,,,79.4,91.4,,,,,330,,,,laboratory,0.2,0.375,,batch,,,,,,,,,,,yes,,yes,5,,,2,,,,,,,,,,,,mesophilic,36,,,,,,,,,,,,,,,,https://pdfs.semanticscholar.org/25cf/2d7bba4758136830a9a02caf3ecd997173bb.pdf
grain mill,grain mill - Flour,industrial,,,,,,,,91.2,89.6,,,,,386,,,,laboratory,0.2,0.375,,batch,,,,,,,,,,,yes,,yes,5,,,2,,,,,,,,,,,,mesophilic,36,,,,,,,,,,,,,,,,https://pdfs.semanticscholar.org/25cf/2d7bba4758136830a9a02caf3ecd997173bb.pdf
artichoke,Jerusalem Artichoke,agricultural,,,,,,,5.38,91.1,95.2,,,,,310,,,,laboratory,0.2,0.375,,batch,,,,,,,,,,,yes,,yes,5,,,2,,,,,,,,,,,,mesophilic,36,,,,,,,,,,,,,,,,https://pdfs.semanticscholar.org/25cf/2d7bba4758136830a9a02caf3ecd997173bb.pdf
sunflower,sunflower,agricultural,,,,,,,8,91,88.5,,,,,296,,,,laboratory,0.2,0.375,,batch,,,,,,,,,,,yes,,yes,5,,,2,,,,,,,,,,,,mesophilic,36,,,,,,,,,,,,,,,,https://pdfs.semanticscholar.org/25cf/2d7bba4758136830a9a02caf3ecd997173bb.pdf
energy grass,energy grass,agricultural,,,,,,,9.65,92,93,,,,,290,,,,laboratory,0.2,0.375,,batch,,,,,,,,,,,yes,,yes,5,,,2,,,,,,,,,,,,mesophilic,36,,,,,,,,,,,,,,,,https://pdfs.semanticscholar.org/25cf/2d7bba4758136830a9a02caf3ecd997173bb.pdf
hemp,hemp,agricultural,,,,,,,7.95,92,94.3,,,,,289,,,,laboratory,0.2,0.375,,batch,,,,,,,,,,,yes,,yes,5,,,2,,,,,,,,,,,,mesophilic,36,,,,,,,,,,,,,,,,https://pdfs.semanticscholar.org/25cf/2d7bba4758136830a9a02caf3ecd997173bb.pdf
grass,amur silvergrass,agricultural,,,,,,,7,93,94.6,,,,,317,,,,laboratory,0.2,0.375,,batch,,,,,,,,,,,yes,,yes,5,,,2,,,,,,,,,,,,mesophilic,36,,,,,,,,,,,,,,,,https://pdfs.semanticscholar.org/25cf/2d7bba4758136830a9a02caf3ecd997173bb.pdf
millet,foxtail millet,agricultural,,,,,,,5.34,92,91.6,,,,,323,,,,laboratory,0.2,0.375,,batch,,,,,,,,,,,yes,,yes,5,,,2,,,,,,,,,,,,mesophilic,36,,,,,,,,,,,,,,,,https://pdfs.semanticscholar.org/25cf/2d7bba4758136830a9a02caf3ecd997173bb.pdf
silage,synthetic model maize silage,agricultural,,,,,,,,,,,,,,342,,,,laboratory,1,1,1,batch,,,no,,no,,yes,,,,yes,,,,,,4,,,,,,,,,,,,mesophilic,35,addition of Nickel (microM)=dS,,,,,,,,,,,,,,,"Pobeheim, H., Munk, B., Johansson, J., Guebitz, G.M., 2010. Influence of trace elements on methane formation from a synthetic model substrate for maize silage. Bioresour. Technol. 101, 836ÔÇô839. doi:10.1016/J.BIORTECH.2009.08.076"
silage,synthetic model maize silage,agricultural,,,,,,,,,,,,,,399,,,,laboratory,1,1,1,batch,,,no,,no,,yes,,,,yes,,,,,,4,,,,,,,,,,,,mesophilic,35,addition of Nickel (microM)=0.4,,,,,,,,,,,,,,,"Pobeheim, H., Munk, B., Johansson, J., Guebitz, G.M., 2010. Influence of trace elements on methane formation from a synthetic model substrate for maize silage. Bioresour. Technol. 101, 836ÔÇô839. doi:10.1016/J.BIORTECH.2009.08.077"
silage,synthetic model maize silage,agricultural,,,,,,,,,,,,,,386,,,,laboratory,1,1,1,batch,,,no,,no,,yes,,,,yes,,,,,,4,,,,,,,,,,,,mesophilic,35,addition of Nickel (microM)=1.4,,,,,,,,,,,,,,,"Pobeheim, H., Munk, B., Johansson, J., Guebitz, G.M., 2010. Influence of trace elements on methane formation from a synthetic model substrate for maize silage. Bioresour. Technol. 101, 836ÔÇô839. doi:10.1016/J.BIORTECH.2009.08.078"
silage,synthetic model maize silage,agricultural,,,,,,,,,,,,,,407,,,,laboratory,1,1,1,batch,,,no,,no,,yes,,,,yes,,,,,,4,,,,,,,,,,,,mesophilic,35,addition of Nickel (microM)=10.6,,,,,,,,,,,,,,,"Pobeheim, H., Munk, B., Johansson, J., Guebitz, G.M., 2010. Influence of trace elements on methane formation from a synthetic model substrate for maize silage. Bioresour. Technol. 101, 836ÔÇô839. doi:10.1016/J.BIORTECH.2009.08.079"
silage,synthetic model maize silage,agricultural,,,,,,,,,,,,,,245,,,,laboratory,1,1,1,batch,,,no,,no,,yes,,,,yes,,,,,,4,,,,,,,,,,,,mesophilic,35,addition of Nickel (microM)=17.4,,,,,,,,,,,,,,,"Pobeheim, H., Munk, B., Johansson, J., Guebitz, G.M., 2010. Influence of trace elements on methane formation from a synthetic model substrate for maize silage. Bioresour. Technol. 101, 836ÔÇô839. doi:10.1016/J.BIORTECH.2009.08.080"
silage,synthetic model maize silage,agricultural,,,,,,,,,,,,,,188,,,,laboratory,1,1,1,batch,,,no,,no,,yes,,,,yes,,,,,,4,,,,,,,,,,,,mesophilic,35,addition of Nickel (microM)=171,,,,,,,,,,,,,,,"Pobeheim, H., Munk, B., Johansson, J., Guebitz, G.M., 2010. Influence of trace elements on methane formation from a synthetic model substrate for maize silage. Bioresour. Technol. 101, 836ÔÇô839. doi:10.1016/J.BIORTECH.2009.08.081"
silage,synthetic model maize silage,agricultural,,,,,,,,,,,,,,335,,,,laboratory,1,1,1,batch,,,no,,no,,yes,,,,yes,,,,,,4,,,,,,,,,,,,mesophilic,35,addition of Cobalt (microM)=dS,,,,,,,,,,,,,,,"Pobeheim, H., Munk, B., Johansson, J., Guebitz, G.M., 2010. Influence of trace elements on methane formation from a synthetic model substrate for maize silage. Bioresour. Technol. 101, 836ÔÇô839. doi:10.1016/J.BIORTECH.2009.08.082"
silage,synthetic model maize silage,agricultural,,,,,,,,,,,,,,341,,,,laboratory,1,1,1,batch,,,no,,no,,yes,,,,yes,,,,,,4,,,,,,,,,,,,mesophilic,35,addition of Cobalt (microM)=0.4,,,,,,,,,,,,,,,"Pobeheim, H., Munk, B., Johansson, J., Guebitz, G.M., 2010. Influence of trace elements on methane formation from a synthetic model substrate for maize silage. Bioresour. Technol. 101, 836ÔÇô839. doi:10.1016/J.BIORTECH.2009.08.083"
silage,synthetic model maize silage,agricultural,,,,,,,,,,,,,,344,,,,laboratory,1,1,1,batch,,,no,,no,,yes,,,,yes,,,,,,4,,,,,,,,,,,,mesophilic,35,addition of Cobalt (microM)=0.5,,,,,,,,,,,,,,,"Pobeheim, H., Munk, B., Johansson, J., Guebitz, G.M., 2010. Influence of trace elements on methane formation from a synthetic model substrate for maize silage. Bioresour. Technol. 101, 836ÔÇô839. doi:10.1016/J.BIORTECH.2009.08.084"
silage,synthetic model maize silage,agricultural,,,,,,,,,,,,,,371,,,,laboratory,1,1,1,batch,,,no,,no,,yes,,,,yes,,,,,,4,,,,,,,,,,,,mesophilic,35,addition of Cobalt (microM)=2.0,,,,,,,,,,,,,,,"Pobeheim, H., Munk, B., Johansson, J., Guebitz, G.M., 2010. Influence of trace elements on methane formation from a synthetic model substrate for maize silage. Bioresour. Technol. 101, 836ÔÇô839. doi:10.1016/J.BIORTECH.2009.08.085"
silage,synthetic model maize silage,agricultural,,,,,,,,,,,,,,320,,,,laboratory,1,1,1,batch,,,no,,no,,yes,,,,yes,,,,,,4,,,,,,,,,,,,mesophilic,35,addition of Cobalt (microM)=17,,,,,,,,,,,,,,,"Pobeheim, H., Munk, B., Johansson, J., Guebitz, G.M., 2010. Influence of trace elements on methane formation from a synthetic model substrate for maize silage. Bioresour. Technol. 101, 836ÔÇô839. doi:10.1016/J.BIORTECH.2009.08.086"
silage,synthetic model maize silage,agricultural,,,,,,,,,,,,,,288,,,,laboratory,1,1,1,batch,,,no,,no,,yes,,,,yes,,,,,,4,,,,,,,,,,,,mesophilic,35,addition of Cobalt (microM)=170,,,,,,,,,,,,,,,"Pobeheim, H., Munk, B., Johansson, J., Guebitz, G.M., 2010. Influence of trace elements on methane formation from a synthetic model substrate for maize silage. Bioresour. Technol. 101, 836ÔÇô839. doi:10.1016/J.BIORTECH.2009.08.087"
silage,synthetic model maize silage,agricultural,,,,,,,,,,,,,,370,,,,laboratory,1,1,1,batch,,,no,,no,,yes,,,,yes,,,,,,4,,,,,,,,,,,,mesophilic,35,addition of Molybdenum (microM)=dS,,,,,,,,,,,,,,,"Pobeheim, H., Munk, B., Johansson, J., Guebitz, G.M., 2010. Influence of trace elements on methane formation from a synthetic model substrate for maize silage. Bioresour. Technol. 101, 836ÔÇô839. doi:10.1016/J.BIORTECH.2009.08.088"
silage,synthetic model maize silage,agricultural,,,,,,,,,,,,,,375,,,,laboratory,1,1,1,batch,,,no,,no,,yes,,,,yes,,,,,,4,,,,,,,,,,,,mesophilic,35,addition of Molybdenum (microM)=1.7,,,,,,,,,,,,,,,"Pobeheim, H., Munk, B., Johansson, J., Guebitz, G.M., 2010. Influence of trace elements on methane formation from a synthetic model substrate for maize silage. Bioresour. Technol. 101, 836ÔÇô839. doi:10.1016/J.BIORTECH.2009.08.089"
silage,synthetic model maize silage,agricultural,,,,,,,,,,,,,,378,,,,laboratory,1,1,1,batch,,,no,,no,,yes,,,,yes,,,,,,4,,,,,,,,,,,,mesophilic,35,addition of Molybdenum (microM)=2.3,,,,,,,,,,,,,,,"Pobeheim, H., Munk, B., Johansson, J., Guebitz, G.M., 2010. Influence of trace elements on methane formation from a synthetic model substrate for maize silage. Bioresour. Technol. 101, 836ÔÇô839. doi:10.1016/J.BIORTECH.2009.08.090"
silage,synthetic model maize silage,agricultural,,,,,,,,,,,,,,374,,,,laboratory,1,1,1,batch,,,no,,no,,yes,,,,yes,,,,,,4,,,,,,,,,,,,mesophilic,35,addition of Molybdenum (microM)=6.4,,,,,,,,,,,,,,,"Pobeheim, H., Munk, B., Johansson, J., Guebitz, G.M., 2010. Influence of trace elements on methane formation from a synthetic model substrate for maize silage. Bioresour. Technol. 101, 836ÔÇô839. doi:10.1016/J.BIORTECH.2009.08.091"
silage,synthetic model maize silage,agricultural,,,,,,,,,,,,,,383,,,,laboratory,1,1,1,batch,,,no,,no,,yes,,,,yes,,,,,,4,,,,,,,,,,,,mesophilic,35,addition of Molybdenum (microM)=11.6,,,,,,,,,,,,,,,"Pobeheim, H., Munk, B., Johansson, J., Guebitz, G.M., 2010. Influence of trace elements on methane formation from a synthetic model substrate for maize silage. Bioresour. Technol. 101, 836ÔÇô839. doi:10.1016/J.BIORTECH.2009.08.092"
silage,synthetic model maize silage,agricultural,,,,,,,,,,,,,,390,,,,laboratory,1,1,1,batch,,,no,,no,,yes,,,,yes,,,,,,4,,,,,,,,,,,,mesophilic,35,addition of Molybdenum (microM)=53,,,,,,,,,,,,,,,"Pobeheim, H., Munk, B., Johansson, J., Guebitz, G.M., 2010. Influence of trace elements on methane formation from a synthetic model substrate for maize silage. Bioresour. Technol. 101, 836ÔÇô839. doi:10.1016/J.BIORTECH.2009.08.093"
silage,synthetic model maize silage,agricultural,,,,,,,,,,,,,,371,,,,laboratory,1,1,1,batch,,,no,,no,,yes,,,,yes,,,,,,4,,,,,,,,,,,,mesophilic,35,addition of Molybdenum (microM)=521,,,,,,,,,,,,,,,"Pobeheim, H., Munk, B., Johansson, J., Guebitz, G.M., 2010. Influence of trace elements on methane formation from a synthetic model substrate for maize silage. Bioresour. Technol. 101, 836ÔÇô839. doi:10.1016/J.BIORTECH.2009.08.094"
silage,synthetic model maize silage,agricultural,,,,,,,,,,,,,,345,,,,laboratory,1,1,1,batch,,,no,,no,,yes,,,,yes,,,,,,4,,,,,,,,,,,,mesophilic,35,addition of Molybdenum (microM)=1042,,,,,,,,,,,,,,,"Pobeheim, H., Munk, B., Johansson, J., Guebitz, G.M., 2010. Influence of trace elements on methane formation from a synthetic model substrate for maize silage. Bioresour. Technol. 101, 836ÔÇô839. doi:10.1016/J.BIORTECH.2009.08.095"
silage,maize silage,agricultural,,,,,,,,,,,,,,255,,,,laboratory,1,1,1,batch,,,no,,no,,yes,,,,yes,,,,,,4,,,,,,,,,,,,mesophilic,35,,,,,,,,,,,,,,,,"Pobeheim, H., Munk, B., Johansson, J., Guebitz, G.M., 2010. Influence of trace elements on methane formation from a synthetic model substrate for maize silage. Bioresour. Technol. 101, 836ÔÇô839. doi:10.1016/J.BIORTECH.2009.08.093"
silage,maize silage,agricultural,,,,,,,,,,,,,,340,,,,laboratory,1,1,1,batch,,,no,,no,,yes,,,,yes,,,,,,4,,,,,,,,,,,,mesophilic,35,addition of trace elements,,,,,,,,,,,,,,,"Pobeheim, H., Munk, B., Johansson, J., Guebitz, G.M., 2010. Influence of trace elements on methane formation from a synthetic model substrate for maize silage. Bioresour. Technol. 101, 836ÔÇô839. doi:10.1016/J.BIORTECH.2009.08.094"
silage,maize silage,agricultural,,,,,,,,,,,,,,290,,,,laboratory,1,1,1,batch,,,no,,no,,yes,,,,yes,,,,,,4,,,,,,,,,,,,mesophilic,35,addition of trace elements,,,,,,,,,,,,,,,"Pobeheim, H., Munk, B., Johansson, J., Guebitz, G.M., 2010. Influence of trace elements on methane formation from a synthetic model substrate for maize silage. Bioresour. Technol. 101, 836ÔÇô839. doi:10.1016/J.BIORTECH.2009.08.095"
wastewater sludge,wastewater sludge MS,municipal,,,,,,,,1.26,90.8,,,,2700,317,,,,laboratory,0.21,0.04,5.25,batch,,,,,,,yes,120,,,,,,,,,,6.53,43.5,,,,,,,,,,mesophilic,37,,,,,,,,,,,,,,,,"Xu, Y., Lu, Y., Dai, X., Dong, B., 2017. The influence of organic-binding metals on the biogas conversion of sewage sludge. Water Res. 126, 329ÔÇô341. doi:10.1016/j.watres.2017.09.046"
wastewater sludge,wastewater sludge MS+M,municipal,,,,,,,,2.03,77.4,,,,1800,270,,,,laboratory,0.16,0.09,1.78,batch,,,,,,,yes,120,,,,,,,,,,6.53,43.5,,,,,,,,,,mesophilic,37,,,,,,,,,,,,,,,,"Xu, Y., Lu, Y., Dai, X., Dong, B., 2017. The influence of organic-binding metals on the biogas conversion of sewage sludge. Water Res. 126, 329ÔÇô341. doi:10.1016/j.watres.2017.09.047"
wastewater sludge,wastewater sludge SS,municipal,,,,,,,,6.59,72.3,,,,63800,237,,,,laboratory,0.154,0.096,1.6,batch,,,,,,,yes,120,,,,,,,,,,6.53,43.5,,,,,,,,,,mesophilic,37,,,,,,,,,,,,,,,,"Xu, Y., Lu, Y., Dai, X., Dong, B., 2017. The influence of organic-binding metals on the biogas conversion of sewage sludge. Water Res. 126, 329ÔÇô341. doi:10.1016/j.watres.2017.09.048"
wastewater sludge,wastewater sludge SS-M,municipal,,,,,,,,5.96,81.4,,,,52400,310,,,,laboratory,0.154,0.096,1.6,batch,,,,,,,yes,120,,,,,,,,,,6.53,43.5,,,,,,,,,,mesophilic,37,,,,,,,,,,,,,,,,"Xu, Y., Lu, Y., Dai, X., Dong, B., 2017. The influence of organic-binding metals on the biogas conversion of sewage sludge. Water Res. 126, 329ÔÇô341. doi:10.1016/j.watres.2017.09.049"
grass,grass,agricultural,,,,17,3,17.1,3,89,91.12359551,solid,yes,physical,,381.6,,,,laboratory,1.4,0.6,2.34,batch,,,no,,no,,,,,,yes,,yes,7,yes,,,3.5,,,7.6,192,8642,0.02,,,,,mesophilic,39,XF substrate (% TS)= 22,starch (% TS)= ND,,,,,,,,,,,,NDF substrate (% TS)= 48.5,ADF substrate (% TS)= 27.1,"Dandikas, V., Heuwinkel, H., Lichti, F., Drewes, J.E., Koch, K., 2015. Correlation between Biogas Yield and Chemical Composition of Grassland Plant Species. Energy & Fuels 29, 7221ÔÇô7229. doi:10.1021/acs.energyfuels.5b01257"
grass,grass,agricultural,,,,16.8,2.5,14.2,2.1,90.2,92.57206208,solid,yes,physical,,422.4,,,,laboratory,1.4,0.6,2.34,batch,,,no,,no,,,,,,yes,,yes,7,yes,,,3.5,,,7.6,192,8642,0.02,,,,,mesophilic,39,XF substrate (% TS)= 21.9,starch (% TS)= ND,,,,,,,,,,,,NDF substrate (% TS)= 49.9,ADF substrate (% TS)= 27,"Dandikas, V., Heuwinkel, H., Lichti, F., Drewes, J.E., Koch, K., 2015. Correlation between Biogas Yield and Chemical Composition of Grassland Plant Species. Energy & Fuels 29, 7221ÔÇô7229. doi:10.1021/acs.energyfuels.5b01258"
grass,grass,agricultural,,,,15.8,2.1,12.4,3.8,88.2,91.72335601,solid,yes,physical,,388.96,,,,laboratory,1.4,0.6,2.34,batch,,,no,,no,,,,,,yes,,yes,7,yes,,,3.5,,,7.6,192,8642,0.02,,,,,mesophilic,39,XF substrate (% TS)= 25.7,starch (% TS)= ND,,,,,,,,,,,,NDF substrate (% TS)= 54.3,ADF substrate (% TS)= 31.1,"Dandikas, V., Heuwinkel, H., Lichti, F., Drewes, J.E., Koch, K., 2015. Correlation between Biogas Yield and Chemical Composition of Grassland Plant Species. Energy & Fuels 29, 7221ÔÇô7229. doi:10.1021/acs.energyfuels.5b01259"
grass,grass,agricultural,,,,18.3,2,9.8,2.5,91.3,93.53778751,solid,yes,physical,,369.05,,,,laboratory,1.4,0.6,2.34,batch,,,no,,no,,,,,,yes,,yes,7,yes,,,3.5,,,7.6,192,8642,0.02,,,,,mesophilic,39,XF substrate (% TS)= 24.5,starch (% TS)= ND,,,,,,,,,,,,NDF substrate (% TS)= 55.1,ADF substrate (% TS)= 31.6,"Dandikas, V., Heuwinkel, H., Lichti, F., Drewes, J.E., Koch, K., 2015. Correlation between Biogas Yield and Chemical Composition of Grassland Plant Species. Energy & Fuels 29, 7221ÔÇô7229. doi:10.1021/acs.energyfuels.5b01260"
grass,grass,agricultural,,,,18.5,1.6,6.7,3.7,91.2,94.18859649,solid,yes,physical,,355.3,,,,laboratory,1.4,0.6,2.34,batch,,,no,,no,,,,,,yes,,yes,7,yes,,,3.5,,,7.6,192,8642,0.02,,,,,mesophilic,39,XF substrate (% TS)= 27,starch (% TS)= ND,,,,,,,,,,,,NDF substrate (% TS)= 60,ADF substrate (% TS)= 34.3,"Dandikas, V., Heuwinkel, H., Lichti, F., Drewes, J.E., Koch, K., 2015. Correlation between Biogas Yield and Chemical Composition of Grassland Plant Species. Energy & Fuels 29, 7221ÔÇô7229. doi:10.1021/acs.energyfuels.5b01261"
grass,grass,agricultural,,,,21.9,2.1,7.2,2.8,89.4,92.17002237,solid,yes,physical,,325.89,,,,laboratory,1.4,0.6,2.34,batch,,,no,,no,,,,,,yes,,yes,7,yes,,,3.5,,,7.6,192,8642,0.02,,,,,mesophilic,39,XF substrate (% TS)= 20.9,starch (% TS)= ND,,,,,,,,,,,,NDF substrate (% TS)= 50,ADF substrate (% TS)= 28.7,"Dandikas, V., Heuwinkel, H., Lichti, F., Drewes, J.E., Koch, K., 2015. Correlation between Biogas Yield and Chemical Composition of Grassland Plant Species. Energy & Fuels 29, 7221ÔÇô7229. doi:10.1021/acs.energyfuels.5b01262"
grass,grass,agricultural,,,,15.4,3.5,15.1,5.6,91.8,92.26579521,solid,yes,physical,,341.32,,,,laboratory,1.4,0.6,2.34,batch,,,no,,no,,,,,,yes,,yes,7,yes,,,3.5,,,7.6,192,8642,0.02,,,,,mesophilic,39,XF substrate (% TS)= 19.7,starch (% TS)= ND,,,,,,,,,,,,NDF substrate (% TS)= 49.8,ADF substrate (% TS)= 25.8,"Dandikas, V., Heuwinkel, H., Lichti, F., Drewes, J.E., Koch, K., 2015. Correlation between Biogas Yield and Chemical Composition of Grassland Plant Species. Energy & Fuels 29, 7221ÔÇô7229. doi:10.1021/acs.energyfuels.5b01263"
grass,grass,agricultural,,,,14,2.7,15.1,3.8,89.8,91.53674833,solid,yes,physical,,387.96,,,,laboratory,1.4,0.6,2.34,batch,,,no,,no,,,,,,yes,,yes,7,yes,,,3.5,,,7.6,192,8642,0.02,,,,,mesophilic,39,XF substrate (% TS)= 23.7,starch (% TS)= ND,,,,,,,,,,,,NDF substrate (% TS)= 53.5,ADF substrate (% TS)= 30.5,"Dandikas, V., Heuwinkel, H., Lichti, F., Drewes, J.E., Koch, K., 2015. Correlation between Biogas Yield and Chemical Composition of Grassland Plant Species. Energy & Fuels 29, 7221ÔÇô7229. doi:10.1021/acs.energyfuels.5b01264"
grass,grass,agricultural,,,,15.5,2.4,12.1,3.2,91.1,92.64544457,solid,yes,physical,,367.95,,,,laboratory,1.4,0.6,2.34,batch,,,no,,no,,,,,,yes,,yes,7,yes,,,3.5,,,7.6,192,8642,0.02,,,,,mesophilic,39,XF substrate (% TS)= 22.2,starch (% TS)= ND,,,,,,,,,,,,NDF substrate (% TS)= 54.3,ADF substrate (% TS)= 30.8,"Dandikas, V., Heuwinkel, H., Lichti, F., Drewes, J.E., Koch, K., 2015. Correlation between Biogas Yield and Chemical Composition of Grassland Plant Species. Energy & Fuels 29, 7221ÔÇô7229. doi:10.1021/acs.energyfuels.5b01265"
grass,grass,agricultural,,,,15.3,2.4,13.4,2.6,90.3,92.02657807,solid,yes,physical,,371.8,,,,laboratory,1.4,0.6,2.34,batch,,,no,,no,,,,,,yes,,yes,7,yes,,,3.5,,,7.6,192,8642,0.02,,,,,mesophilic,39,XF substrate (% TS)= 25.1,starch (% TS)= ND,,,,,,,,,,,,NDF substrate (% TS)= 54.6,ADF substrate (% TS)= 30,"Dandikas, V., Heuwinkel, H., Lichti, F., Drewes, J.E., Koch, K., 2015. Correlation between Biogas Yield and Chemical Composition of Grassland Plant Species. Energy & Fuels 29, 7221ÔÇô7229. doi:10.1021/acs.energyfuels.5b01266"
grass,grass,agricultural,,,,17.3,1.9,10.6,2.6,90.6,93.15673289,solid,yes,physical,,371.25,,,,laboratory,1.4,0.6,2.34,batch,,,no,,no,,,,,,yes,,yes,7,yes,,,3.5,,,7.6,192,8642,0.02,,,,,mesophilic,39,XF substrate (% TS)= 24,starch (% TS)= ND,,,,,,,,,,,,NDF substrate (% TS)= 53.9,ADF substrate (% TS)= 30,"Dandikas, V., Heuwinkel, H., Lichti, F., Drewes, J.E., Koch, K., 2015. Correlation between Biogas Yield and Chemical Composition of Grassland Plant Species. Energy & Fuels 29, 7221ÔÇô7229. doi:10.1021/acs.energyfuels.5b01267"
grass,grass,agricultural,,,,17.2,1.4,8.3,3.2,90.5,94.6961326,solid,yes,physical,,342.1,,,,laboratory,1.4,0.6,2.34,batch,,,no,,no,,,,,,yes,,yes,7,yes,,,3.5,,,7.6,192,8642,0.02,,,,,mesophilic,39,XF substrate (% TS)= 27.4,starch (% TS)= ND,,,,,,,,,,,,NDF substrate (% TS)= 59.6,ADF substrate (% TS)= 33.5,"Dandikas, V., Heuwinkel, H., Lichti, F., Drewes, J.E., Koch, K., 2015. Correlation between Biogas Yield and Chemical Composition of Grassland Plant Species. Energy & Fuels 29, 7221ÔÇô7229. doi:10.1021/acs.energyfuels.5b01268"
grass,grass,agricultural,,,,15.4,1.8,7.3,3.6,91.5,93.1147541,solid,yes,physical,,316.68,,,,laboratory,1.4,0.6,2.34,batch,,,no,,no,,,,,,yes,,yes,7,yes,,,3.5,,,7.6,192,8642,0.02,,,,,mesophilic,39,XF substrate (% TS)= 23.8,starch (% TS)= ND,,,,,,,,,,,,NDF substrate (% TS)= 58,ADF substrate (% TS)= 32.3,"Dandikas, V., Heuwinkel, H., Lichti, F., Drewes, J.E., Koch, K., 2015. Correlation between Biogas Yield and Chemical Composition of Grassland Plant Species. Energy & Fuels 29, 7221ÔÇô7229. doi:10.1021/acs.energyfuels.5b01269"
grass,grass,agricultural,,,,7.9,3.6,18.4,5,94,91.27659574,solid,yes,physical,,329.45,,,,laboratory,1.4,0.6,2.34,batch,,,no,,no,,,,,,yes,,yes,7,yes,,,3.5,,,7.6,192,8642,0.02,,,,,mesophilic,39,XF substrate (% TS)= 20.5,starch (% TS)= ND,,,,,,,,,,,,NDF substrate (% TS)= 53.2,ADF substrate (% TS)= 26.2,"Dandikas, V., Heuwinkel, H., Lichti, F., Drewes, J.E., Koch, K., 2015. Correlation between Biogas Yield and Chemical Composition of Grassland Plant Species. Energy & Fuels 29, 7221ÔÇô7229. doi:10.1021/acs.energyfuels.5b01270"
grass,grass,agricultural,,,,16.7,2.9,14.6,2.4,90.4,91.59292035,solid,yes,physical,,363.48,,,,laboratory,1.4,0.6,2.34,batch,,,no,,no,,,,,,yes,,yes,7,yes,,,3.5,,,7.6,192,8642,0.02,,,,,mesophilic,39,XF substrate (% TS)= 21.4,starch (% TS)= ND,,,,,,,,,,,,NDF substrate (% TS)= 51.1,ADF substrate (% TS)= 27.5,"Dandikas, V., Heuwinkel, H., Lichti, F., Drewes, J.E., Koch, K., 2015. Correlation between Biogas Yield and Chemical Composition of Grassland Plant Species. Energy & Fuels 29, 7221ÔÇô7229. doi:10.1021/acs.energyfuels.5b01271"
grass,grass,agricultural,,,,15.6,1.4,7.4,3.4,91.2,93.53070175,solid,yes,physical,,342.1,,,,laboratory,1.4,0.6,2.34,batch,,,no,,no,,,,,,yes,,yes,7,yes,,,3.5,,,7.6,192,8642,0.02,,,,,mesophilic,39,XF substrate (% TS)= 31.1,starch (% TS)= ND,,,,,,,,,,,,NDF substrate (% TS)= 61.9,ADF substrate (% TS)= 35.3,"Dandikas, V., Heuwinkel, H., Lichti, F., Drewes, J.E., Koch, K., 2015. Correlation between Biogas Yield and Chemical Composition of Grassland Plant Species. Energy & Fuels 29, 7221ÔÇô7229. doi:10.1021/acs.energyfuels.5b01272"
grass,grass,agricultural,,,,21.6,1.4,6.6,3,91,94.94505495,solid,yes,physical,,340.74,,,,laboratory,1.4,0.6,2.34,batch,,,no,,no,,,,,,yes,,yes,7,yes,,,3.5,,,7.6,192,8642,0.02,,,,,mesophilic,39,XF substrate (% TS)= 26.6,starch (% TS)= ND,,,,,,,,,,,,NDF substrate (% TS)= 57,ADF substrate (% TS)= 32.3,"Dandikas, V., Heuwinkel, H., Lichti, F., Drewes, J.E., Koch, K., 2015. Correlation between Biogas Yield and Chemical Composition of Grassland Plant Species. Energy & Fuels 29, 7221ÔÇô7229. doi:10.1021/acs.energyfuels.5b01273"
grass,grass,agricultural,,,,18.6,1.3,6.7,3.8,91.3,94.19496166,solid,yes,physical,,322.92,,,,laboratory,1.4,0.6,2.34,batch,,,no,,no,,,,,,yes,,yes,7,yes,,,3.5,,,7.6,192,8642,0.02,,,,,mesophilic,39,XF substrate (% TS)= 28.3,starch (% TS)= ND,,,,,,,,,,,,NDF substrate (% TS)= 59.4,ADF substrate (% TS)= 34.9,"Dandikas, V., Heuwinkel, H., Lichti, F., Drewes, J.E., Koch, K., 2015. Correlation between Biogas Yield and Chemical Composition of Grassland Plant Species. Energy & Fuels 29, 7221ÔÇô7229. doi:10.1021/acs.energyfuels.5b01274"
grass,grass,agricultural,,,,16.9,2.9,14.5,2,89.4,90.71588367,solid,yes,physical,,359.32,,,,laboratory,1.4,0.6,2.34,batch,,,no,,no,,,,,,yes,,yes,7,yes,,,3.5,,,7.6,192,8642,0.02,,,,,mesophilic,39,XF substrate (% TS)= 21.8,starch (% TS)= ND,,,,,,,,,,,,NDF substrate (% TS)= 49.5,ADF substrate (% TS)= 26.9,"Dandikas, V., Heuwinkel, H., Lichti, F., Drewes, J.E., Koch, K., 2015. Correlation between Biogas Yield and Chemical Composition of Grassland Plant Species. Energy & Fuels 29, 7221ÔÇô7229. doi:10.1021/acs.energyfuels.5b01275"
grass,grass,agricultural,,,,18.1,1.6,7.1,2.6,91,94.17582418,solid,yes,physical,,346.5,,,,laboratory,1.4,0.6,2.34,batch,,,no,,no,,,,,,yes,,yes,7,yes,,,3.5,,,7.6,192,8642,0.02,,,,,mesophilic,39,XF substrate (% TS)= 27.2,starch (% TS)= ND,,,,,,,,,,,,NDF substrate (% TS)= 57.8,ADF substrate (% TS)= 33,"Dandikas, V., Heuwinkel, H., Lichti, F., Drewes, J.E., Koch, K., 2015. Correlation between Biogas Yield and Chemical Composition of Grassland Plant Species. Energy & Fuels 29, 7221ÔÇô7229. doi:10.1021/acs.energyfuels.5b01276"
grass,grass,agricultural,,,,25.7,1.3,5.9,2.7,91.5,95.19125683,solid,yes,physical,,331.25,,,,laboratory,1.4,0.6,2.34,batch,,,no,,no,,,,,,yes,,yes,7,yes,,,3.5,,,7.6,192,8642,0.02,,,,,mesophilic,39,XF substrate (% TS)= 25,starch (% TS)= ND,,,,,,,,,,,,NDF substrate (% TS)= 52.6,ADF substrate (% TS)= 30.9,"Dandikas, V., Heuwinkel, H., Lichti, F., Drewes, J.E., Koch, K., 2015. Correlation between Biogas Yield and Chemical Composition of Grassland Plant Species. Energy & Fuels 29, 7221ÔÇô7229. doi:10.1021/acs.energyfuels.5b01277"
grass,grass,agricultural,,,,20.8,1.5,5.9,3.6,92.1,94.89685125,solid,yes,physical,,322.92,,,,laboratory,1.4,0.6,2.34,batch,,,no,,no,,,,,,yes,,yes,7,yes,,,3.5,,,7.6,192,8642,0.02,,,,,mesophilic,39,XF substrate (% TS)= 27.9,starch (% TS)= ND,,,,,,,,,,,,NDF substrate (% TS)= 57.4,ADF substrate (% TS)= 34.2,"Dandikas, V., Heuwinkel, H., Lichti, F., Drewes, J.E., Koch, K., 2015. Correlation between Biogas Yield and Chemical Composition of Grassland Plant Species. Energy & Fuels 29, 7221ÔÇô7229. doi:10.1021/acs.energyfuels.5b01278"
grass,grass,agricultural,,,,9.3,2.7,13.8,5.4,90.1,91.12097669,solid,yes,physical,,335.49,,,,laboratory,1.4,0.6,2.34,batch,,,no,,no,,,,,,yes,,yes,7,yes,,,3.5,,,7.6,192,8642,0.02,,,,,mesophilic,39,XF substrate (% TS)= 28.6,starch (% TS)= ND,,,,,,,,,,,,NDF substrate (% TS)= 62.2,ADF substrate (% TS)= 36.3,"Dandikas, V., Heuwinkel, H., Lichti, F., Drewes, J.E., Koch, K., 2015. Correlation between Biogas Yield and Chemical Composition of Grassland Plant Species. Energy & Fuels 29, 7221ÔÇô7229. doi:10.1021/acs.energyfuels.5b01279"
grass,grass,agricultural,,,,8.5,2.5,12.2,3.1,91.5,92.02185792,solid,yes,physical,,346.29,,,,laboratory,1.4,0.6,2.34,batch,,,no,,no,,,,,,yes,,yes,7,yes,,,3.5,,,7.6,192,8642,0.02,,,,,mesophilic,39,XF substrate (% TS)= 26.8,starch (% TS)= ND,,,,,,,,,,,,NDF substrate (% TS)= 61.8,ADF substrate (% TS)= 35.7,"Dandikas, V., Heuwinkel, H., Lichti, F., Drewes, J.E., Koch, K., 2015. Correlation between Biogas Yield and Chemical Composition of Grassland Plant Species. Energy & Fuels 29, 7221ÔÇô7229. doi:10.1021/acs.energyfuels.5b01280"
grass,grass,agricultural,,,,10.5,2.3,11.3,3.7,91.2,91.55701754,solid,yes,physical,,342.38,,,,laboratory,1.4,0.6,2.34,batch,,,no,,no,,,,,,yes,,yes,7,yes,,,3.5,,,7.6,192,8642,0.02,,,,,mesophilic,39,XF substrate (% TS)= 30.7,starch (% TS)= ND,,,,,,,,,,,,NDF substrate (% TS)= 64.5,ADF substrate (% TS)= 37.2,"Dandikas, V., Heuwinkel, H., Lichti, F., Drewes, J.E., Koch, K., 2015. Correlation between Biogas Yield and Chemical Composition of Grassland Plant Species. Energy & Fuels 29, 7221ÔÇô7229. doi:10.1021/acs.energyfuels.5b01281"
grass,grass,agricultural,,,,10.8,2.7,9.9,3.5,91.8,92.15686275,solid,yes,physical,,360.25,,,,laboratory,1.4,0.6,2.34,batch,,,no,,no,,,,,,yes,,yes,7,yes,,,3.5,,,7.6,192,8642,0.02,,,,,mesophilic,39,XF substrate (% TS)= 27.3,starch (% TS)= ND,,,,,,,,,,,,NDF substrate (% TS)= 62.5,ADF substrate (% TS)= 36,"Dandikas, V., Heuwinkel, H., Lichti, F., Drewes, J.E., Koch, K., 2015. Correlation between Biogas Yield and Chemical Composition of Grassland Plant Species. Energy & Fuels 29, 7221ÔÇô7229. doi:10.1021/acs.energyfuels.5b01282"
grass,grass,agricultural,,,,10.8,1.8,6.6,4.4,92.2,93.81778742,solid,yes,physical,,313.5,,,,laboratory,1.4,0.6,2.34,batch,,,no,,no,,,,,,yes,,yes,7,yes,,,3.5,,,7.6,192,8642,0.02,,,,,mesophilic,39,XF substrate (% TS)= 30.4,starch (% TS)= ND,,,,,,,,,,,,NDF substrate (% TS)= 67.7,ADF substrate (% TS)= 40.3,"Dandikas, V., Heuwinkel, H., Lichti, F., Drewes, J.E., Koch, K., 2015. Correlation between Biogas Yield and Chemical Composition of Grassland Plant Species. Energy & Fuels 29, 7221ÔÇô7229. doi:10.1021/acs.energyfuels.5b01283"
grass,grass,agricultural,,,,10,2.6,9.1,4.3,87.4,89.35926773,solid,yes,physical,,340.26,,,,laboratory,1.4,0.6,2.34,batch,,,no,,no,,,,,,yes,,yes,7,yes,,,3.5,,,7.6,192,8642,0.02,,,,,mesophilic,39,XF substrate (% TS)= 25.2,starch (% TS)= ND,,,,,,,,,,,,NDF substrate (% TS)= 59.4,ADF substrate (% TS)= 32.3,"Dandikas, V., Heuwinkel, H., Lichti, F., Drewes, J.E., Koch, K., 2015. Correlation between Biogas Yield and Chemical Composition of Grassland Plant Species. Energy & Fuels 29, 7221ÔÇô7229. doi:10.1021/acs.energyfuels.5b01284"
grass,grass,agricultural,,,,11.1,3,12.8,6.6,93,91.72043011,solid,yes,physical,,376.38,,,,laboratory,1.4,0.6,2.34,batch,,,no,,no,,,,,,yes,,yes,7,yes,,,3.5,,,7.6,192,8642,0.02,,,,,mesophilic,39,XF substrate (% TS)= 24.5,starch (% TS)= ND,,,,,,,,,,,,NDF substrate (% TS)= 57.3,ADF substrate (% TS)= 31.4,"Dandikas, V., Heuwinkel, H., Lichti, F., Drewes, J.E., Koch, K., 2015. Correlation between Biogas Yield and Chemical Composition of Grassland Plant Species. Energy & Fuels 29, 7221ÔÇô7229. doi:10.1021/acs.energyfuels.5b01285"
grass,grass,agricultural,,,,11.6,2.8,20.3,2.7,89.7,92.41917503,solid,yes,physical,,361.46,,,,laboratory,1.4,0.6,2.34,batch,,,no,,no,,,,,,yes,,yes,7,yes,,,3.5,,,7.6,192,8642,0.02,,,,,mesophilic,39,XF substrate (% TS)= 25.2,starch (% TS)= ND,,,,,,,,,,,,NDF substrate (% TS)= 60.3,ADF substrate (% TS)= 29.5,"Dandikas, V., Heuwinkel, H., Lichti, F., Drewes, J.E., Koch, K., 2015. Correlation between Biogas Yield and Chemical Composition of Grassland Plant Species. Energy & Fuels 29, 7221ÔÇô7229. doi:10.1021/acs.energyfuels.5b01286"
grass,grass,agricultural,,,,9.2,2.9,18.5,4.5,91.5,93.22404372,solid,yes,physical,,394.24,,,,laboratory,1.4,0.6,2.34,batch,,,no,,no,,,,,,yes,,yes,7,yes,,,3.5,,,7.6,192,8642,0.02,,,,,mesophilic,39,XF substrate (% TS)= 22.4,starch (% TS)= ND,,,,,,,,,,,,NDF substrate (% TS)= 57.7,ADF substrate (% TS)= 33,"Dandikas, V., Heuwinkel, H., Lichti, F., Drewes, J.E., Koch, K., 2015. Correlation between Biogas Yield and Chemical Composition of Grassland Plant Species. Energy & Fuels 29, 7221ÔÇô7229. doi:10.1021/acs.energyfuels.5b01287"
grass,grass,agricultural,,,,8.9,2.4,14.4,4,90.4,92.69911504,solid,yes,physical,,340.26,,,,laboratory,1.4,0.6,2.34,batch,,,no,,no,,,,,,yes,,yes,7,yes,,,3.5,,,7.6,192,8642,0.02,,,,,mesophilic,39,XF substrate (% TS)= 30.4,starch (% TS)= ND,,,,,,,,,,,,NDF substrate (% TS)= 68.5,ADF substrate (% TS)= 36.7,"Dandikas, V., Heuwinkel, H., Lichti, F., Drewes, J.E., Koch, K., 2015. Correlation between Biogas Yield and Chemical Composition of Grassland Plant Species. Energy & Fuels 29, 7221ÔÇô7229. doi:10.1021/acs.energyfuels.5b01288"
grass,grass,agricultural,,,,8.7,2.2,12.6,3.6,93.2,94.09871245,solid,yes,physical,,354.96,,,,laboratory,1.4,0.6,2.34,batch,,,no,,no,,,,,,yes,,yes,7,yes,,,3.5,,,7.6,192,8642,0.02,,,,,mesophilic,39,XF substrate (% TS)= 27,starch (% TS)= ND,,,,,,,,,,,,NDF substrate (% TS)= 65.3,ADF substrate (% TS)= 35.3,"Dandikas, V., Heuwinkel, H., Lichti, F., Drewes, J.E., Koch, K., 2015. Correlation between Biogas Yield and Chemical Composition of Grassland Plant Species. Energy & Fuels 29, 7221ÔÇô7229. doi:10.1021/acs.energyfuels.5b01289"
grass,grass,agricultural,,,,10.6,1.7,9.9,4.6,91.8,94.44444444,solid,yes,physical,,360.18,,,,laboratory,1.4,0.6,2.34,batch,,,no,,no,,,,,,yes,,yes,7,yes,,,3.5,,,7.6,192,8642,0.02,,,,,mesophilic,39,XF substrate (% TS)= 27.6,starch (% TS)= ND,,,,,,,,,,,,NDF substrate (% TS)= 65.3,ADF substrate (% TS)= 37.5,"Dandikas, V., Heuwinkel, H., Lichti, F., Drewes, J.E., Koch, K., 2015. Correlation between Biogas Yield and Chemical Composition of Grassland Plant Species. Energy & Fuels 29, 7221ÔÇô7229. doi:10.1021/acs.energyfuels.5b01290"
grass,grass,agricultural,,,,18.4,1.6,6.5,3.3,90.6,92.27373068,solid,yes,physical,,380.01,,,,laboratory,1.4,0.6,2.34,batch,,,no,,no,,,,,,yes,,yes,7,yes,,,3.5,,,7.6,192,8642,0.02,,,,,mesophilic,39,XF substrate (% TS)= 21.1,starch (% TS)= ND,,,,,,,,,,,,NDF substrate (% TS)= 59.1,ADF substrate (% TS)= 30.3,"Dandikas, V., Heuwinkel, H., Lichti, F., Drewes, J.E., Koch, K., 2015. Correlation between Biogas Yield and Chemical Composition of Grassland Plant Species. Energy & Fuels 29, 7221ÔÇô7229. doi:10.1021/acs.energyfuels.5b01291"
grass,grass,agricultural,,,,14.4,2,14.6,3.1,92.6,92.98056156,solid,yes,physical,,374.22,,,,laboratory,1.4,0.6,2.34,batch,,,no,,no,,,,,,yes,,yes,7,yes,,,3.5,,,7.6,192,8642,0.02,,,,,mesophilic,39,XF substrate (% TS)= 23.3,starch (% TS)= ND,,,,,,,,,,,,NDF substrate (% TS)= 56.8,ADF substrate (% TS)= 29.4,"Dandikas, V., Heuwinkel, H., Lichti, F., Drewes, J.E., Koch, K., 2015. Correlation between Biogas Yield and Chemical Composition of Grassland Plant Species. Energy & Fuels 29, 7221ÔÇô7229. doi:10.1021/acs.energyfuels.5b01292"
grass,grass,agricultural,,,,8.6,2.2,14.1,3.5,90.1,91.67591565,solid,yes,physical,,329.46,,,,laboratory,1.4,0.6,2.34,batch,,,no,,no,,,,,,yes,,yes,7,yes,,,3.5,,,7.6,192,8642,0.02,,,,,mesophilic,39,XF substrate (% TS)= 30.3,starch (% TS)= ND,,,,,,,,,,,,NDF substrate (% TS)= 60.5,ADF substrate (% TS)= 36.1,"Dandikas, V., Heuwinkel, H., Lichti, F., Drewes, J.E., Koch, K., 2015. Correlation between Biogas Yield and Chemical Composition of Grassland Plant Species. Energy & Fuels 29, 7221ÔÇô7229. doi:10.1021/acs.energyfuels.5b01293"
grass,grass,agricultural,,,,10.3,2,11.3,2.2,92.7,93.09600863,solid,yes,physical,,384.72,,,,laboratory,1.4,0.6,2.34,batch,,,no,,no,,,,,,yes,,yes,7,yes,,,3.5,,,7.6,192,8642,0.02,,,,,mesophilic,39,XF substrate (% TS)= 27.3,starch (% TS)= ND,,,,,,,,,,,,NDF substrate (% TS)= 59.8,ADF substrate (% TS)= 34.5,"Dandikas, V., Heuwinkel, H., Lichti, F., Drewes, J.E., Koch, K., 2015. Correlation between Biogas Yield and Chemical Composition of Grassland Plant Species. Energy & Fuels 29, 7221ÔÇô7229. doi:10.1021/acs.energyfuels.5b01294"
grass,grass,agricultural,,,,9.9,1.8,10.8,3.3,91.3,92.33296824,solid,yes,physical,,328.64,,,,laboratory,1.4,0.6,2.34,batch,,,no,,no,,,,,,yes,,yes,7,yes,,,3.5,,,7.6,192,8642,0.02,,,,,mesophilic,39,XF substrate (% TS)= 32,starch (% TS)= ND,,,,,,,,,,,,NDF substrate (% TS)= 63.8,ADF substrate (% TS)= 37.8,"Dandikas, V., Heuwinkel, H., Lichti, F., Drewes, J.E., Koch, K., 2015. Correlation between Biogas Yield and Chemical Composition of Grassland Plant Species. Energy & Fuels 29, 7221ÔÇô7229. doi:10.1021/acs.energyfuels.5b01295"
grass,grass,agricultural,,,,10.5,1.9,9.3,3.6,92.1,93.05103149,solid,yes,physical,,344.85,,,,laboratory,1.4,0.6,2.34,batch,,,no,,no,,,,,,yes,,yes,7,yes,,,3.5,,,7.6,192,8642,0.02,,,,,mesophilic,39,XF substrate (% TS)= 29.6,starch (% TS)= ND,,,,,,,,,,,,NDF substrate (% TS)= 63.9,ADF substrate (% TS)= 38.4,"Dandikas, V., Heuwinkel, H., Lichti, F., Drewes, J.E., Koch, K., 2015. Correlation between Biogas Yield and Chemical Composition of Grassland Plant Species. Energy & Fuels 29, 7221ÔÇô7229. doi:10.1021/acs.energyfuels.5b01296"
grass,grass,agricultural,,,,11.1,1.7,7.3,4.1,91.2,94.18859649,solid,yes,physical,,332.2,,,,laboratory,1.4,0.6,2.34,batch,,,no,,no,,,,,,yes,,yes,7,yes,,,3.5,,,7.6,192,8642,0.02,,,,,mesophilic,39,XF substrate (% TS)= 30.7,starch (% TS)= ND,,,,,,,,,,,,NDF substrate (% TS)= 66.5,ADF substrate (% TS)= 40,"Dandikas, V., Heuwinkel, H., Lichti, F., Drewes, J.E., Koch, K., 2015. Correlation between Biogas Yield and Chemical Composition of Grassland Plant Species. Energy & Fuels 29, 7221ÔÇô7229. doi:10.1021/acs.energyfuels.5b01297"
grass,grass,agricultural,,,,9.9,2.5,10.7,4.3,90.6,90.50772627,solid,yes,physical,,346.62,,,,laboratory,1.4,0.6,2.34,batch,,,no,,no,,,,,,yes,,yes,7,yes,,,3.5,,,7.6,192,8642,0.02,,,,,mesophilic,39,XF substrate (% TS)= 23,starch (% TS)= ND,,,,,,,,,,,,NDF substrate (% TS)= 57.7,ADF substrate (% TS)= 31.2,"Dandikas, V., Heuwinkel, H., Lichti, F., Drewes, J.E., Koch, K., 2015. Correlation between Biogas Yield and Chemical Composition of Grassland Plant Species. Energy & Fuels 29, 7221ÔÇô7229. doi:10.1021/acs.energyfuels.5b01298"
grass,grass,agricultural,,,,7,3.2,14.4,5.3,92.5,92,solid,yes,physical,,325.6,,,,laboratory,1.4,0.6,2.34,batch,,,no,,no,,,,,,yes,,yes,7,yes,,,3.5,,,7.6,192,8642,0.02,,,,,mesophilic,39,XF substrate (% TS)= 24.2,starch (% TS)= ND,,,,,,,,,,,,NDF substrate (% TS)= 61.2,ADF substrate (% TS)= 31.3,"Dandikas, V., Heuwinkel, H., Lichti, F., Drewes, J.E., Koch, K., 2015. Correlation between Biogas Yield and Chemical Composition of Grassland Plant Species. Energy & Fuels 29, 7221ÔÇô7229. doi:10.1021/acs.energyfuels.5b01299"
grass,legume grass,agricultural,,,,9.7,2.6,23.3,6.4,88.8,90.65315315,solid,yes,physical,,313.74,,,,laboratory,1.4,0.6,2.34,batch,,,no,,no,,,,,,yes,,yes,7,yes,,,3.5,,,7.6,192,8642,0.02,,,,,mesophilic,39,XF substrate (% TS)= 19.2,starch (% TS)= 6.2,,,,,,,,,,,,NDF substrate (% TS)= 42.7,ADF substrate (% TS)= 27.9,"Dandikas, V., Heuwinkel, H., Lichti, F., Drewes, J.E., Koch, K., 2015. Correlation between Biogas Yield and Chemical Composition of Grassland Plant Species. Energy & Fuels 29, 7221ÔÇô7229. doi:10.1021/acs.energyfuels.5b01300"
grass,legume grass,agricultural,,,,10.6,1.9,14.6,6.1,90,92.88888889,solid,yes,physical,,306.32,,,,laboratory,1.4,0.6,2.34,batch,,,no,,no,,,,,,yes,,yes,7,yes,,,3.5,,,7.6,192,8642,0.02,,,,,mesophilic,39,XF substrate (% TS)= 25.4,starch (% TS)= 4.5,,,,,,,,,,,,NDF substrate (% TS)= 46,ADF substrate (% TS)= 35.8,"Dandikas, V., Heuwinkel, H., Lichti, F., Drewes, J.E., Koch, K., 2015. Correlation between Biogas Yield and Chemical Composition of Grassland Plant Species. Energy & Fuels 29, 7221ÔÇô7229. doi:10.1021/acs.energyfuels.5b01301"
grass,legume grass,agricultural,,,,7.3,1.9,15.8,6.4,89.7,91.75027871,solid,yes,physical,,285.6,,,,laboratory,1.4,0.6,2.34,batch,,,no,,no,,,,,,yes,,yes,7,yes,,,3.5,,,7.6,192,8642,0.02,,,,,mesophilic,39,XF substrate (% TS)= 25.1,starch (% TS)= 4.6,,,,,,,,,,,,NDF substrate (% TS)= 50.6,ADF substrate (% TS)= 38,"Dandikas, V., Heuwinkel, H., Lichti, F., Drewes, J.E., Koch, K., 2015. Correlation between Biogas Yield and Chemical Composition of Grassland Plant Species. Energy & Fuels 29, 7221ÔÇô7229. doi:10.1021/acs.energyfuels.5b01302"
grass,legume grass,agricultural,,,,8.3,2.7,13.3,6.9,89.9,93.99332592,solid,yes,physical,,290.64,,,,laboratory,1.4,0.6,2.34,batch,,,no,,no,,,,,,yes,,yes,7,yes,,,3.5,,,7.6,192,8642,0.02,,,,,mesophilic,39,XF substrate (% TS)= 27.7,starch (% TS)= 4.7,,,,,,,,,,,,NDF substrate (% TS)= 49.6,ADF substrate (% TS)= 39.8,"Dandikas, V., Heuwinkel, H., Lichti, F., Drewes, J.E., Koch, K., 2015. Correlation between Biogas Yield and Chemical Composition of Grassland Plant Species. Energy & Fuels 29, 7221ÔÇô7229. doi:10.1021/acs.energyfuels.5b01303"
grass,legume grass,agricultural,,,,7.1,2.5,19.8,6,88.6,91.19638826,solid,yes,physical,,315.88,,,,laboratory,1.4,0.6,2.34,batch,,,no,,no,,,,,,yes,,yes,7,yes,,,3.5,,,7.6,192,8642,0.02,,,,,mesophilic,39,XF substrate (% TS)= 19.6,starch (% TS)= 5.6,,,,,,,,,,,,NDF substrate (% TS)= 43.5,ADF substrate (% TS)= 29.9,"Dandikas, V., Heuwinkel, H., Lichti, F., Drewes, J.E., Koch, K., 2015. Correlation between Biogas Yield and Chemical Composition of Grassland Plant Species. Energy & Fuels 29, 7221ÔÇô7229. doi:10.1021/acs.energyfuels.5b01304"
grass,legume grass,agricultural,,,,6.3,1.8,16.8,6.7,89.7,91.75027871,solid,yes,physical,,272.95,,,,laboratory,1.4,0.6,2.34,batch,,,no,,no,,,,,,yes,,yes,7,yes,,,3.5,,,7.6,192,8642,0.02,,,,,mesophilic,39,XF substrate (% TS)= 18.4,starch (% TS)= 5.5,,,,,,,,,,,,NDF substrate (% TS)= 47.7,ADF substrate (% TS)= 35.8,"Dandikas, V., Heuwinkel, H., Lichti, F., Drewes, J.E., Koch, K., 2015. Correlation between Biogas Yield and Chemical Composition of Grassland Plant Species. Energy & Fuels 29, 7221ÔÇô7229. doi:10.1021/acs.energyfuels.5b01305"
grass,legume grass,agricultural,,,,7.7,1.9,20.5,5.2,91.5,91.03825137,solid,yes,physical,,345.95,,,,laboratory,1.4,0.6,2.34,batch,,,no,,no,,,,,,yes,,yes,7,yes,,,3.5,,,7.6,192,8642,0.02,,,,,mesophilic,39,XF substrate (% TS)= 19.6,starch (% TS)= 5.9,,,,,,,,,,,,NDF substrate (% TS)= 33.6,ADF substrate (% TS)= 28.1,"Dandikas, V., Heuwinkel, H., Lichti, F., Drewes, J.E., Koch, K., 2015. Correlation between Biogas Yield and Chemical Composition of Grassland Plant Species. Energy & Fuels 29, 7221ÔÇô7229. doi:10.1021/acs.energyfuels.5b01306"
grass,legume grass,agricultural,,,,8.3,1.8,19,5.6,91.3,91.34720701,solid,yes,physical,,299.7,,,,laboratory,1.4,0.6,2.34,batch,,,no,,no,,,,,,yes,,yes,7,yes,,,3.5,,,7.6,192,8642,0.02,,,,,mesophilic,39,XF substrate (% TS)= 21.1,starch (% TS)= 5.5,,,,,,,,,,,,NDF substrate (% TS)= 36.4,ADF substrate (% TS)= 30.6,"Dandikas, V., Heuwinkel, H., Lichti, F., Drewes, J.E., Koch, K., 2015. Correlation between Biogas Yield and Chemical Composition of Grassland Plant Species. Energy & Fuels 29, 7221ÔÇô7229. doi:10.1021/acs.energyfuels.5b01307"
grass,legume grass,agricultural,,,,9.5,1.5,17.3,7.2,91.9,92.60065288,solid,yes,physical,,298.62,,,,laboratory,1.4,0.6,2.34,batch,,,no,,no,,,,,,yes,,yes,7,yes,,,3.5,,,7.6,192,8642,0.02,,,,,mesophilic,39,XF substrate (% TS)= 22.4,starch (% TS)= 6,,,,,,,,,,,,NDF substrate (% TS)= 41.2,ADF substrate (% TS)= 35.2,"Dandikas, V., Heuwinkel, H., Lichti, F., Drewes, J.E., Koch, K., 2015. Correlation between Biogas Yield and Chemical Composition of Grassland Plant Species. Energy & Fuels 29, 7221ÔÇô7229. doi:10.1021/acs.energyfuels.5b01308"
grass,legume grass,agricultural,,,,7.6,3,29,8.4,88.2,90.24943311,solid,yes,physical,,320.84,,,,laboratory,1.4,0.6,2.34,batch,,,no,,no,,,,,,yes,,yes,7,yes,,,3.5,,,7.6,192,8642,0.02,,,,,mesophilic,39,XF substrate (% TS)= 15.3,starch (% TS)= 7.4,,,,,,,,,,,,NDF substrate (% TS)= 46.3,ADF substrate (% TS)= 23.9,"Dandikas, V., Heuwinkel, H., Lichti, F., Drewes, J.E., Koch, K., 2015. Correlation between Biogas Yield and Chemical Composition of Grassland Plant Species. Energy & Fuels 29, 7221ÔÇô7229. doi:10.1021/acs.energyfuels.5b01309"
grass,legume grass,agricultural,,,,2,1.9,28.6,7.4,89.5,89.60893855,solid,yes,physical,,301.28,,,,laboratory,1.4,0.6,2.34,batch,,,no,,no,,,,,,yes,,yes,7,yes,,,3.5,,,7.6,192,8642,0.02,,,,,mesophilic,39,XF substrate (% TS)= 23,starch (% TS)= 6.6,,,,,,,,,,,,NDF substrate (% TS)= 44.6,ADF substrate (% TS)= 31.3,"Dandikas, V., Heuwinkel, H., Lichti, F., Drewes, J.E., Koch, K., 2015. Correlation between Biogas Yield and Chemical Composition of Grassland Plant Species. Energy & Fuels 29, 7221ÔÇô7229. doi:10.1021/acs.energyfuels.5b01310"
grass,legume grass,agricultural,,,,7.2,2.3,24.4,6.5,88.5,90.16949153,solid,yes,physical,,310.96,,,,laboratory,1.4,0.6,2.34,batch,,,no,,no,,,,,,yes,,yes,7,yes,,,3.5,,,7.6,192,8642,0.02,,,,,mesophilic,39,XF substrate (% TS)= 17.9,starch (% TS)= 7.2,,,,,,,,,,,,NDF substrate (% TS)= 45.3,ADF substrate (% TS)= 27.7,"Dandikas, V., Heuwinkel, H., Lichti, F., Drewes, J.E., Koch, K., 2015. Correlation between Biogas Yield and Chemical Composition of Grassland Plant Species. Energy & Fuels 29, 7221ÔÇô7229. doi:10.1021/acs.energyfuels.5b01311"
grass,legume grass,agricultural,,,,7.3,2.5,23,7.4,89.4,91.38702461,solid,yes,physical,,331.52,,,,laboratory,1.4,0.6,2.34,batch,,,no,,no,,,,,,yes,,yes,7,yes,,,3.5,,,7.6,192,8642,0.02,,,,,mesophilic,39,XF substrate (% TS)= 19,starch (% TS)= 6.4,,,,,,,,,,,,NDF substrate (% TS)= 32.4,ADF substrate (% TS)= 29.7,"Dandikas, V., Heuwinkel, H., Lichti, F., Drewes, J.E., Koch, K., 2015. Correlation between Biogas Yield and Chemical Composition of Grassland Plant Species. Energy & Fuels 29, 7221ÔÇô7229. doi:10.1021/acs.energyfuels.5b01312"
grass,legume grass,agricultural,,,,4.3,2,23.4,8.6,90.5,90.05524862,solid,yes,physical,,281.96,,,,laboratory,1.4,0.6,2.34,batch,,,no,,no,,,,,,yes,,yes,7,yes,,,3.5,,,7.6,192,8642,0.02,,,,,mesophilic,39,XF substrate (% TS)= 23.8,starch (% TS)= 5.7,,,,,,,,,,,,NDF substrate (% TS)= 41.9,ADF substrate (% TS)= 32.4,"Dandikas, V., Heuwinkel, H., Lichti, F., Drewes, J.E., Koch, K., 2015. Correlation between Biogas Yield and Chemical Composition of Grassland Plant Species. Energy & Fuels 29, 7221ÔÇô7229. doi:10.1021/acs.energyfuels.5b01313"
grass,legume grass,agricultural,,,,5.3,2.1,20.3,7.8,89.7,90.52396878,solid,yes,physical,,265,,,,laboratory,1.4,0.6,2.34,batch,,,no,,no,,,,,,yes,,yes,7,yes,,,3.5,,,7.6,192,8642,0.02,,,,,mesophilic,39,XF substrate (% TS)= 19.5,starch (% TS)= 5.9,,,,,,,,,,,,NDF substrate (% TS)= 47.4,ADF substrate (% TS)= 32.6,"Dandikas, V., Heuwinkel, H., Lichti, F., Drewes, J.E., Koch, K., 2015. Correlation between Biogas Yield and Chemical Composition of Grassland Plant Species. Energy & Fuels 29, 7221ÔÇô7229. doi:10.1021/acs.energyfuels.5b01314"
grass,legume grass,agricultural,,,,5,2,18.5,8.8,89.4,90.49217002,solid,yes,physical,,275.6,,,,laboratory,1.4,0.6,2.34,batch,,,no,,no,,,,,,yes,,yes,7,yes,,,3.5,,,7.6,192,8642,0.02,,,,,mesophilic,39,XF substrate (% TS)= 20.5,starch (% TS)= 6.3,,,,,,,,,,,,NDF substrate (% TS)= 47.7,ADF substrate (% TS)= 35.9,"Dandikas, V., Heuwinkel, H., Lichti, F., Drewes, J.E., Koch, K., 2015. Correlation between Biogas Yield and Chemical Composition of Grassland Plant Species. Energy & Fuels 29, 7221ÔÇô7229. doi:10.1021/acs.energyfuels.5b01315"
maize,maize,agricultural,,,,,2.9,8.2,0.8,39.73,95.78,solid,,,,353.32,,,,laboratory,2,,,batch,,,no,,no,,,,,,,,,,,,,,,,,,,,,,,,mesophilic,37,NDF of substrate (%TS)= 42.46,ADF of substrate (%TS)= 19.84,,,,,,,,,,,,,,https://mediatum.ub.tum.de/doc/631394/631394.pdf
maize,maize,agricultural,,,,,3.2,8.5,1.2,41.19,96.3,solid,,,,360.53,,,,laboratory,2,,,batch,,,no,,no,,,,,,,,,,,,,,,,,,,,,,,,mesophilic,37,NDF of substrate (%TS)= 34.45,ADF of substrate (%TS)= 18.22,,,,,,,,,,,,,,https://mediatum.ub.tum.de/doc/631394/631394.pdf
maize,maize,agricultural,,,,,2.74,8.7,4.6,43.1,95.55,solid,,,,277.9,,,,laboratory,2,,,batch,,,no,,no,,,,,,,,,,,,,,,,,,,,,,,,mesophilic,37,NDF of substrate (%TS)= 39.17,ADF of substrate (%TS)= 19.94,,,,,,,,,,,,,,https://mediatum.ub.tum.de/doc/631394/631394.pdf
maize,maize,agricultural,,,,,2.21,8.86,3.1,47.47,96.71,solid,,,,245.06,,,,laboratory,2,,,batch,,,no,,no,,,,,,,,,,,,,,,,,,,,,,,,mesophilic,37,NDF of substrate (%TS)= 39,ADF of substrate (%TS)= 17.48,,,,,,,,,,,,,,https://mediatum.ub.tum.de/doc/631394/631394.pdf
maize,maize,agricultural,,,,,2.8,8.6,0.9,30.37,95.83,solid,,,,345.17,,,,laboratory,2,,,batch,,,no,,no,,,,,,,,,,,,,,,,,,,,,,,,mesophilic,37,NDF of substrate (%TS)= 41.52,ADF of substrate (%TS)= 21.16,,,,,,,,,,,,,,https://mediatum.ub.tum.de/doc/631394/631394.pdf
maize,maize,agricultural,,,,,2.6,8.4,2.3,33.96,95.64,solid,,,,351.41,,,,laboratory,2,,,batch,,,no,,no,,,,,,,,,,,,,,,,,,,,,,,,mesophilic,37,NDF of substrate (%TS)= 44.16,ADF of substrate (%TS)= 20.7,,,,,,,,,,,,,,https://mediatum.ub.tum.de/doc/631394/631394.pdf
maize,maize,agricultural,,,,,2.79,8.52,4.1,38.5,95.16,solid,,,,331.81,,,,laboratory,2,,,batch,,,no,,no,,,,,,,,,,,,,,,,,,,,,,,,mesophilic,37,NDF of substrate (%TS)= 37.82,ADF of substrate (%TS)= 17.97,,,,,,,,,,,,,,https://mediatum.ub.tum.de/doc/631394/631394.pdf
maize,maize,agricultural,,,,,2.15,8.32,2.6,44,96.02,solid,,,,274.71,,,,laboratory,2,,,batch,,,no,,no,,,,,,,,,,,,,,,,,,,,,,,,mesophilic,37,NDF of substrate (%TS)= 38.22,ADF of substrate (%TS)= 19.1,,,,,,,,,,,,,,https://mediatum.ub.tum.de/doc/631394/631394.pdf
maize,maize,agricultural,,,,,2.4,7.6,0.9,25.71,94.66,solid,,,,343.51,,,,laboratory,2,,,batch,,,no,,no,,,,,,,,,,,,,,,,,,,,,,,,mesophilic,37,NDF of substrate (%TS)= 47.32,ADF of substrate (%TS)= 27.19,,,,,,,,,,,,,,https://mediatum.ub.tum.de/doc/631394/631394.pdf
maize,maize,agricultural,,,,,2.7,7.1,1.1,27.67,93.27,solid,,,,351.77,,,,laboratory,2,,,batch,,,no,,no,,,,,,,,,,,,,,,,,,,,,,,,mesophilic,37,NDF of substrate (%TS)= 46.7,ADF of substrate (%TS)= 23.53,,,,,,,,,,,,,,https://mediatum.ub.tum.de/doc/631394/631394.pdf
maize,maize,agricultural,,,,,2.65,7.35,3.1,34.03,95.35,solid,,,,326.66,,,,laboratory,2,,,batch,,,no,,no,,,,,,,,,,,,,,,,,,,,,,,,mesophilic,37,NDF of substrate (%TS)= 46.02,ADF of substrate (%TS)= 19,,,,,,,,,,,,,,https://mediatum.ub.tum.de/doc/631394/631394.pdf
maize,maize,agricultural,,,,,1.38,7.15,4,35.45,95.74,solid,,,,287.84,,,,laboratory,2,,,batch,,,no,,no,,,,,,,,,,,,,,,,,,,,,,,,mesophilic,37,NDF of substrate (%TS)= 41.32,ADF of substrate (%TS)= 21.3,,,,,,,,,,,,,,https://mediatum.ub.tum.de/doc/631394/631394.pdf
maize,maize,agricultural,,,,,2.2,9.1,0.4,22.33,94.93,solid,,,,345.34,,,,laboratory,2,,,batch,,,no,,no,,,,,,,,,,,,,,,,,,,,,,,,mesophilic,37,NDF of substrate (%TS)= 54.99,ADF of substrate (%TS)= 31.29,,,,,,,,,,,,,,https://mediatum.ub.tum.de/doc/631394/631394.pdf
maize,maize,agricultural,,,,,2.6,8.2,0.7,25.07,94.66,solid,,,,328,,,,laboratory,2,,,batch,,,no,,no,,,,,,,,,,,,,,,,,,,,,,,,mesophilic,37,NDF of substrate (%TS)= 51.46,ADF of substrate (%TS)= 29.48,,,,,,,,,,,,,,https://mediatum.ub.tum.de/doc/631394/631394.pdf
maize,maize,agricultural,,,,,1.61,7.46,3.1,29.37,93.43,solid,,,,348.39,,,,laboratory,2,,,batch,,,no,,no,,,,,,,,,,,,,,,,,,,,,,,,mesophilic,37,NDF of substrate (%TS)= 51,ADF of substrate (%TS)= 24.6,,,,,,,,,,,,,,https://mediatum.ub.tum.de/doc/631394/631394.pdf
maize,maize,agricultural,,,,,1.43,7.52,3.6,30.83,95.17,solid,,,,293.12,,,,laboratory,2,,,batch,,,no,,no,,,,,,,,,,,,,,,,,,,,,,,,mesophilic,37,NDF of substrate (%TS)= 50.5,ADF of substrate (%TS)= 24.4,,,,,,,,,,,,,,https://mediatum.ub.tum.de/doc/631394/631394.pdf
maize,maize,agricultural,,,,,3,7.9,1,34.9,96.22,solid,,,,338.95,,,,laboratory,2,,,batch,,,no,,no,,,,,,,,,,,,,,,,,,,,,,,,mesophilic,37,NDF of substrate (%TS)= 43.27,ADF of substrate (%TS)= 22.45,,,,,,,,,,,,,,https://mediatum.ub.tum.de/doc/631394/631394.pdf
maize,maize,agricultural,,,,,2.6,8.1,1.9,37.13,95.82,solid,,,,272.21,,,,laboratory,2,,,batch,,,no,,no,,,,,,,,,,,,,,,,,,,,,,,,mesophilic,37,NDF of substrate (%TS)= 42.74,ADF of substrate (%TS)= 20.93,,,,,,,,,,,,,,https://mediatum.ub.tum.de/doc/631394/631394.pdf
maize,maize,agricultural,,,,,2.75,8.55,2.4,39.77,95.34,solid,,,,292.92,,,,laboratory,2,,,batch,,,no,,no,,,,,,,,,,,,,,,,,,,,,,,,mesophilic,37,NDF of substrate (%TS)= 42.03,ADF of substrate (%TS)= 20.88,,,,,,,,,,,,,,https://mediatum.ub.tum.de/doc/631394/631394.pdf
maize,maize,agricultural,,,,,2.93,8.07,2.2,42.57,96.41,solid,,,,290.49,,,,laboratory,2,,,batch,,,no,,no,,,,,,,,,,,,,,,,,,,,,,,,mesophilic,37,NDF of substrate (%TS)= 42.49,ADF of substrate (%TS)= 20.9,,,,,,,,,,,,,,https://mediatum.ub.tum.de/doc/631394/631394.pdf
maize,maize,agricultural,,,,,2.7,8.3,1.6,28.71,95.97,solid,,,,323.56,,,,laboratory,2,,,batch,,,no,,no,,,,,,,,,,,,,,,,,,,,,,,,mesophilic,37,NDF of substrate (%TS)= 44.86,ADF of substrate (%TS)= 23.93,,,,,,,,,,,,,,https://mediatum.ub.tum.de/doc/631394/631394.pdf
maize,maize,agricultural,,,,,2.9,8.1,1.6,32.19,96.3,solid,,,,362.16,,,,laboratory,2,,,batch,,,no,,no,,,,,,,,,,,,,,,,,,,,,,,,mesophilic,37,NDF of substrate (%TS)= 44.87,ADF of substrate (%TS)= 21.98,,,,,,,,,,,,,,https://mediatum.ub.tum.de/doc/631394/631394.pdf
maize,maize,agricultural,,,,,2.87,8.33,2,35.36,96.16,solid,,,,298.04,,,,laboratory,2,,,batch,,,no,,no,,,,,,,,,,,,,,,,,,,,,,,,mesophilic,37,NDF of substrate (%TS)= 40.35,ADF of substrate (%TS)= 19.8,,,,,,,,,,,,,,https://mediatum.ub.tum.de/doc/631394/631394.pdf
maize,maize,agricultural,,,,,3.01,8.09,2.3,39.16,96.01,solid,,,,283.58,,,,laboratory,2,,,batch,,,no,,no,,,,,,,,,,,,,,,,,,,,,,,,mesophilic,37,NDF of substrate (%TS)= 40.59,ADF of substrate (%TS)= 18.64,,,,,,,,,,,,,,https://mediatum.ub.tum.de/doc/631394/631394.pdf
maize,maize,agricultural,,,,,1.2,7.49,0.96,27.57,95.34,solid,,,,374.49,,,,laboratory,2,,,batch,,,no,,no,,,,,,,,,,,,,,,,,,,,,,,,mesophilic,37,NDF of substrate (%TS)= 51.9,ADF of substrate (%TS)= 25.3,,,,,,,,,,,,,,https://mediatum.ub.tum.de/doc/631394/631394.pdf
maize,maize,agricultural,,,,,1.9,7.55,2.57,34.9,97.15,solid,,,,319.11,,,,laboratory,2,,,batch,,,no,,no,,,,,,,,,,,,,,,,,,,,,,,,mesophilic,37,NDF of substrate (%TS)= 50.5,ADF of substrate (%TS)= 20,,,,,,,,,,,,,,https://mediatum.ub.tum.de/doc/631394/631394.pdf
maize,maize,agricultural,,,,,1.41,7.1,4.09,39.29,95.88,solid,,,,330.83,,,,laboratory,2,,,batch,,,no,,no,,,,,,,,,,,,,,,,,,,,,,,,mesophilic,37,NDF of substrate (%TS)= 37.8,ADF of substrate (%TS)= 19.7,,,,,,,,,,,,,,https://mediatum.ub.tum.de/doc/631394/631394.pdf
maize,maize,agricultural,,,,,0.8,8.1,5.09,37.39,94.55,solid,,,,345.81,,,,laboratory,2,,,batch,,,no,,no,,,,,,,,,,,,,,,,,,,,,,,,mesophilic,37,NDF of substrate (%TS)= 53.6,ADF of substrate (%TS)= 29.7,,,,,,,,,,,,,,https://mediatum.ub.tum.de/doc/631394/631394.pdf
maize,maize,agricultural,,,,,0.93,8.2,1.02,24.41,94.51,solid,,,,398.49,,,,laboratory,2,,,batch,,,no,,no,,,,,,,,,,,,,,,,,,,,,,,,mesophilic,37,NDF of substrate (%TS)= 51.8,ADF of substrate (%TS)= 33.2,,,,,,,,,,,,,,https://mediatum.ub.tum.de/doc/631394/631394.pdf
maize,maize,agricultural,,,,,1.28,7.1,2.37,30.23,96.53,solid,,,,420.98,,,,laboratory,2,,,batch,,,no,,no,,,,,,,,,,,,,,,,,,,,,,,,mesophilic,37,NDF of substrate (%TS)= 49.9,ADF of substrate (%TS)= 24,,,,,,,,,,,,,,https://mediatum.ub.tum.de/doc/631394/631394.pdf
maize,maize,agricultural,,,,,0.93,7.7,2.03,31.38,96.31,solid,,,,348.74,,,,laboratory,2,,,batch,,,no,,no,,,,,,,,,,,,,,,,,,,,,,,,mesophilic,37,NDF of substrate (%TS)= 52.2,ADF of substrate (%TS)= 23.1,,,,,,,,,,,,,,https://mediatum.ub.tum.de/doc/631394/631394.pdf
maize,maize,agricultural,,,,,1.44,7.3,2.6,32.26,96.4,solid,,,,248.15,,,,laboratory,2,,,batch,,,no,,no,,,,,,,,,,,,,,,,,,,,,,,,mesophilic,37,NDF of substrate (%TS)= 51.3,ADF of substrate (%TS)= 22.4,,,,,,,,,,,,,,https://mediatum.ub.tum.de/doc/631394/631394.pdf
maize,maize,agricultural,,,,,0.3,7.89,1.83,19.82,95.32,solid,,,,397.8,,,,laboratory,2,,,batch,,,no,,no,,,,,,,,,,,,,,,,,,,,,,,,mesophilic,37,NDF of substrate (%TS)= 62.4,ADF of substrate (%TS)= 34.9,,,,,,,,,,,,,,https://mediatum.ub.tum.de/doc/631394/631394.pdf
maize,maize,agricultural,,,,,0.5,7.16,2.39,23.26,96,solid,,,,395.66,,,,laboratory,2,,,batch,,,no,,no,,,,,,,,,,,,,,,,,,,,,,,,mesophilic,37,NDF of substrate (%TS)= 58.5,ADF of substrate (%TS)= 29.9,,,,,,,,,,,,,,https://mediatum.ub.tum.de/doc/631394/631394.pdf
maize,maize,agricultural,,,,,0.26,7.2,2.22,24.96,96.22,solid,,,,431.74,,,,laboratory,2,,,batch,,,no,,no,,,,,,,,,,,,,,,,,,,,,,,,mesophilic,37,NDF of substrate (%TS)= 59,ADF of substrate (%TS)= 31.3,,,,,,,,,,,,,,https://mediatum.ub.tum.de/doc/631394/631394.pdf
maize,maize,agricultural,,,,,1.1,7.5,2.73,23.14,96.13,solid,,,,347.66,,,,laboratory,2,,,batch,,,no,,no,,,,,,,,,,,,,,,,,,,,,,,,mesophilic,37,NDF of substrate (%TS)= 44.4,ADF of substrate (%TS)= 21.5,,,,,,,,,,,,,,https://mediatum.ub.tum.de/doc/631394/631394.pdf
grass,fresh grass,agricultural,,,,,2,18,3.5,20.2,89.23,solid,,,,338.06,,,,laboratory,2,,,batch,,,no,,no,,,,,,,,,,,,,,,,,,,,,,,,mesophilic,37,NDF of substrate (%TS)= 49.7,ADF of substrate (%TS)= 24,,,,,,,,,,,,,,https://mediatum.ub.tum.de/doc/631394/631394.pdf
grass,grass silage,agricultural,,,,,2.84,19.19,4.81,16.94,90.36,solid,,,,380.25,,,,laboratory,2,,,batch,,,no,,no,,,,,,,,,,,,,,,,,,,,,,,,mesophilic,37,NDF of substrate (%TS)= 50.86,ADF of substrate (%TS)= 29.92,,,,,,,,,,,,,,https://mediatum.ub.tum.de/doc/631394/631394.pdf
grass,fresh grass,agricultural,,,,,2.69,15.64,1.59,17.12,88.94,solid,,,,313.98,,,,laboratory,2,,,batch,,,no,,no,,,,,,,,,,,,,,,,,,,,,,,,mesophilic,37,NDF of substrate (%TS)= 55.78,ADF of substrate (%TS)= 74.98,,,,,,,,,,,,,,https://mediatum.ub.tum.de/doc/631394/631394.pdf
grass,fresh grass,agricultural,,,,,2,16.06,3.7,19.69,89.2,solid,,,,358.43,,,,laboratory,2,,,batch,,,no,,no,,,,,,,,,,,,,,,,,,,,,,,,mesophilic,37,NDF of substrate (%TS)= 49,ADF of substrate (%TS)= 24.3,,,,,,,,,,,,,,https://mediatum.ub.tum.de/doc/631394/631394.pdf
grass,grass silage,agricultural,,,,,,17.44,5.58,16.17,90.54,solid,,,,423.77,,,,laboratory,2,,,batch,,,no,,no,,,,,,,,,,,,,,,,,,,,,,,,mesophilic,37,NDF of substrate (%TS)= 46.41,ADF of substrate (%TS)= 30.8,,,,,,,,,,,,,,https://mediatum.ub.tum.de/doc/631394/631394.pdf
grass,fresh grass,agricultural,,,,,,15.25,7.8,17.76,91.39,solid,,,,337.63,,,,laboratory,2,,,batch,,,no,,no,,,,,,,,,,,,,,,,,,,,,,,,mesophilic,37,NDF of substrate (%TS)= 55.4,ADF of substrate (%TS)= 28.3,,,,,,,,,,,,,,https://mediatum.ub.tum.de/doc/631394/631394.pdf
grass,grass silage,agricultural,,,,,2.07,13.94,,17.84,90.79,solid,,,,366.72,,,,laboratory,2,,,batch,,,no,,no,,,,,,,,,,,,,,,,,,,,,,,,mesophilic,37,NDF of substrate (%TS)= 64.47,ADF of substrate (%TS)= 41.12,,,,,,,,,,,,,,https://mediatum.ub.tum.de/doc/631394/631394.pdf
grass,fresh grass,agricultural,,,,,,12.94,4.4,17.03,90.95,solid,,,,376.51,,,,laboratory,2,,,batch,,,no,,no,,,,,,,,,,,,,,,,,,,,,,,,mesophilic,37,NDF of substrate (%TS)= 53.4,ADF of substrate (%TS)= 29.3,,,,,,,,,,,,,,https://mediatum.ub.tum.de/doc/631394/631394.pdf
grass,grass silage,agricultural,,,,,2.36,13.13,5.48,17.99,93.71,solid,,,,357.92,,,,laboratory,2,,,batch,,,no,,no,,,,,,,,,,,,,,,,,,,,,,,,mesophilic,37,NDF of substrate (%TS)= 62.15,ADF of substrate (%TS)= 41.67,,,,,,,,,,,,,,https://mediatum.ub.tum.de/doc/631394/631394.pdf
grass,fresh grass,agricultural,,,,,1.94,17.81,7.13,18.81,89.55,solid,,,,369.47,,,,laboratory,2,,,batch,,,no,,no,,,,,,,,,,,,,,,,,,,,,,,,mesophilic,37,NDF of substrate (%TS)= 51.02,ADF of substrate (%TS)= 29.53,,,,,,,,,,,,,,https://mediatum.ub.tum.de/doc/631394/631394.pdf
grass,grass silage,agricultural,,,,,3.1,16.19,7.1,17.8,88.36,solid,,,,307.67,,,,laboratory,2,,,batch,,,no,,no,,,,,,,,,,,,,,,,,,,,,,,,mesophilic,37,NDF of substrate (%TS)= 46.59,ADF of substrate (%TS)= 32.4,,,,,,,,,,,,,,https://mediatum.ub.tum.de/doc/631394/631394.pdf
grass,fresh grass,agricultural,,,,,1.03,18.5,11.83,19.33,89.74,solid,,,,276.9,,,,laboratory,2,,,batch,,,no,,no,,,,,,,,,,,,,,,,,,,,,,,,mesophilic,37,NDF of substrate (%TS)= 50.81,ADF of substrate (%TS)= 35.8,,,,,,,,,,,,,,https://mediatum.ub.tum.de/doc/631394/631394.pdf
grass,fresh grass,agricultural,,,,,2,12.5,4.7,17.5,91.24,solid,,,,392.63,,,,laboratory,2,,,batch,,,no,,no,,,,,,,,,,,,,,,,,,,,,,,,mesophilic,37,NDF of substrate (%TS)= 54.4,ADF of substrate (%TS)= 30.8,,,,,,,,,,,,,,https://mediatum.ub.tum.de/doc/631394/631394.pdf
grass,grass silage,agricultural,,,,,2.5,14.25,6.04,17.09,90.79,solid,,,,372.05,,,,laboratory,2,,,batch,,,no,,no,,,,,,,,,,,,,,,,,,,,,,,,mesophilic,37,NDF of substrate (%TS)= 59.61,ADF of substrate (%TS)= 41.91,,,,,,,,,,,,,,https://mediatum.ub.tum.de/doc/631394/631394.pdf
grass,fresh grass,agricultural,,,,,,14.44,3.9,16.75,92.8,solid,,,,266.82,,,,laboratory,2,,,batch,,,no,,no,,,,,,,,,,,,,,,,,,,,,,,,mesophilic,37,NDF of substrate (%TS)= 65.21,ADF of substrate (%TS)= 28.2,,,,,,,,,,,,,,https://mediatum.ub.tum.de/doc/631394/631394.pdf
grass,grass silage,agricultural,,,,,1.59,12.56,7.07,17.93,92.47,solid,,,,248.85,,,,laboratory,2,,,batch,,,no,,no,,,,,,,,,,,,,,,,,,,,,,,,mesophilic,37,NDF of substrate (%TS)= 45.05,ADF of substrate (%TS)= 42.59,,,,,,,,,,,,,,https://mediatum.ub.tum.de/doc/631394/631394.pdf
grass,grass silage,agricultural,,,,,3.6,17.75,5.7,18.1,89.73,solid,,,,201.4,,,,laboratory,2,,,batch,,,no,,no,,,,,,,,,,,,,,,,,,,,,,,,mesophilic,37,NDF of substrate (%TS)= 43.64,ADF of substrate (%TS)= 34.5,,,,,,,,,,,,,,https://mediatum.ub.tum.de/doc/631394/631394.pdf
grass,fresh grass,agricultural,,,,,,21.63,6.36,15.89,91.01,solid,,,,293.46,,,,laboratory,2,,,batch,,,no,,no,,,,,,,,,,,,,,,,,,,,,,,,mesophilic,37,NDF of substrate (%TS)= 46.8,ADF of substrate (%TS)= 29.75,,,,,,,,,,,,,,https://mediatum.ub.tum.de/doc/631394/631394.pdf
grass,fresh grass,agricultural,,,,,,14.63,5.5,18.05,92.78,solid,,,,200.44,,,,laboratory,2,,,batch,,,no,,no,,,,,,,,,,,,,,,,,,,,,,,,mesophilic,37,NDF of substrate (%TS)= 52.45,ADF of substrate (%TS)= 27.4,,,,,,,,,,,,,,https://mediatum.ub.tum.de/doc/631394/631394.pdf
grass,grass silage,agricultural,,,,,2.12,16.13,10.2,18.44,92.74,solid,,,,290.79,,,,laboratory,2,,,batch,,,no,,no,,,,,,,,,,,,,,,,,,,,,,,,mesophilic,37,NDF of substrate (%TS)= 43.67,ADF of substrate (%TS)= 38.49,,,,,,,,,,,,,,https://mediatum.ub.tum.de/doc/631394/631394.pdf
grass,grass silage,agricultural,,,,,2.9,19.5,7.3,20.16,90.86,solid,,,,163.75,,,,laboratory,2,,,batch,,,no,,no,,,,,,,,,,,,,,,,,,,,,,,,mesophilic,37,NDF of substrate (%TS)= 59.34,ADF of substrate (%TS)= 30.2,,,,,,,,,,,,,,https://mediatum.ub.tum.de/doc/631394/631394.pdf
grass,fresh grass,agricultural,,,,,1.88,10.59,6.3,25.33,93.3,solid,,,,285.77,,,,laboratory,2,,,batch,,,no,,no,,,,,,,,,,,,,,,,,,,,,,,,mesophilic,37,NDF of substrate (%TS)= 58.36,ADF of substrate (%TS)= 33.57,,,,,,,,,,,,,,https://mediatum.ub.tum.de/doc/631394/631394.pdf
grass,fresh grass,agricultural,,,,,3.42,16.19,7.57,24.34,91.94,solid,,,,266.42,,,,laboratory,2,,,batch,,,no,,no,,,,,,,,,,,,,,,,,,,,,,,,mesophilic,37,NDF of substrate (%TS)= 65.21,ADF of substrate (%TS)= 36.81,,,,,,,,,,,,,,https://mediatum.ub.tum.de/doc/631394/631394.pdf
grass,grass silage,agricultural,,,,,4.92,18.9,0.5,16.54,91.39,solid,,,,326.21,,,,laboratory,2,,,batch,,,no,,no,,,,,,,,,,,,,,,,,,,,,,,,mesophilic,37,NDF of substrate (%TS)= 44.91,ADF of substrate (%TS)= 27.31,,,,,,,,,,,,,,https://mediatum.ub.tum.de/doc/631394/631394.pdf
grass,fresh grass,agricultural,,,,,3.1,18.3,7.9,18.88,89.88,solid,,,,316.38,,,,laboratory,2,,,batch,,,no,,no,,,,,,,,,,,,,,,,,,,,,,,,mesophilic,37,NDF of substrate (%TS)= 53.86,ADF of substrate (%TS)= 29,,,,,,,,,,,,,,https://mediatum.ub.tum.de/doc/631394/631394.pdf
grass,grass silage,agricultural,,,,,3.71,17.63,2.7,16.63,88.7,solid,,,,342.28,,,,laboratory,2,,,batch,,,no,,no,,,,,,,,,,,,,,,,,,,,,,,,mesophilic,37,NDF of substrate (%TS)= 50.2,ADF of substrate (%TS)= 33.83,,,,,,,,,,,,,,https://mediatum.ub.tum.de/doc/631394/631394.pdf
grass,grass silage,agricultural,,,,,4.12,17.15,2,27.08,89.09,solid,,,,297.11,,,,laboratory,2,,,batch,,,no,,no,,,,,,,,,,,,,,,,,,,,,,,,mesophilic,37,NDF of substrate (%TS)= 54.2,ADF of substrate (%TS)= 33.79,,,,,,,,,,,,,,https://mediatum.ub.tum.de/doc/631394/631394.pdf
grass,fresh grass,agricultural,,,,,2.02,14.75,3.2,19.83,90.91,solid,,,,416.94,,,,laboratory,2,,,batch,,,no,,no,,,,,,,,,,,,,,,,,,,,,,,,mesophilic,37,NDF of substrate (%TS)= 48.5,ADF of substrate (%TS)= 24.5,,,,,,,,,,,,,,https://mediatum.ub.tum.de/doc/631394/631394.pdf
grass,grass silage,agricultural,,,,,3.68,13.5,4.1,16.22,89.22,solid,,,,330.87,,,,laboratory,2,,,batch,,,no,,no,,,,,,,,,,,,,,,,,,,,,,,,mesophilic,37,NDF of substrate (%TS)= 59.16,ADF of substrate (%TS)= 34,,,,,,,,,,,,,,https://mediatum.ub.tum.de/doc/631394/631394.pdf
grass,grass silage,agricultural,,,,,3.9,15.25,4.4,22.03,88.31,solid,,,,233.24,,,,laboratory,2,,,batch,,,no,,no,,,,,,,,,,,,,,,,,,,,,,,,mesophilic,37,NDF of substrate (%TS)= 47.15,ADF of substrate (%TS)= 29.2,,,,,,,,,,,,,,https://mediatum.ub.tum.de/doc/631394/631394.pdf
grass,fresh grass,agricultural,,,,,2.02,15.13,4.2,16.85,90.3,solid,,,,365.73,,,,laboratory,2,,,batch,,,no,,no,,,,,,,,,,,,,,,,,,,,,,,,mesophilic,37,NDF of substrate (%TS)= 50,ADF of substrate (%TS)= 26.9,,,,,,,,,,,,,,https://mediatum.ub.tum.de/doc/631394/631394.pdf
grass,grass silage,agricultural,,,,,,14.75,5.24,17.95,89.94,solid,,,,243.38,,,,laboratory,2,,,batch,,,no,,no,,,,,,,,,,,,,,,,,,,,,,,,mesophilic,37,NDF of substrate (%TS)= 51.46,ADF of substrate (%TS)= 35.93,,,,,,,,,,,,,,https://mediatum.ub.tum.de/doc/631394/631394.pdf
grass,grass silage,agricultural,,,,,4,13.88,5.8,22.98,89.71,solid,,,,203.84,,,,laboratory,2,,,batch,,,no,,no,,,,,,,,,,,,,,,,,,,,,,,,mesophilic,37,NDF of substrate (%TS)= 45.38,ADF of substrate (%TS)= 29.8,,,,,,,,,,,,,,https://mediatum.ub.tum.de/doc/631394/631394.pdf
grass,fresh grass,agricultural,,,,,2.08,21.44,5.23,21.93,90.78,solid,,,,258.34,,,,laboratory,2,,,batch,,,no,,no,,,,,,,,,,,,,,,,,,,,,,,,mesophilic,37,NDF of substrate (%TS)= 42.98,ADF of substrate (%TS)= 24.3,,,,,,,,,,,,,,https://mediatum.ub.tum.de/doc/631394/631394.pdf
grass,grass hay,agricultural,,,,,1.2,8,8.3,83.9,94.2,solid,,,,219,,,,laboratory,2,,,batch,,,no,,no,,,,,,,,,,,,,,,,,,,,,,,,mesophilic,37,NDF of substrate (%TS)= 66,ADF of substrate (%TS)= 38.6,,,,,,,,,,,,,,https://mediatum.ub.tum.de/doc/631394/631394.pdf
grass,fresh grass,agricultural,,,,,3.62,15.81,7.23,34.06,92.07,solid,,,,277.57,,,,laboratory,2,,,batch,,,no,,no,,,,,,,,,,,,,,,,,,,,,,,,mesophilic,37,NDF of substrate (%TS)= 58.41,ADF of substrate (%TS)= 32.2,,,,,,,,,,,,,,https://mediatum.ub.tum.de/doc/631394/631394.pdf
grass,grass hay,agricultural,,,,,3.4,15.44,8.4,82.6,92.04,solid,,,,187.67,,,,laboratory,2,,,batch,,,no,,no,,,,,,,,,,,,,,,,,,,,,,,,mesophilic,37,NDF of substrate (%TS)= 55.25,ADF of substrate (%TS)= 30.7,,,,,,,,,,,,,,https://mediatum.ub.tum.de/doc/631394/631394.pdf
grass,fresh grass,agricultural,,,,,3.14,19.69,4.21,22.69,90.69,solid,,,,257.28,,,,laboratory,2,,,batch,,,no,,no,,,,,,,,,,,,,,,,,,,,,,,,mesophilic,37,NDF of substrate (%TS)= 54.55,ADF of substrate (%TS)= 27.83,,,,,,,,,,,,,,https://mediatum.ub.tum.de/doc/631394/631394.pdf
grass,grass hay,agricultural,,,,,3.1,19.75,7,82.08,91.96,solid,,,,267.59,,,,laboratory,2,,,batch,,,no,,no,,,,,,,,,,,,,,,,,,,,,,,,mesophilic,37,NDF of substrate (%TS)= 50,ADF of substrate (%TS)= 26.1,,,,,,,,,,,,,,https://mediatum.ub.tum.de/doc/631394/631394.pdf
grass,grass silage,agricultural,,,,,3.86,16.06,7,16.74,91.24,solid,,,,340.43,,,,laboratory,2,,,batch,,,no,,no,,,,,,,,,,,,,,,,,,,,,,,,mesophilic,37,NDF of substrate (%TS)= 50.69,ADF of substrate (%TS)= 35.8,,,,,,,,,,,,,,https://mediatum.ub.tum.de/doc/631394/631394.pdf
grass,grass silage,agricultural,,,,,2.5,12.09,6.35,25.83,89.29,solid,,,,328.65,,,,laboratory,2,,,batch,,,no,,no,,,,,,,,,,,,,,,,,,,,,,,,mesophilic,37,NDF of substrate (%TS)= 53.5,ADF of substrate (%TS)= 35.7,,,,,,,,,,,,,,https://mediatum.ub.tum.de/doc/631394/631394.pdf
grass,grass silage,agricultural,,,,,2.9,16.1,7.38,24.83,85.9,solid,,,,341.52,,,,laboratory,2,,,batch,,,no,,no,,,,,,,,,,,,,,,,,,,,,,,,mesophilic,37,NDF of substrate (%TS)= 50,ADF of substrate (%TS)= 34.1,,,,,,,,,,,,,,https://mediatum.ub.tum.de/doc/631394/631394.pdf
grass,grass hay,agricultural,,,,,1.67,9.94,7.07,88.69,93.67,solid,,,,191.11,,,,laboratory,2,,,batch,,,no,,no,,,,,,,,,,,,,,,,,,,,,,,,mesophilic,37,NDF of substrate (%TS)= 61.73,ADF of substrate (%TS)= 38.14,,,,,,,,,,,,,,https://mediatum.ub.tum.de/doc/631394/631394.pdf
grass,fresh grass,agricultural,,,,,3,14,8.77,46.05,91.83,solid,,,,212.39,,,,laboratory,2,,,batch,,,no,,no,,,,,,,,,,,,,,,,,,,,,,,,mesophilic,37,NDF of substrate (%TS)= 57.5,ADF of substrate (%TS)= 34.79,,,,,,,,,,,,,,https://mediatum.ub.tum.de/doc/631394/631394.pdf
grass,grass hay,agricultural,,,,,3.9,13.06,8.8,83.76,91.4,solid,,,,197.66,,,,laboratory,2,,,batch,,,no,,no,,,,,,,,,,,,,,,,,,,,,,,,mesophilic,37,NDF of substrate (%TS)= 52.87,ADF of substrate (%TS)= 31.6,,,,,,,,,,,,,,https://mediatum.ub.tum.de/doc/631394/631394.pdf
grass,fresh grass,agricultural,,,,,2.58,25.75,6.93,22.16,90.68,solid,,,,303.93,,,,laboratory,2,,,batch,,,no,,no,,,,,,,,,,,,,,,,,,,,,,,,mesophilic,37,NDF of substrate (%TS)= 54.7,ADF of substrate (%TS)= 31.88,,,,,,,,,,,,,,https://mediatum.ub.tum.de/doc/631394/631394.pdf
grass,grass hay,agricultural,,,,,3.7,23.38,7.5,82.44,91.64,solid,,,,230.28,,,,laboratory,2,,,batch,,,no,,no,,,,,,,,,,,,,,,,,,,,,,,,mesophilic,37,NDF of substrate (%TS)= 51.37,ADF of substrate (%TS)= 26.5,,,,,,,,,,,,,,https://mediatum.ub.tum.de/doc/631394/631394.pdf
grass,fresh grass,agricultural,,,,,2.31,14.54,5.92,25.83,93.2,solid,,,,297.76,,,,laboratory,2,,,batch,,,no,,no,,,,,,,,,,,,,,,,,,,,,,,,mesophilic,37,NDF of substrate (%TS)= 59.33,ADF of substrate (%TS)= 34.03,,,,,,,,,,,,,,https://mediatum.ub.tum.de/doc/631394/631394.pdf
grass,grass silage,agricultural,,,,,2.2,12.63,6.6,23.85,92.63,solid,,,,252.1,,,,laboratory,2,,,batch,,,no,,no,,,,,,,,,,,,,,,,,,,,,,,,mesophilic,37,NDF of substrate (%TS)= 58.33,ADF of substrate (%TS)= 36.1,,,,,,,,,,,,,,https://mediatum.ub.tum.de/doc/631394/631394.pdf
grass,grass silage,agricultural,,,,,2,13.5,7.2,29.27,93.33,solid,,,,234.26,,,,laboratory,2,,,batch,,,no,,no,,,,,,,,,,,,,,,,,,,,,,,,mesophilic,37,NDF of substrate (%TS)= 55.77,ADF of substrate (%TS)= 34.2,,,,,,,,,,,,,,https://mediatum.ub.tum.de/doc/631394/631394.pdf
grass,fresh grass,agricultural,,,,,2.75,24.66,4.82,18.97,89.28,solid,,,,308.06,,,,laboratory,2,,,batch,,,no,,no,,,,,,,,,,,,,,,,,,,,,,,,mesophilic,37,NDF of substrate (%TS)= 41.94,ADF of substrate (%TS)= 24.43,,,,,,,,,,,,,,https://mediatum.ub.tum.de/doc/631394/631394.pdf
grass,grass silage,agricultural,,,,,3.9,20.81,9.7,23.72,92.75,solid,,,,278.61,,,,laboratory,2,,,batch,,,no,,no,,,,,,,,,,,,,,,,,,,,,,,,mesophilic,37,NDF of substrate (%TS)= 35.57,ADF of substrate (%TS)= 27.1,,,,,,,,,,,,,,https://mediatum.ub.tum.de/doc/631394/631394.pdf
grass,grass silage,agricultural,,,,,3.6,19.5,5,22.53,88.38,solid,,,,203.07,,,,laboratory,2,,,batch,,,no,,no,,,,,,,,,,,,,,,,,,,,,,,,mesophilic,37,NDF of substrate (%TS)= 34.36,ADF of substrate (%TS)= 28.9,,,,,,,,,,,,,,https://mediatum.ub.tum.de/doc/631394/631394.pdf
grass,grass silage,agricultural,,,,,3.5,20.38,5.1,21.68,88.15,solid,,,,255.25,,,,laboratory,2,,,batch,,,no,,no,,,,,,,,,,,,,,,,,,,,,,,,mesophilic,37,NDF of substrate (%TS)= 34.11,ADF of substrate (%TS)= 28.5,,,,,,,,,,,,,,https://mediatum.ub.tum.de/doc/631394/631394.pdf
grass,fresh grass,agricultural,,,,,2.44,30.98,5.6,13.37,88.47,solid,,,,215.07,,,,laboratory,2,,,batch,,,no,,no,,,,,,,,,,,,,,,,,,,,,,,,mesophilic,37,NDF of substrate (%TS)= 47.01,ADF of substrate (%TS)= 23.05,,,,,,,,,,,,,,https://mediatum.ub.tum.de/doc/631394/631394.pdf
grass,grass silage,agricultural,,,,,3.2,20.2,5.67,17.31,86.57,solid,,,,397.56,,,,laboratory,2,,,batch,,,no,,no,,,,,,,,,,,,,,,,,,,,,,,,mesophilic,37,NDF of substrate (%TS)= 48,ADF of substrate (%TS)= 31.5,,,,,,,,,,,,,,https://mediatum.ub.tum.de/doc/631394/631394.pdf
grass,fresh grass,agricultural,,,,,4.31,31.03,5.5,10.69,87.7,solid,,,,198.08,,,,laboratory,2,,,batch,,,no,,no,,,,,,,,,,,,,,,,,,,,,,,,mesophilic,37,NDF of substrate (%TS)= 51.89,ADF of substrate (%TS)= 25.58,,,,,,,,,,,,,,https://mediatum.ub.tum.de/doc/631394/631394.pdf
grass,fresh grass,agricultural,,,,,3.9,18.4,6.6,21.49,89.7,solid,,,,318.54,,,,laboratory,2,,,batch,,,no,,no,,,,,,,,,,,,,,,,,,,,,,,,mesophilic,37,NDF of substrate (%TS)= 52.2,ADF of substrate (%TS)= 24.93,,,,,,,,,,,,,,https://mediatum.ub.tum.de/doc/631394/631394.pdf
grass,grass silage,agricultural,,,,,3.2,17.33,3.29,20.43,88.48,solid,,,,362.24,,,,laboratory,2,,,batch,,,no,,no,,,,,,,,,,,,,,,,,,,,,,,,mesophilic,37,NDF of substrate (%TS)= 47.3,ADF of substrate (%TS)= 33.4,,,,,,,,,,,,,,https://mediatum.ub.tum.de/doc/631394/631394.pdf
grass,fresh grass,agricultural,,,,,3.7,20.8,5.2,22.63,90.17,solid,,,,263.64,,,,laboratory,2,,,batch,,,no,,no,,,,,,,,,,,,,,,,,,,,,,,,mesophilic,37,NDF of substrate (%TS)= 54.9,ADF of substrate (%TS)= 25.05,,,,,,,,,,,,,,https://mediatum.ub.tum.de/doc/631394/631394.pdf
grass,grass silage,agricultural,,,,,3.6,19,5.83,25.18,86.59,solid,,,,256.48,,,,laboratory,2,,,batch,,,no,,no,,,,,,,,,,,,,,,,,,,,,,,,mesophilic,37,NDF of substrate (%TS)= 49.2,ADF of substrate (%TS)= 34.8,,,,,,,,,,,,,,https://mediatum.ub.tum.de/doc/631394/631394.pdf
grass,fresh grass,agricultural,,,,,3.8,18.3,6.7,20.55,90.44,solid,,,,288.24,,,,laboratory,2,,,batch,,,no,,no,,,,,,,,,,,,,,,,,,,,,,,,mesophilic,37,NDF of substrate (%TS)= 55.22,ADF of substrate (%TS)= 27.68,,,,,,,,,,,,,,https://mediatum.ub.tum.de/doc/631394/631394.pdf
grass,grass silage,agricultural,,,,,3,17.1,3.34,19.84,89.34,solid,,,,346.34,,,,laboratory,2,,,batch,,,no,,no,,,,,,,,,,,,,,,,,,,,,,,,mesophilic,37,NDF of substrate (%TS)= 45.8,ADF of substrate (%TS)= 32.1,,,,,,,,,,,,,,https://mediatum.ub.tum.de/doc/631394/631394.pdf
grass,fresh grass,agricultural,,,,,3.6,22.2,5.4,21.97,89.42,solid,,,,292.97,,,,laboratory,2,,,batch,,,no,,no,,,,,,,,,,,,,,,,,,,,,,,,mesophilic,37,NDF of substrate (%TS)= 55.71,ADF of substrate (%TS)= 26.5,,,,,,,,,,,,,,https://mediatum.ub.tum.de/doc/631394/631394.pdf
grass,grass silage,agricultural,,,,,4.5,19.8,6.93,24.27,88.44,solid,,,,294.12,,,,laboratory,2,,,batch,,,no,,no,,,,,,,,,,,,,,,,,,,,,,,,mesophilic,37,NDF of substrate (%TS)= 46.8,ADF of substrate (%TS)= 27.5,,,,,,,,,,,,,,https://mediatum.ub.tum.de/doc/631394/631394.pdf
grass,grass silage,agricultural,,,,,2.43,10.6,3.7,24.34,91.8,solid,,,,371.39,,,,laboratory,2,,,batch,,,no,,no,,,,,,,,,,,,,,,,,,,,,,,,mesophilic,37,NDF of substrate (%TS)= 53.6,ADF of substrate (%TS)= 33.4,,,,,,,,,,,,,,https://mediatum.ub.tum.de/doc/631394/631394.pdf
grass,grass silage,agricultural,,,,,3.91,17.14,4.1,34.66,89.95,solid,,,,303.3,,,,laboratory,2,,,batch,,,no,,no,,,,,,,,,,,,,,,,,,,,,,,,mesophilic,37,NDF of substrate (%TS)= 48.85,ADF of substrate (%TS)= 30.74,,,,,,,,,,,,,,https://mediatum.ub.tum.de/doc/631394/631394.pdf
grass,grass silage,agricultural,,,,,3.9,20.6,9.08,26.48,89.6,solid,,,,325.73,,,,laboratory,2,,,batch,,,no,,no,,,,,,,,,,,,,,,,,,,,,,,,mesophilic,37,NDF of substrate (%TS)= 42.4,ADF of substrate (%TS)= 29.4,,,,,,,,,,,,,,https://mediatum.ub.tum.de/doc/631394/631394.pdf
grass,fresh grass,agricultural,,,,,2.98,24.4,10.5,17.31,90.94,solid,,,,332.46,,,,laboratory,2,,,batch,,,no,,no,,,,,,,,,,,,,,,,,,,,,,,,mesophilic,37,NDF of substrate (%TS)= 40.99,ADF of substrate (%TS)= 22.3,,,,,,,,,,,,,,https://mediatum.ub.tum.de/doc/631394/631394.pdf
grass,grass silage,agricultural,,,,,2.9,19.9,0.7,23.97,91.23,solid,,,,287.62,,,,laboratory,2,,,batch,,,no,,no,,,,,,,,,,,,,,,,,,,,,,,,mesophilic,37,NDF of substrate (%TS)= 38.46,ADF of substrate (%TS)= 23.89,,,,,,,,,,,,,,https://mediatum.ub.tum.de/doc/631394/631394.pdf
grass,fresh grass,agricultural,,,,,2.4,11.6,5.6,18.07,91.16,solid,,,,332.77,,,,laboratory,2,,,batch,,,no,,no,,,,,,,,,,,,,,,,,,,,,,,,mesophilic,37,NDF of substrate (%TS)= 54.27,ADF of substrate (%TS)= 31.9,,,,,,,,,,,,,,https://mediatum.ub.tum.de/doc/631394/631394.pdf
grass,grass silage,agricultural,,,,,1.56,10.25,3.6,18.51,89.76,solid,,,,443.04,,,,laboratory,2,,,batch,,,no,,no,,,,,,,,,,,,,,,,,,,,,,,,mesophilic,37,NDF of substrate (%TS)= 59.58,ADF of substrate (%TS)= 36.23,,,,,,,,,,,,,,https://mediatum.ub.tum.de/doc/631394/631394.pdf
grass,fresh grass,agricultural,,,,,2.93,13.7,5.2,18.7,90.97,solid,,,,316.44,,,,laboratory,2,,,batch,,,no,,no,,,,,,,,,,,,,,,,,,,,,,,,mesophilic,37,NDF of substrate (%TS)= 52,ADF of substrate (%TS)= 29.9,,,,,,,,,,,,,,https://mediatum.ub.tum.de/doc/631394/631394.pdf
grass,grass silage,agricultural,,,,,2.2,14.33,5.79,21.89,90.6,solid,,,,356.1,,,,laboratory,2,,,batch,,,no,,no,,,,,,,,,,,,,,,,,,,,,,,,mesophilic,37,NDF of substrate (%TS)= 53,ADF of substrate (%TS)= 33.8,,,,,,,,,,,,,,https://mediatum.ub.tum.de/doc/631394/631394.pdf
grass,grass silage,agricultural,,,,,3.1,16.2,5.32,35.58,90.19,solid,,,,341.48,,,,laboratory,2,,,batch,,,no,,no,,,,,,,,,,,,,,,,,,,,,,,,mesophilic,37,NDF of substrate (%TS)= 52.7,ADF of substrate (%TS)= 36.4,,,,,,,,,,,,,,https://mediatum.ub.tum.de/doc/631394/631394.pdf
grass,grass silage,agricultural,,,,,3.32,19.13,1.8,20.25,90.22,solid,,,,299.88,,,,laboratory,2,,,batch,,,no,,no,,,,,,,,,,,,,,,,,,,,,,,,mesophilic,37,NDF of substrate (%TS)= 45.71,ADF of substrate (%TS)= 27.47,,,,,,,,,,,,,,https://mediatum.ub.tum.de/doc/631394/631394.pdf
grass,fresh grass,agricultural,,,,,3.29,17.3,6.3,19.15,91.82,solid,,,,302.35,,,,laboratory,2,,,batch,,,no,,no,,,,,,,,,,,,,,,,,,,,,,,,mesophilic,37,NDF of substrate (%TS)= 42.86,ADF of substrate (%TS)= 23.3,,,,,,,,,,,,,,https://mediatum.ub.tum.de/doc/631394/631394.pdf
grass,grass silage,agricultural,,,,,2.7,18.3,0.6,24.41,90.89,solid,,,,308.24,,,,laboratory,2,,,batch,,,no,,no,,,,,,,,,,,,,,,,,,,,,,,,mesophilic,37,NDF of substrate (%TS)= 43.1,ADF of substrate (%TS)= 24.33,,,,,,,,,,,,,,https://mediatum.ub.tum.de/doc/631394/631394.pdf
grass,fresh grass,agricultural,,,,,2.6,12.8,6.3,16.39,90.2,solid,,,,350.05,,,,laboratory,2,,,batch,,,no,,no,,,,,,,,,,,,,,,,,,,,,,,,mesophilic,37,NDF of substrate (%TS)= 56.66,ADF of substrate (%TS)= 34.3,,,,,,,,,,,,,,https://mediatum.ub.tum.de/doc/631394/631394.pdf
grass,grass silage,agricultural,,,,,1.45,12.54,3.7,20.2,89.29,solid,,,,367.45,,,,laboratory,2,,,batch,,,no,,no,,,,,,,,,,,,,,,,,,,,,,,,mesophilic,37,NDF of substrate (%TS)= 59.08,ADF of substrate (%TS)= 38.35,,,,,,,,,,,,,,https://mediatum.ub.tum.de/doc/631394/631394.pdf
grass,grass silage,agricultural,,,,,2.17,17,8.03,27.57,89.49,solid,,,,338.15,,,,laboratory,2,,,batch,,,no,,no,,,,,,,,,,,,,,,,,,,,,,,,mesophilic,37,NDF of substrate (%TS)= 55.3,ADF of substrate (%TS)= 36,,,,,,,,,,,,,,https://mediatum.ub.tum.de/doc/631394/631394.pdf
grass,grass silage,agricultural,,,,,3.48,18.73,1,21.31,90.04,solid,,,,255.28,,,,laboratory,2,,,batch,,,no,,no,,,,,,,,,,,,,,,,,,,,,,,,mesophilic,37,NDF of substrate (%TS)= 44.32,ADF of substrate (%TS)= 23.29,,,,,,,,,,,,,,https://mediatum.ub.tum.de/doc/631394/631394.pdf
grass,grass silage,agricultural,,,,,1.5,12.56,4.3,17.04,89.01,solid,,,,389.81,,,,laboratory,2,,,batch,,,no,,no,,,,,,,,,,,,,,,,,,,,,,,,mesophilic,37,NDF of substrate (%TS)= 59.68,ADF of substrate (%TS)= 39.17,,,,,,,,,,,,,,https://mediatum.ub.tum.de/doc/631394/631394.pdf
grass,grass silage,agricultural,,,,,2.22,18,6.62,29.38,88.88,solid,,,,296.95,,,,laboratory,2,,,batch,,,no,,no,,,,,,,,,,,,,,,,,,,,,,,,mesophilic,37,NDF of substrate (%TS)= 51.9,ADF of substrate (%TS)= 36.1,,,,,,,,,,,,,,https://mediatum.ub.tum.de/doc/631394/631394.pdf
grass,fresh grass,agricultural,,,,,3.43,15.9,8.7,14.65,92.27,solid,,,,282.7,,,,laboratory,2,,,batch,,,no,,no,,,,,,,,,,,,,,,,,,,,,,,,mesophilic,37,NDF of substrate (%TS)= 62.28,ADF of substrate (%TS)= 33.9,,,,,,,,,,,,,,https://mediatum.ub.tum.de/doc/631394/631394.pdf
grass,grass silage,agricultural,,,,,3.81,13.8,4.9,16.88,91.14,solid,,,,312.44,,,,laboratory,2,,,batch,,,no,,no,,,,,,,,,,,,,,,,,,,,,,,,mesophilic,37,NDF of substrate (%TS)= 60.1,ADF of substrate (%TS)= 35.11,,,,,,,,,,,,,,https://mediatum.ub.tum.de/doc/631394/631394.pdf
grass,fresh grass,agricultural,,,,,2.5,11.2,6.3,20.56,91.77,solid,,,,312.58,,,,laboratory,2,,,batch,,,no,,no,,,,,,,,,,,,,,,,,,,,,,,,mesophilic,37,NDF of substrate (%TS)= 58.1,ADF of substrate (%TS)= 32.1,,,,,,,,,,,,,,https://mediatum.ub.tum.de/doc/631394/631394.pdf
grass,grass silage,agricultural,,,,,1.35,10.35,3.4,23.89,91.71,solid,,,,278.55,,,,laboratory,2,,,batch,,,no,,no,,,,,,,,,,,,,,,,,,,,,,,,mesophilic,37,NDF of substrate (%TS)= 60.31,ADF of substrate (%TS)= 34.93,,,,,,,,,,,,,,https://mediatum.ub.tum.de/doc/631394/631394.pdf
grass,grass silage,agricultural,,,,,1.65,14,6.59,25.28,89.07,solid,,,,335.28,,,,laboratory,2,,,batch,,,no,,no,,,,,,,,,,,,,,,,,,,,,,,,mesophilic,37,NDF of substrate (%TS)= 54.1,ADF of substrate (%TS)= 34.9,,,,,,,,,,,,,,https://mediatum.ub.tum.de/doc/631394/631394.pdf
grass,grass silage,agricultural,,,,,3.16,13.34,4.8,18.64,90.12,solid,,,,352.9,,,,laboratory,2,,,batch,,,no,,no,,,,,,,,,,,,,,,,,,,,,,,,mesophilic,37,NDF of substrate (%TS)= 62.41,ADF of substrate (%TS)= 38.39,,,,,,,,,,,,,,https://mediatum.ub.tum.de/doc/631394/631394.pdf
grass,grass silage,agricultural,,,,,2.5,15.43,6.08,24.29,88.51,solid,,,,310.52,,,,laboratory,2,,,batch,,,no,,no,,,,,,,,,,,,,,,,,,,,,,,,mesophilic,37,NDF of substrate (%TS)= 59.4,ADF of substrate (%TS)= 37.1,,,,,,,,,,,,,,https://mediatum.ub.tum.de/doc/631394/631394.pdf
grass,fresh grass,agricultural,,,,,2.8,15,7.3,18.74,91.06,solid,,,,374.21,,,,laboratory,2,,,batch,,,no,,no,,,,,,,,,,,,,,,,,,,,,,,,mesophilic,37,NDF of substrate (%TS)= 61.6,ADF of substrate (%TS)= 31.1,,,,,,,,,,,,,,https://mediatum.ub.tum.de/doc/631394/631394.pdf
grass,grass silage,agricultural,,,,,1.6,9.99,5.3,26.63,94.45,solid,,,,346.03,,,,laboratory,2,,,batch,,,no,,no,,,,,,,,,,,,,,,,,,,,,,,,mesophilic,37,NDF of substrate (%TS)= 66.92,ADF of substrate (%TS)= 42.51,,,,,,,,,,,,,,https://mediatum.ub.tum.de/doc/631394/631394.pdf
grass,grass silage,agricultural,,,,,3.8,22,5.36,18.95,89.17,solid,,,,303.63,,,,laboratory,2,,,batch,,,no,,no,,,,,,,,,,,,,,,,,,,,,,,,mesophilic,37,NDF of substrate (%TS)= 48.9,ADF of substrate (%TS)= 32.9,,,,,,,,,,,,,,https://mediatum.ub.tum.de/doc/631394/631394.pdf
grass,fresh grass,agricultural,,,,,3.24,15,7.1,20.81,92.67,solid,,,,316.07,,,,laboratory,2,,,batch,,,no,,no,,,,,,,,,,,,,,,,,,,,,,,,mesophilic,37,NDF of substrate (%TS)= 55.82,ADF of substrate (%TS)= 28.3,,,,,,,,,,,,,,https://mediatum.ub.tum.de/doc/631394/631394.pdf
grass,grass silage,agricultural,,,,,4.02,16,3.1,18.72,89.73,solid,,,,381.59,,,,laboratory,2,,,batch,,,no,,no,,,,,,,,,,,,,,,,,,,,,,,,mesophilic,37,NDF of substrate (%TS)= 57.14,ADF of substrate (%TS)= 32.06,,,,,,,,,,,,,,https://mediatum.ub.tum.de/doc/631394/631394.pdf
grass,grass silage,agricultural,,,,,2.61,21.57,2.3,24.39,93.06,solid,,,,256.68,,,,laboratory,2,,,batch,,,no,,no,,,,,,,,,,,,,,,,,,,,,,,,mesophilic,37,NDF of substrate (%TS)= 51.8,ADF of substrate (%TS)= 35.43,,,,,,,,,,,,,,https://mediatum.ub.tum.de/doc/631394/631394.pdf
grass,fresh grass,agricultural,,,,,4.1,27,6.9,19.38,92.62,solid,,,,297.86,,,,laboratory,2,,,batch,,,no,,no,,,,,,,,,,,,,,,,,,,,,,,,mesophilic,37,NDF of substrate (%TS)= 58.3,ADF of substrate (%TS)= 28.13,,,,,,,,,,,,,,https://mediatum.ub.tum.de/doc/631394/631394.pdf
grass,grass silage,agricultural,,,,,3.1,25.05,2.11,23.03,91.49,solid,,,,238.23,,,,laboratory,2,,,batch,,,no,,no,,,,,,,,,,,,,,,,,,,,,,,,mesophilic,37,NDF of substrate (%TS)= 48.6,ADF of substrate (%TS)= 28.5,,,,,,,,,,,,,,https://mediatum.ub.tum.de/doc/631394/631394.pdf
grass,fresh grass,agricultural,,,,,3.62,24.5,5,21.88,93.77,solid,,,,325.55,,,,laboratory,2,,,batch,,,no,,no,,,,,,,,,,,,,,,,,,,,,,,,mesophilic,37,NDF of substrate (%TS)= 60.6,ADF of substrate (%TS)= 30.78,,,,,,,,,,,,,,https://mediatum.ub.tum.de/doc/631394/631394.pdf
grass,grass silage,agricultural,,,,,2.6,21.52,3.02,23.87,93.13,solid,,,,208.76,,,,laboratory,2,,,batch,,,no,,no,,,,,,,,,,,,,,,,,,,,,,,,mesophilic,37,NDF of substrate (%TS)= 53.8,ADF of substrate (%TS)= 32,,,,,,,,,,,,,,https://mediatum.ub.tum.de/doc/631394/631394.pdf
grass,grass silage,agricultural,,,,,2.66,20.37,2.7,24.88,92.97,solid,,,,269.9,,,,laboratory,2,,,batch,,,no,,no,,,,,,,,,,,,,,,,,,,,,,,,mesophilic,37,NDF of substrate (%TS)= 53.86,ADF of substrate (%TS)= 32.44,,,,,,,,,,,,,,https://mediatum.ub.tum.de/doc/631394/631394.pdf
grass,fresh grass,agricultural,,,,,4.28,25.1,6.1,22.34,93.7,solid,,,,269.81,,,,laboratory,2,,,batch,,,no,,no,,,,,,,,,,,,,,,,,,,,,,,,mesophilic,37,NDF of substrate (%TS)= 61.4,ADF of substrate (%TS)= 27.47,,,,,,,,,,,,,,https://mediatum.ub.tum.de/doc/631394/631394.pdf
grass,grass silage,agricultural,,,,,2.5,22.34,3.49,23.04,92.75,solid,,,,242.23,,,,laboratory,2,,,batch,,,no,,no,,,,,,,,,,,,,,,,,,,,,,,,mesophilic,37,NDF of substrate (%TS)= 44.6,ADF of substrate (%TS)= 29.8,,,,,,,,,,,,,,https://mediatum.ub.tum.de/doc/631394/631394.pdf
grass,fresh grass,agricultural,,,,,2.8,14.3,7,22.06,93.23,solid,,,,321.07,,,,laboratory,2,,,batch,,,no,,no,,,,,,,,,,,,,,,,,,,,,,,,mesophilic,37,NDF of substrate (%TS)= 59.3,ADF of substrate (%TS)= 31.2,,,,,,,,,,,,,,https://mediatum.ub.tum.de/doc/631394/631394.pdf
grass,grass silage,agricultural,,,,,2.3,14.33,4.1,23.87,92.89,solid,,,,335.16,,,,laboratory,2,,,batch,,,no,,no,,,,,,,,,,,,,,,,,,,,,,,,mesophilic,37,NDF of substrate (%TS)= 57.92,ADF of substrate (%TS)= 34.36,,,,,,,,,,,,,,https://mediatum.ub.tum.de/doc/631394/631394.pdf
grass,grass silage,agricultural,,,,,3.8,18.2,7.19,24.52,91.14,solid,,,,318.11,,,,laboratory,2,,,batch,,,no,,no,,,,,,,,,,,,,,,,,,,,,,,,mesophilic,37,NDF of substrate (%TS)= 51,ADF of substrate (%TS)= 28.6,,,,,,,,,,,,,,https://mediatum.ub.tum.de/doc/631394/631394.pdf
grass,fresh grass,agricultural,,,,,3.2,16.1,6.8,28.86,90.91,solid,,,,319.51,,,,laboratory,2,,,batch,,,no,,no,,,,,,,,,,,,,,,,,,,,,,,,mesophilic,37,NDF of substrate (%TS)= 58.32,ADF of substrate (%TS)= 29.14,,,,,,,,,,,,,,https://mediatum.ub.tum.de/doc/631394/631394.pdf
grass,grass silage,agricultural,,,,,2.5,15.8,2.89,26.8,89.73,solid,,,,316.62,,,,laboratory,2,,,batch,,,no,,no,,,,,,,,,,,,,,,,,,,,,,,,mesophilic,37,NDF of substrate (%TS)= 54,ADF of substrate (%TS)= 33.5,,,,,,,,,,,,,,https://mediatum.ub.tum.de/doc/631394/631394.pdf
grass,grass silage,agricultural,,,,,4.3,17.7,5.7,23.59,91.11,solid,,,,317.19,,,,laboratory,2,,,batch,,,no,,no,,,,,,,,,,,,,,,,,,,,,,,,mesophilic,37,NDF of substrate (%TS)= 50.3,ADF of substrate (%TS)= 29.4,,,,,,,,,,,,,,https://mediatum.ub.tum.de/doc/631394/631394.pdf
grass,fresh grass,agricultural,,,,,2.45,16.3,6.7,16.99,90.42,solid,,,,243.61,,,,laboratory,2,,,batch,,,no,,no,,,,,,,,,,,,,,,,,,,,,,,,mesophilic,37,NDF of substrate (%TS)= 42.07,ADF of substrate (%TS)= 29.78,,,,,,,,,,,,,,https://mediatum.ub.tum.de/doc/631394/631394.pdf
grass,grass silage,agricultural,,,,,2.8,13.65,5.26,17.36,89.11,solid,,,,315.11,,,,laboratory,2,,,batch,,,no,,no,,,,,,,,,,,,,,,,,,,,,,,,mesophilic,37,NDF of substrate (%TS)= 41.8,ADF of substrate (%TS)= 35.8,,,,,,,,,,,,,,https://mediatum.ub.tum.de/doc/631394/631394.pdf
grass,fresh grass,agricultural,,,,,3.7,12.6,8,23.59,85.53,solid,,,,276.55,,,,laboratory,2,,,batch,,,no,,no,,,,,,,,,,,,,,,,,,,,,,,,mesophilic,37,NDF of substrate (%TS)= 35.79,ADF of substrate (%TS)= 32.81,,,,,,,,,,,,,,https://mediatum.ub.tum.de/doc/631394/631394.pdf
grass,grass silage,agricultural,,,,,2.8,13,5.5,20.24,84.62,solid,,,,293.97,,,,laboratory,2,,,batch,,,no,,no,,,,,,,,,,,,,,,,,,,,,,,,mesophilic,37,NDF of substrate (%TS)= 30.1,ADF of substrate (%TS)= 25.2,,,,,,,,,,,,,,https://mediatum.ub.tum.de/doc/631394/631394.pdf
grass,fresh grass,agricultural,,,,,3.23,23.8,9.3,16.77,89.99,solid,,,,261.23,,,,laboratory,2,,,batch,,,no,,no,,,,,,,,,,,,,,,,,,,,,,,,mesophilic,37,NDF of substrate (%TS)= 36.93,ADF of substrate (%TS)= 28,,,,,,,,,,,,,,https://mediatum.ub.tum.de/doc/631394/631394.pdf
grass,grass silage,agricultural,,,,,2.84,21.93,2.6,19.41,89.27,solid,,,,220.65,,,,laboratory,2,,,batch,,,no,,no,,,,,,,,,,,,,,,,,,,,,,,,mesophilic,37,NDF of substrate (%TS)= 31.35,ADF of substrate (%TS)= 33.04,,,,,,,,,,,,,,https://mediatum.ub.tum.de/doc/631394/631394.pdf
grass,grass silage,agricultural,,,,,3.05,29.33,2.5,27.69,88.22,solid,,,,329.17,,,,laboratory,2,,,batch,,,no,,no,,,,,,,,,,,,,,,,,,,,,,,,mesophilic,37,NDF of substrate (%TS)= 29.08,ADF of substrate (%TS)= 21.99,,,,,,,,,,,,,,https://mediatum.ub.tum.de/doc/631394/631394.pdf
grass,fresh grass,agricultural,,,,,2.75,21.3,7.5,18.47,90.1,solid,,,,278.67,,,,laboratory,2,,,batch,,,no,,no,,,,,,,,,,,,,,,,,,,,,,,,mesophilic,37,NDF of substrate (%TS)= 42.88,ADF of substrate (%TS)= 30,,,,,,,,,,,,,,https://mediatum.ub.tum.de/doc/631394/631394.pdf
grass,grass silage,agricultural,,,,,3.2,22.27,5.16,20.81,89.57,solid,,,,241.66,,,,laboratory,2,,,batch,,,no,,no,,,,,,,,,,,,,,,,,,,,,,,,mesophilic,37,NDF of substrate (%TS)= 37.8,ADF of substrate (%TS)= 31.7,,,,,,,,,,,,,,https://mediatum.ub.tum.de/doc/631394/631394.pdf
grass,fresh grass,agricultural,,,,,2.91,24.8,7,23.32,90.82,solid,,,,206.21,,,,laboratory,2,,,batch,,,no,,no,,,,,,,,,,,,,,,,,,,,,,,,mesophilic,37,NDF of substrate (%TS)= 41.67,ADF of substrate (%TS)= 29.39,,,,,,,,,,,,,,https://mediatum.ub.tum.de/doc/631394/631394.pdf
grass,grass silage,agricultural,,,,,2.83,22,5.14,27.58,89.55,solid,,,,226.32,,,,laboratory,2,,,batch,,,no,,no,,,,,,,,,,,,,,,,,,,,,,,,mesophilic,37,NDF of substrate (%TS)= 39.2,ADF of substrate (%TS)= 32.7,,,,,,,,,,,,,,https://mediatum.ub.tum.de/doc/631394/631394.pdf
grass,fresh grass,agricultural,,,,,3.23,25.2,9,17.02,90.68,solid,,,,237.31,,,,laboratory,2,,,batch,,,no,,no,,,,,,,,,,,,,,,,,,,,,,,,mesophilic,37,NDF of substrate (%TS)= 34.93,ADF of substrate (%TS)= 26.9,,,,,,,,,,,,,,https://mediatum.ub.tum.de/doc/631394/631394.pdf
grass,grass silage,agricultural,,,,,3,22.9,2.5,20.54,90.21,solid,,,,275.74,,,,laboratory,2,,,batch,,,no,,no,,,,,,,,,,,,,,,,,,,,,,,,mesophilic,37,NDF of substrate (%TS)= 34.06,ADF of substrate (%TS)= 30.84,,,,,,,,,,,,,,https://mediatum.ub.tum.de/doc/631394/631394.pdf
grass,grass silage,agricultural,,,,,2.9,21.9,4.71,25.8,89.54,solid,,,,218.65,,,,laboratory,2,,,batch,,,no,,no,,,,,,,,,,,,,,,,,,,,,,,,mesophilic,37,NDF of substrate (%TS)= 39,ADF of substrate (%TS)= 32.3,,,,,,,,,,,,,,https://mediatum.ub.tum.de/doc/631394/631394.pdf
grass,fresh grass,agricultural,,,,,3.56,20.2,7,14.61,90.57,solid,,,,282.49,,,,laboratory,2,,,batch,,,no,,no,,,,,,,,,,,,,,,,,,,,,,,,mesophilic,37,NDF of substrate (%TS)= 40.2,ADF of substrate (%TS)= 21.1,,,,,,,,,,,,,,https://mediatum.ub.tum.de/doc/631394/631394.pdf
grass,grass silage,agricultural,,,,,3.34,28.2,6.3,19.66,92.01,solid,,,,216.95,,,,laboratory,2,,,batch,,,no,,no,,,,,,,,,,,,,,,,,,,,,,,,mesophilic,37,NDF of substrate (%TS)= 42.18,ADF of substrate (%TS)= 32.52,,,,,,,,,,,,,,https://mediatum.ub.tum.de/doc/631394/631394.pdf
grass,fresh grass,agricultural,,,,,2.72,20.1,10,14.56,89.73,solid,,,,278.09,,,,laboratory,2,,,batch,,,no,,no,,,,,,,,,,,,,,,,,,,,,,,,mesophilic,37,NDF of substrate (%TS)= 45.78,ADF of substrate (%TS)= 28.2,,,,,,,,,,,,,,https://mediatum.ub.tum.de/doc/631394/631394.pdf
grass,grass silage,agricultural,,,,,1.8,19.73,7.4,19.92,88.47,solid,,,,200.1,,,,laboratory,2,,,batch,,,no,,no,,,,,,,,,,,,,,,,,,,,,,,,mesophilic,37,NDF of substrate (%TS)= 44.7,ADF of substrate (%TS)= 33.6,,,,,,,,,,,,,,https://mediatum.ub.tum.de/doc/631394/631394.pdf
grass,fresh grass,agricultural,,,,,2.75,23.7,10.1,15.76,90.88,solid,,,,245.03,,,,laboratory,2,,,batch,,,no,,no,,,,,,,,,,,,,,,,,,,,,,,,mesophilic,37,NDF of substrate (%TS)= 49.4,ADF of substrate (%TS)= 27.4,,,,,,,,,,,,,,https://mediatum.ub.tum.de/doc/631394/631394.pdf
grass,grass silage,agricultural,,,,,2.5,19.8,11.81,19.72,89.96,solid,,,,345.78,,,,laboratory,2,,,batch,,,no,,no,,,,,,,,,,,,,,,,,,,,,,,,mesophilic,37,NDF of substrate (%TS)= 46.8,ADF of substrate (%TS)= 34.7,,,,,,,,,,,,,,https://mediatum.ub.tum.de/doc/631394/631394.pdf
grass,fresh grass,agricultural,,,,,3.14,24.95,10.5,17.46,83.15,solid,,,,199.37,,,,laboratory,2,,,batch,,,no,,no,,,,,,,,,,,,,,,,,,,,,,,,mesophilic,37,NDF of substrate (%TS)= 48.18,ADF of substrate (%TS)= 26.55,,,,,,,,,,,,,,https://mediatum.ub.tum.de/doc/631394/631394.pdf
grass,grass silage,agricultural,,,,,2.1,20.39,7.99,27.13,89.17,solid,,,,243.18,,,,laboratory,2,,,batch,,,no,,no,,,,,,,,,,,,,,,,,,,,,,,,mesophilic,37,NDF of substrate (%TS)= 41.9,ADF of substrate (%TS)= 33.7,,,,,,,,,,,,,,https://mediatum.ub.tum.de/doc/631394/631394.pdf
grass,grass silage,agricultural,,,,,3.54,26.52,9.8,17.85,89.9,solid,,,,258.64,,,,laboratory,2,,,batch,,,no,,no,,,,,,,,,,,,,,,,,,,,,,,,mesophilic,37,NDF of substrate (%TS)= 45.13,ADF of substrate (%TS)= 21.62,,,,,,,,,,,,,,https://mediatum.ub.tum.de/doc/631394/631394.pdf
grass,fresh grass,agricultural,,,,,2.9,25.5,8,11.82,88.46,solid,,,,363.25,,,,laboratory,2,,,batch,,,no,,no,,,,,,,,,,,,,,,,,,,,,,,,mesophilic,37,NDF of substrate (%TS)= 26.68,ADF of substrate (%TS)= 23.9,,,,,,,,,,,,,,https://mediatum.ub.tum.de/doc/631394/631394.pdf
grass,fresh grass,agricultural,,,,,4.23,23.6,2.3,16.06,88.84,solid,,,,358.88,,,,laboratory,2,,,batch,,,no,,no,,,,,,,,,,,,,,,,,,,,,,,,mesophilic,37,NDF of substrate (%TS)= 30.1,ADF of substrate (%TS)= 33.01,,,,,,,,,,,,,,https://mediatum.ub.tum.de/doc/631394/631394.pdf
grass,grass silage,agricultural,,,,,3.5,29.4,9,12.25,88.22,solid,,,,268.9,,,,laboratory,2,,,batch,,,no,,no,,,,,,,,,,,,,,,,,,,,,,,,mesophilic,37,NDF of substrate (%TS)= 29.39,ADF of substrate (%TS)= 26.37,,,,,,,,,,,,,,https://mediatum.ub.tum.de/doc/631394/631394.pdf
grass,fresh grass,agricultural,,,,,4.17,27.09,3.2,17.24,88.88,solid,,,,304.43,,,,laboratory,2,,,batch,,,no,,no,,,,,,,,,,,,,,,,,,,,,,,,mesophilic,37,NDF of substrate (%TS)= 29.53,ADF of substrate (%TS)= 33,,,,,,,,,,,,,,https://mediatum.ub.tum.de/doc/631394/631394.pdf
grass,grass silage,agricultural,,,,,1.7,29.3,6.32,47.34,88.23,solid,,,,209.71,,,,laboratory,2,,,batch,,,no,,no,,,,,,,,,,,,,,,,,,,,,,,,mesophilic,37,NDF of substrate (%TS)= 35.5,ADF of substrate (%TS)= 28.1,,,,,,,,,,,,,,https://mediatum.ub.tum.de/doc/631394/631394.pdf
grass,grass silage,agricultural,,,,,3.3,25.3,4.37,23.22,89.73,solid,,,,198.89,,,,laboratory,2,,,batch,,,no,,no,,,,,,,,,,,,,,,,,,,,,,,,mesophilic,37,NDF of substrate (%TS)= 31.3,ADF of substrate (%TS)= 29.2,,,,,,,,,,,,,,https://mediatum.ub.tum.de/doc/631394/631394.pdf
grass,grass silage,agricultural,,,,,3.8,28.9,8.8,11.24,88.92,solid,,,,279.08,,,,laboratory,2,,,batch,,,no,,no,,,,,,,,,,,,,,,,,,,,,,,,mesophilic,37,NDF of substrate (%TS)= 29.24,ADF of substrate (%TS)= 23.17,,,,,,,,,,,,,,https://mediatum.ub.tum.de/doc/631394/631394.pdf
grass,fresh grass,agricultural,,,,,3.7,26.95,3.74,16.36,88.69,solid,,,,267.65,,,,laboratory,2,,,batch,,,no,,no,,,,,,,,,,,,,,,,,,,,,,,,mesophilic,37,NDF of substrate (%TS)= 30.2,ADF of substrate (%TS)= 28.5,,,,,,,,,,,,,,https://mediatum.ub.tum.de/doc/631394/631394.pdf
grass,grass silage,agricultural,,,,,3.01,23.9,4.31,23.01,88.97,solid,,,,327.44,,,,laboratory,2,,,batch,,,no,,no,,,,,,,,,,,,,,,,,,,,,,,,mesophilic,37,NDF of substrate (%TS)= 30.6,ADF of substrate (%TS)= 25.4,,,,,,,,,,,,,,https://mediatum.ub.tum.de/doc/631394/631394.pdf
grass,Silvergrass fresh,agricultural,,,,,1.11,5.75,,31.27,94.23,solid,,,,204.5,,,,laboratory,2,,,batch,,,no,,no,,,,,,,,,,,,,,,,,,,,,,,,mesophilic,37,NDF of substrate (%TS)= 79.58,ADF of substrate (%TS)= -,,,,,,,,,,,,,,https://mediatum.ub.tum.de/doc/631394/631394.pdf
grass,Silvergrass silage,agricultural,,,,,0.8,4.3,8.4,30.23,94.36,solid,,,,223.29,,,,laboratory,2,,,batch,,,no,,no,,,,,,,,,,,,,,,,,,,,,,,,mesophilic,37,NDF of substrate (%TS)= 77.29,ADF of substrate (%TS)= 50.4,,,,,,,,,,,,,,https://mediatum.ub.tum.de/doc/631394/631394.pdf
beets,Beets fresh,agricultural,,,,,0.15,6.63,,22.13,97.66,solid,,,,354.64,,,,laboratory,2,,,batch,,,no,,no,,,,,,,,,,,,,,,,,,,,,,,,mesophilic,37,NDF of substrate (%TS)= 20.9,ADF of substrate (%TS)= -,,,,,,,,,,,,,,https://mediatum.ub.tum.de/doc/631394/631394.pdf
beets,Beets fresh,agricultural,,,,,3.73,19,3.84,18.05,73.2,solid,,,,376.11,,,,laboratory,2,,,batch,,,no,,no,,,,,,,,,,,,,,,,,,,,,,,,mesophilic,37,NDF of substrate (%TS)= 44.63,ADF of substrate (%TS)= 22.14,,,,,,,,,,,,,,https://mediatum.ub.tum.de/doc/631394/631394.pdf
beets,Beets leafs silage,agricultural,,,,,3,13.9,8,23.36,73.64,solid,,,,216.15,,,,laboratory,2,,,batch,,,no,,no,,,,,,,,,,,,,,,,,,,,,,,,mesophilic,37,NDF of substrate (%TS)= 27.91,ADF of substrate (%TS)= 18.18,,,,,,,,,,,,,,https://mediatum.ub.tum.de/doc/631394/631394.pdf
beets,Beets leafs silage,agricultural,,,,,2.4,13.94,7.8,13.96,91.6,solid,,,,343.64,,,,laboratory,2,,,batch,,,no,,no,,,,,,,,,,,,,,,,,,,,,,,,mesophilic,37,NDF of substrate (%TS)= 62.3,ADF of substrate (%TS)= 38.5,,,,,,,,,,,,,,https://mediatum.ub.tum.de/doc/631394/631394.pdf
beets,Beets leafs silage,agricultural,,,,,1.9,11.75,7.8,22.11,89.46,solid,,,,296.2,,,,laboratory,2,,,batch,,,no,,no,,,,,,,,,,,,,,,,,,,,,,,,mesophilic,37,NDF of substrate (%TS)= 60.4,ADF of substrate (%TS)= 36.6,,,,,,,,,,,,,,https://mediatum.ub.tum.de/doc/631394/631394.pdf
beets,Beets leafs silage,agricultural,,,,,2,9.2,7,22.47,94.15,solid,,,,298.12,,,,laboratory,2,,,batch,,,no,,no,,,,,,,,,,,,,,,,,,,,,,,,mesophilic,37,NDF of substrate (%TS)= 63.1,ADF of substrate (%TS)= 37,,,,,,,,,,,,,,https://mediatum.ub.tum.de/doc/631394/631394.pdf
grass,Sudangrass silage,agricultural,,,,,2,8,6.4,29.55,94.05,solid,,,,279.41,,,,laboratory,2,,,batch,,,no,,no,,,,,,,,,,,,,,,,,,,,,,,,mesophilic,37,NDF of substrate (%TS)= 63.55,ADF of substrate (%TS)= 36.92,,,,,,,,,,,,,,https://mediatum.ub.tum.de/doc/631394/631394.pdf
grass,Sudangrass silage,agricultural,,,,,1.2,12.88,9.7,27.16,89.32,solid,,,,122.87,,,,laboratory,2,,,batch,,,no,,no,,,,,,,,,,,,,,,,,,,,,,,,mesophilic,37,NDF of substrate (%TS)= 52.53,ADF of substrate (%TS)= 41.5,,,,,,,,,,,,,,https://mediatum.ub.tum.de/doc/631394/631394.pdf
grass,Cannabis silage,agricultural,,,,,1.6,12.1,9.1,28.34,86.66,solid,,,,162.59,,,,laboratory,2,,,batch,,,no,,no,,,,,,,,,,,,,,,,,,,,,,,,mesophilic,37,NDF of substrate (%TS)= 49.81,ADF of substrate (%TS)= 41.91,,,,,,,,,,,,,,https://mediatum.ub.tum.de/doc/631394/631394.pdf
grass,Cannabis press cake fresh,agricultural,,,,,,31.38,21.21,89.4,92.99,solid,,,,0,,,,laboratory,2,,,batch,,,no,,no,,,,,,,,,,,,,,,,,,,,,,,,mesophilic,37,NDF of substrate (%TS)= 54.19,ADF of substrate (%TS)= 41.8,,,,,,,,,,,,,,https://mediatum.ub.tum.de/doc/631394/631394.pdf
fibers,Mix fibers (Wheat; Pea; Camelina) silage,agricultural,,,,,4.2,15.25,4.5,34.45,92.63,solid,,,,293.26,,,,laboratory,2,,,batch,,,no,,no,,,,,,,,,,,,,,,,,,,,,,,,mesophilic,37,NDF of substrate (%TS)= 53.49,ADF of substrate (%TS)= 29.2,,,,,,,,,,,,,,https://mediatum.ub.tum.de/doc/631394/631394.pdf
grass,Silvergrass silage,agricultural,,,,,0.5,3.2,10.98,25.18,92.46,solid,,,,276.58,,,,laboratory,2,,,batch,,,no,,no,,,,,,,,,,,,,,,,,,,,,,,,mesophilic,37,NDF of substrate (%TS)= 79.2,ADF of substrate (%TS)= 52.9,,,,,,,,,,,,,,https://mediatum.ub.tum.de/doc/631394/631394.pdf
beets,Beets fresh,agricultural,,,,,3.65,6.2,0.1,22.84,96.66,solid,,,,299.5,,,,laboratory,2,,,batch,,,no,,no,,,,,,,,,,,,,,,,,,,,,,,,mesophilic,37,NDF of substrate (%TS)= 13.31,ADF of substrate (%TS)= 6.38,,,,,,,,,,,,,,https://mediatum.ub.tum.de/doc/631394/631394.pdf
beets,Beets leafs silage,agricultural,,,,,5.6,16.3,11.62,20.72,80.74,solid,,,,354.97,,,,laboratory,2,,,batch,,,no,,no,,,,,,,,,,,,,,,,,,,,,,,,mesophilic,37,NDF of substrate (%TS)= 32.8,ADF of substrate (%TS)= 20.8,,,,,,,,,,,,,,https://mediatum.ub.tum.de/doc/631394/631394.pdf
beets,Beets leafs silage,agricultural,,,,,1.3,9.38,5.61,21.85,92.78,solid,,,,267.95,,,,laboratory,2,,,batch,,,no,,no,,,,,,,,,,,,,,,,,,,,,,,,mesophilic,37,NDF of substrate (%TS)= 62.3,ADF of substrate (%TS)= 39.4,,,,,,,,,,,,,,https://mediatum.ub.tum.de/doc/631394/631394.pdf
beets,Beets leafs silage,agricultural,,,,,1.2,9.6,7.59,30.46,94.87,solid,,,,291.62,,,,laboratory,2,,,batch,,,no,,no,,,,,,,,,,,,,,,,,,,,,,,,mesophilic,37,NDF of substrate (%TS)= 67.2,ADF of substrate (%TS)= 40.6,,,,,,,,,,,,,,https://mediatum.ub.tum.de/doc/631394/631394.pdf
beets,Beets leafs silage,agricultural,,,,,2.02,13.5,6,18.45,90.39,solid,,,,328.14,,,,laboratory,2,,,batch,,,no,,no,,,,,,,,,,,,,,,,,,,,,,,,mesophilic,37,NDF of substrate (%TS)= 56.8,ADF of substrate (%TS)= 35.1,,,,,,,,,,,,,,https://mediatum.ub.tum.de/doc/631394/631394.pdf
grass,Sudangrass silage,agricultural,,,,,1.07,9.1,8.36,35.19,95.2,solid,,,,335.96,,,,laboratory,2,,,batch,,,no,,no,,,,,,,,,,,,,,,,,,,,,,,,mesophilic,37,NDF of substrate (%TS)= 65.6,ADF of substrate (%TS)= 38.6,,,,,,,,,,,,,,https://mediatum.ub.tum.de/doc/631394/631394.pdf
grass,Sudangrass silage,agricultural,,,,,2.64,10.6,5.3,37.2,94.02,solid,,,,262.4,,,,laboratory,2,,,batch,,,no,,no,,,,,,,,,,,,,,,,,,,,,,,,mesophilic,37,NDF of substrate (%TS)= 58.5,ADF of substrate (%TS)= 33.2,,,,,,,,,,,,,,https://mediatum.ub.tum.de/doc/631394/631394.pdf
fibers,Mix fibers (Wheat; Camelina) silage,agricultural,,,,,2.7,12.29,7.19,36.84,94.94,solid,,,,252.5,,,,laboratory,2,,,batch,,,no,,no,,,,,,,,,,,,,,,,,,,,,,,,mesophilic,37,NDF of substrate (%TS)= 55.3,ADF of substrate (%TS)= 35.4,,,,,,,,,,,,,,https://mediatum.ub.tum.de/doc/631394/631394.pdf
fibers,Mix fibers (Wheat; Camelina) fresh,agricultural,,,,,2.53,14.4,6.7,31.89,87.18,solid,,,,278.88,,,,laboratory,2,,,batch,,,no,,no,,,,,,,,,,,,,,,,,,,,,,,,mesophilic,37,NDF of substrate (%TS)= 51.1,ADF of substrate (%TS)= 29.9,,,,,,,,,,,,,,https://mediatum.ub.tum.de/doc/631394/631394.pdf
fibers,Mix fibers (Pea; Camelina) silage,agricultural,,,,,1.9,14.8,5.4,30.29,91.79,solid,,,,269.59,,,,laboratory,2,,,batch,,,no,,no,,,,,,,,,,,,,,,,,,,,,,,,mesophilic,37,NDF of substrate (%TS)= 53.7,ADF of substrate (%TS)= 33.6,,,,,,,,,,,,,,https://mediatum.ub.tum.de/doc/631394/631394.pdf
fibers,Mix fibers (Barley; Camelina) silage,agricultural,,,,,2.4,8.69,5.34,35.09,92.16,solid,,,,317.63,,,,laboratory,2,,,batch,,,no,,no,,,,,,,,,,,,,,,,,,,,,,,,mesophilic,37,NDF of substrate (%TS)= 56.5,ADF of substrate (%TS)= 27.3,,,,,,,,,,,,,,https://mediatum.ub.tum.de/doc/631394/631394.pdf
humulus,Humulus fresh,agricultural,,,,,1.96,16.6,10.9,31.1,89.87,solid,,,,141.33,,,,laboratory,2,,,batch,,,no,,no,,,,,,,,,,,,,,,,,,,,,,,,mesophilic,37,NDF of substrate (%TS)= 53.6,ADF of substrate (%TS)= 38.07,,,,,,,,,,,,,,https://mediatum.ub.tum.de/doc/631394/631394.pdf
humulus,Humulus silage,agricultural,,,,,0.73,14.6,11.57,29.89,85.99,solid,,,,180.55,,,,laboratory,2,,,batch,,,no,,no,,,,,,,,,,,,,,,,,,,,,,,,mesophilic,37,NDF of substrate (%TS)= 53.2,ADF of substrate (%TS)= 34.1,,,,,,,,,,,,,,https://mediatum.ub.tum.de/doc/631394/631394.pdf
grass,grass silage Pennisetum puroureum,agricultural,,39.43,2.35,,,,,68.2,75.51,,yes,physical,,312,,,,laboratory,0.25,,,batch,,,no,,no,,,,,,,,yes,10,yes,,10,2.19,64.84,1.42,7.98,800,,,,3300,,,mesophilic,37,Total lignin of substrate (% m/m)= 19.2,Total cellulose of substrate (% m/m)= 12.3,,,,,,,,,,,,Total hemicellulose of substrate (% m/m)= 5.2,Total protein of substrate (% m/m)= 3.3,"Dahunsi, S.., 2019. Mechanical pretreatment of lignocelluloses for enhanced biogas production: Methane yield prediction from biomass structural components. Bioresour. Technol. 280, 18ÔÇô26. doi:10.1016/J.BIORTECH.2019.02.006"
grass,grass silage Pennisetum puroureum,agricultural,,33.15,1.96,,,,,73.5,87.21,,no,,,200,,,,laboratory,0.25,,,batch,,,no,,no,,,,,,,,yes,10,yes,,10,2.19,64.84,1.42,7.98,800,,,,3300,,,mesophilic,37,Total lignin of substrate (% m/m)= 39.5,Total cellulose of substrate (% m/m)= 26.6,,,,,,,,,,,,Total hemicellulose of substrate (% m/m)= 9.8,Total protein of substrate (% m/m)= 2.2,"Dahunsi, S.., 2019. Mechanical pretreatment of lignocelluloses for enhanced biogas production: Methane yield prediction from biomass structural components. Bioresour. Technol. 280, 18ÔÇô26. doi:10.1016/J.BIORTECH.2019.02.007"
grass,grass silage Pennisetum puroureum,agricultural,,38.87,2.23,,,,,69.7,92.4,,yes,physical,,320,,,,laboratory,0.25,,,batch,,,no,,no,,,,,,,,yes,10,yes,,10,2.19,64.84,1.42,7.98,800,,,,3300,,,mesophilic,37,Total lignin of substrate (% m/m)= 18.9,Total cellulose of substrate (% m/m)= 13.1,,,,,,,,,,,,Total hemicellulose of substrate (% m/m)= 4.6,Total protein of substrate (% m/m)= 3.5,"Dahunsi, S.., 2019. Mechanical pretreatment of lignocelluloses for enhanced biogas production: Methane yield prediction from biomass structural components. Bioresour. Technol. 280, 18ÔÇô26. doi:10.1016/J.BIORTECH.2019.02.008"
grass,grass silage Pennisetum puroureum,agricultural,,34.3,2.16,,,,,67.3,80.24,,no,,,202,,,,laboratory,0.25,,,batch,,,no,,no,,,,,,,,yes,10,yes,,10,2.19,64.84,1.42,7.98,800,,,,3300,,,mesophilic,37,Total lignin of substrate (% m/m)= 37.5,Total cellulose of substrate (% m/m)= 30.2,,,,,,,,,,,,Total hemicellulose of substrate (% m/m)= 11.2,Total protein of substrate (% m/m)= 3,"Dahunsi, S.., 2019. Mechanical pretreatment of lignocelluloses for enhanced biogas production: Methane yield prediction from biomass structural components. Bioresour. Technol. 280, 18ÔÇô26. doi:10.1016/J.BIORTECH.2019.02.009"
grass,grass silage Tithonia diversifolia,agricultural,,54.43,3.19,,,,,66.7,84.71,,yes,physical,,346,,,,laboratory,0.25,,,batch,,,no,,no,,,,,,,,yes,10,yes,,10,2.19,64.84,1.42,7.98,800,,,,3300,,,mesophilic,37,Total lignin of substrate (% m/m)= 16.3,Total cellulose of substrate (% m/m)= 16.5,,,,,,,,,,,,Total hemicellulose of substrate (% m/m)= 5,Total protein of substrate (% m/m)= 3.9,"Dahunsi, S.., 2019. Mechanical pretreatment of lignocelluloses for enhanced biogas production: Methane yield prediction from biomass structural components. Bioresour. Technol. 280, 18ÔÇô26. doi:10.1016/J.BIORTECH.2019.02.010"
grass,grass silage Tithonia diversifolia,agricultural,,47.99,3.03,,,,,68.4,76.46,,no,,,212,,,,laboratory,0.25,,,batch,,,no,,no,,,,,,,,yes,10,yes,,10,2.19,64.84,1.42,7.98,800,,,,3300,,,mesophilic,37,Total lignin of substrate (% m/m)= 31.1,Total cellulose of substrate (% m/m)= 36.4,,,,,,,,,,,,Total hemicellulose of substrate (% m/m)= 12.3,Total protein of substrate (% m/m)= 3.6,"Dahunsi, S.., 2019. Mechanical pretreatment of lignocelluloses for enhanced biogas production: Methane yield prediction from biomass structural components. Bioresour. Technol. 280, 18ÔÇô26. doi:10.1016/J.BIORTECH.2019.02.011"
grass,grass silage Tithonia diversifolia,agricultural,,46.85,2.68,,,,,65.6,75.91,,yes,physical,,307,,,,laboratory,0.25,,,batch,,,no,,no,,,,,,,,yes,10,yes,,10,2.19,64.84,1.42,7.98,800,,,,3300,,,mesophilic,37,Total lignin of substrate (% m/m)= 20.4,Total cellulose of substrate (% m/m)= 21.2,,,,,,,,,,,,Total hemicellulose of substrate (% m/m)= 4.1,Total protein of substrate (% m/m)= 3.6,"Dahunsi, S.., 2019. Mechanical pretreatment of lignocelluloses for enhanced biogas production: Methane yield prediction from biomass structural components. Bioresour. Technol. 280, 18ÔÇô26. doi:10.1016/J.BIORTECH.2019.02.012"
grass,grass silage Tithonia diversifolia,agricultural,,44.05,2.48,,,,,62.5,84.96,,no,,,207,,,,laboratory,0.25,,,batch,,,no,,no,,,,,,,,yes,10,yes,,10,2.19,64.84,1.42,7.98,800,,,,3300,,,mesophilic,37,Total lignin of substrate (% m/m)= 33.2,Total cellulose of substrate (% m/m)= 34.4,,,,,,,,,,,,Total hemicellulose of substrate (% m/m)= 11.5,Total protein of substrate (% m/m)= 2.8,"Dahunsi, S.., 2019. Mechanical pretreatment of lignocelluloses for enhanced biogas production: Methane yield prediction from biomass structural components. Bioresour. Technol. 280, 18ÔÇô26. doi:10.1016/J.BIORTECH.2019.02.013"
grass,grass silage Tithonia tubiformis,agricultural,,48.3,2.51,,,,,69.2,77.75,,yes,physical,,317,,,,laboratory,0.25,,,batch,,,no,,no,,,,,,,,yes,10,yes,,10,2.19,64.84,1.42,7.98,800,,,,3300,,,mesophilic,37,Total lignin of substrate (% m/m)= 16.7,Total cellulose of substrate (% m/m)= 14.6,,,,,,,,,,,,Total hemicellulose of substrate (% m/m)= 5.2,Total protein of substrate (% m/m)= 3.2,"Dahunsi, S.., 2019. Mechanical pretreatment of lignocelluloses for enhanced biogas production: Methane yield prediction from biomass structural components. Bioresour. Technol. 280, 18ÔÇô26. doi:10.1016/J.BIORTECH.2019.02.014"
grass,grass silage Tithonia tubiformis,agricultural,,39.85,2.42,,,,,63.7,79.12,,no,,,211,,,,laboratory,0.25,,,batch,,,no,,no,,,,,,,,yes,10,yes,,10,2.19,64.84,1.42,7.98,800,,,,3300,,,mesophilic,37,Total lignin of substrate (% m/m)= 27.2,Total cellulose of substrate (% m/m)= 35.2,,,,,,,,,,,,Total hemicellulose of substrate (% m/m)= 10.4,Total protein of substrate (% m/m)= 2.5,"Dahunsi, S.., 2019. Mechanical pretreatment of lignocelluloses for enhanced biogas production: Methane yield prediction from biomass structural components. Bioresour. Technol. 280, 18ÔÇô26. doi:10.1016/J.BIORTECH.2019.02.015"
grass,grass silage Chromolaena odorata,agricultural,,57.34,3.21,,,,,69.3,76.62,,yes,physical,,366,,,,laboratory,0.25,,,batch,,,no,,no,,,,,,,,yes,10,yes,,10,2.19,64.84,1.42,7.98,800,,,,3300,,,mesophilic,37,Total lignin of substrate (% m/m)= 18.5,Total cellulose of substrate (% m/m)= 15.4,,,,,,,,,,,,Total hemicellulose of substrate (% m/m)= 4.3,Total protein of substrate (% m/m)= 5,"Dahunsi, S.., 2019. Mechanical pretreatment of lignocelluloses for enhanced biogas production: Methane yield prediction from biomass structural components. Bioresour. Technol. 280, 18ÔÇô26. doi:10.1016/J.BIORTECH.2019.02.016"
grass,grass silage Chromolaena odorata,agricultural,,46.59,2.81,,,,,72.5,83.31,,no,,,208,,,,laboratory,0.25,,,batch,,,no,,no,,,,,,,,yes,10,yes,,10,2.19,64.84,1.42,7.98,800,,,,3300,,,mesophilic,37,Total lignin of substrate (% m/m)= 40.6,Total cellulose of substrate (% m/m)= 32.3,,,,,,,,,,,,Total hemicellulose of substrate (% m/m)= 12.4,Total protein of substrate (% m/m)= 3.4,"Dahunsi, S.., 2019. Mechanical pretreatment of lignocelluloses for enhanced biogas production: Methane yield prediction from biomass structural components. Bioresour. Technol. 280, 18ÔÇô26. doi:10.1016/J.BIORTECH.2019.02.017"
grass,grass silage Pennisetum puroureum,agricultural,,39.43,2.35,,,,,68.2,75.51,,yes,physical,,387,,,,laboratory,0.25,,,batch,,,no,,no,,,,,,,,yes,10,yes,,10,2.19,64.84,1.42,7.98,800,,,,3300,,,mesophilic,37,Total lignin of substrate (% m/m)= 19.2,Total cellulose of substrate (% m/m)= 12.3,,,,,,,,,,,,Total hemicellulose of substrate (% m/m)= 5.2,Total protein of substrate (% m/m)= 3.3,"Dahunsi, S.., 2019. Mechanical pretreatment of lignocelluloses for enhanced biogas production: Methane yield prediction from biomass structural components. Bioresour. Technol. 280, 18ÔÇô26. doi:10.1016/J.BIORTECH.2019.02.018"
grass,grass silage Pennisetum puroureum,agricultural,,38.87,2.23,,,,,69.7,92.4,,yes,physical,,366,,,,laboratory,0.25,,,batch,,,no,,no,,,,,,,,yes,10,yes,,10,2.19,64.84,1.42,7.98,800,,,,3300,,,mesophilic,37,Total lignin of substrate (% m/m)= 18.9,Total cellulose of substrate (% m/m)= 13.1,,,,,,,,,,,,Total hemicellulose of substrate (% m/m)= 4.6,Total protein of substrate (% m/m)= 3.5,"Dahunsi, S.., 2019. Mechanical pretreatment of lignocelluloses for enhanced biogas production: Methane yield prediction from biomass structural components. Bioresour. Technol. 280, 18ÔÇô26. doi:10.1016/J.BIORTECH.2019.02.019"
grass,grass silage Tithonia diversifolia,agricultural,,54.43,3.19,,,,,66.7,84.71,,yes,physical,,426,,,,laboratory,0.25,,,batch,,,no,,no,,,,,,,,yes,10,yes,,10,2.19,64.84,1.42,7.98,800,,,,3300,,,mesophilic,37,Total lignin of substrate (% m/m)= 16.3,Total cellulose of substrate (% m/m)= 16.5,,,,,,,,,,,,Total hemicellulose of substrate (% m/m)= 5,Total protein of substrate (% m/m)= 3.9,"Dahunsi, S.., 2019. Mechanical pretreatment of lignocelluloses for enhanced biogas production: Methane yield prediction from biomass structural components. Bioresour. Technol. 280, 18ÔÇô26. doi:10.1016/J.BIORTECH.2019.02.020"
grass,grass silage Tithonia diversifolia,agricultural,,46.85,2.68,,,,,65.6,75.91,,yes,physical,,377,,,,laboratory,0.25,,,batch,,,no,,no,,,,,,,,yes,10,yes,,10,2.19,64.84,1.42,7.98,800,,,,3300,,,mesophilic,37,Total lignin of substrate (% m/m)= 20.4,Total cellulose of substrate (% m/m)= 21.2,,,,,,,,,,,,Total hemicellulose of substrate (% m/m)= 4.1,Total protein of substrate (% m/m)= 3.6,"Dahunsi, S.., 2019. Mechanical pretreatment of lignocelluloses for enhanced biogas production: Methane yield prediction from biomass structural components. Bioresour. Technol. 280, 18ÔÇô26. doi:10.1016/J.BIORTECH.2019.02.021"
grass,grass silage Tithonia tubiformis,agricultural,,48.3,2.51,,,,,69.2,77.75,,yes,physical,,367,,,,laboratory,0.25,,,batch,,,no,,no,,,,,,,,yes,10,yes,,10,2.19,64.84,1.42,7.98,800,,,,3300,,,mesophilic,37,Total lignin of substrate (% m/m)= 16.7,Total cellulose of substrate (% m/m)= 14.6,,,,,,,,,,,,Total hemicellulose of substrate (% m/m)= 5.2,Total protein of substrate (% m/m)= 3.2,"Dahunsi, S.., 2019. Mechanical pretreatment of lignocelluloses for enhanced biogas production: Methane yield prediction from biomass structural components. Bioresour. Technol. 280, 18ÔÇô26. doi:10.1016/J.BIORTECH.2019.02.022"
grass,grass silage Chromolaena odorata,agricultural,,57.34,3.21,,,,,69.3,76.62,,yes,physical,,468,,,,laboratory,0.25,,,batch,,,no,,no,,,,,,,,yes,10,yes,,10,2.19,64.84,1.42,7.98,800,,,,3300,,,mesophilic,37,Total lignin of substrate (% m/m)= 18.5,Total cellulose of substrate (% m/m)= 15.4,,,,,,,,,,,,Total hemicellulose of substrate (% m/m)= 4.3,Total protein of substrate (% m/m)= 5,"Dahunsi, S.., 2019. Mechanical pretreatment of lignocelluloses for enhanced biogas production: Methane yield prediction from biomass structural components. Bioresour. Technol. 280, 18ÔÇô26. doi:10.1016/J.BIORTECH.2019.02.023"
grass,Pennisetum hybrid fresh grass whole,agricultural,,39.14,1.08,,,,,13.91,84.75916607,solid,,,,237.62,,,,laboratory,0.4,0.1,,batch,,,no,,no,,yes,,,,,,,,,,,3.44,41.57,1.43,,,,,,,,,mesophilic,35,,,,,,,,,,,,,,,,"Zhang, Y., Li, L., Kang, X., Sun, Y., Yuan, Z., Xing, T., Lin, R., 2019. Improving methane production from Pennisetum hybrid by monitoring plant height and ensiling pretreatment. Renew. Energy 141, 57ÔÇô63. doi:10.1016/J.RENENE.2019.03.084"
grass,Pennisetum hybrid fresh grass leaf,agricultural,,40.44,1.43,,,,,18.13,85.16271373,solid,,,,240.9,,,,laboratory,0.4,0.1,,batch,,,no,,no,,yes,,,,,,,,,,,3.44,41.57,1.43,,,,,,,,,mesophilic,35,,,,,,,,,,,,,,,,"Zhang, Y., Li, L., Kang, X., Sun, Y., Yuan, Z., Xing, T., Lin, R., 2019. Improving methane production from Pennisetum hybrid by monitoring plant height and ensiling pretreatment. Renew. Energy 141, 57ÔÇô63. doi:10.1016/J.RENENE.2019.03.085"
grass,Pennisetum hybrid fresh grass stem,agricultural,,39.72,0.48,,,,,11.97,87.80284043,solid,,,,283.6,,,,laboratory,0.4,0.1,,batch,,,no,,no,,yes,,,,,,,,,,,3.44,41.57,1.43,,,,,,,,,mesophilic,35,,,,,,,,,,,,,,,,"Zhang, Y., Li, L., Kang, X., Sun, Y., Yuan, Z., Xing, T., Lin, R., 2019. Improving methane production from Pennisetum hybrid by monitoring plant height and ensiling pretreatment. Renew. Energy 141, 57ÔÇô63. doi:10.1016/J.RENENE.2019.03.086"
grass,Pennisetum hybrid fresh grass whole,agricultural,,39.89,0.88,,,,,14.58,86.14540466,solid,,,,235.67,,,,laboratory,0.4,0.1,,batch,,,no,,no,,yes,,,,,,,,,,,3.44,41.57,1.43,,,,,,,,,mesophilic,35,,,,,,,,,,,,,,,,"Zhang, Y., Li, L., Kang, X., Sun, Y., Yuan, Z., Xing, T., Lin, R., 2019. Improving methane production from Pennisetum hybrid by monitoring plant height and ensiling pretreatment. Renew. Energy 141, 57ÔÇô63. doi:10.1016/J.RENENE.2019.03.087"
grass,Pennisetum hybrid fresh grass leaf,agricultural,,40.61,1.5,,,,,18.37,87.69733261,solid,,,,200.4,,,,laboratory,0.4,0.1,,batch,,,no,,no,,yes,,,,,,,,,,,3.44,41.57,1.43,,,,,,,,,mesophilic,35,,,,,,,,,,,,,,,,"Zhang, Y., Li, L., Kang, X., Sun, Y., Yuan, Z., Xing, T., Lin, R., 2019. Improving methane production from Pennisetum hybrid by monitoring plant height and ensiling pretreatment. Renew. Energy 141, 57ÔÇô63. doi:10.1016/J.RENENE.2019.03.088"
grass,Pennisetum hybrid fresh grass stem,agricultural,,39.83,0.51,,,,,11.92,88.59060403,solid,,,,232.85,,,,laboratory,0.4,0.1,,batch,,,no,,no,,yes,,,,,,,,,,,3.44,41.57,1.43,,,,,,,,,mesophilic,35,,,,,,,,,,,,,,,,"Zhang, Y., Li, L., Kang, X., Sun, Y., Yuan, Z., Xing, T., Lin, R., 2019. Improving methane production from Pennisetum hybrid by monitoring plant height and ensiling pretreatment. Renew. Energy 141, 57ÔÇô63. doi:10.1016/J.RENENE.2019.03.089"
grass,Pennisetum hybrid fresh grass whole,agricultural,,40.98,1.03,,,,,23.11,87.79749026,solid,,,,226.37,,,,laboratory,0.4,0.1,,batch,,,no,,no,,yes,,,,,,,,,,,3.44,41.57,1.43,,,,,,,,,mesophilic,35,,,,,,,,,,,,,,,,"Zhang, Y., Li, L., Kang, X., Sun, Y., Yuan, Z., Xing, T., Lin, R., 2019. Improving methane production from Pennisetum hybrid by monitoring plant height and ensiling pretreatment. Renew. Energy 141, 57ÔÇô63. doi:10.1016/J.RENENE.2019.03.090"
grass,Pennisetum hybrid fresh grass leaf,agricultural,,41.03,1.35,,,,,25.73,85.65876409,solid,,,,258.34,,,,laboratory,0.4,0.1,,batch,,,no,,no,,yes,,,,,,,,,,,3.44,41.57,1.43,,,,,,,,,mesophilic,35,,,,,,,,,,,,,,,,"Zhang, Y., Li, L., Kang, X., Sun, Y., Yuan, Z., Xing, T., Lin, R., 2019. Improving methane production from Pennisetum hybrid by monitoring plant height and ensiling pretreatment. Renew. Energy 141, 57ÔÇô63. doi:10.1016/J.RENENE.2019.03.091"
grass,Pennisetum hybrid fresh grass stem,agricultural,,41.84,0.43,,,,,23.07,91.98092761,solid,,,,193.7,,,,laboratory,0.4,0.1,,batch,,,no,,no,,yes,,,,,,,,,,,3.44,41.57,1.43,,,,,,,,,mesophilic,35,,,,,,,,,,,,,,,,"Zhang, Y., Li, L., Kang, X., Sun, Y., Yuan, Z., Xing, T., Lin, R., 2019. Improving methane production from Pennisetum hybrid by monitoring plant height and ensiling pretreatment. Renew. Energy 141, 57ÔÇô63. doi:10.1016/J.RENENE.2019.03.092"
grass,Pennisetum hybrid grass silage whole,agricultural,4.1,40.72,0.98,,,,,15.09,81.7760106,solid,,,,270.04,,,,laboratory,0.4,0.1,,batch,,,no,,no,,yes,,,,,,,,,,,3.44,41.57,1.43,,,,,,,,,mesophilic,35,,,,,,,,,,,,,,,,"Zhang, Y., Li, L., Kang, X., Sun, Y., Yuan, Z., Xing, T., Lin, R., 2019. Improving methane production from Pennisetum hybrid by monitoring plant height and ensiling pretreatment. Renew. Energy 141, 57ÔÇô63. doi:10.1016/J.RENENE.2019.03.093"
grass,Pennisetum hybrid grass silage leaf,agricultural,4.6,40.83,1.34,,,,,18.82,83.79383634,solid,,,,263.17,,,,laboratory,0.4,0.1,,batch,,,no,,no,,yes,,,,,,,,,,,3.44,41.57,1.43,,,,,,,,,mesophilic,35,,,,,,,,,,,,,,,,"Zhang, Y., Li, L., Kang, X., Sun, Y., Yuan, Z., Xing, T., Lin, R., 2019. Improving methane production from Pennisetum hybrid by monitoring plant height and ensiling pretreatment. Renew. Energy 141, 57ÔÇô63. doi:10.1016/J.RENENE.2019.03.094"
grass,Pennisetum hybrid grass silage stem,agricultural,4.5,40.74,0.54,,,,,11.79,84.81764207,solid,,,,298.04,,,,laboratory,0.4,0.1,,batch,,,no,,no,,yes,,,,,,,,,,,3.44,41.57,1.43,,,,,,,,,mesophilic,35,,,,,,,,,,,,,,,,"Zhang, Y., Li, L., Kang, X., Sun, Y., Yuan, Z., Xing, T., Lin, R., 2019. Improving methane production from Pennisetum hybrid by monitoring plant height and ensiling pretreatment. Renew. Energy 141, 57ÔÇô63. doi:10.1016/J.RENENE.2019.03.095"
grass,Pennisetum hybrid grass silage whole,agricultural,4.5,39.59,0.92,,,,,13.72,84.18367347,solid,,,,355.77,,,,laboratory,0.4,0.1,,batch,,,no,,no,,yes,,,,,,,,,,,3.44,41.57,1.43,,,,,,,,,mesophilic,35,,,,,,,,,,,,,,,,"Zhang, Y., Li, L., Kang, X., Sun, Y., Yuan, Z., Xing, T., Lin, R., 2019. Improving methane production from Pennisetum hybrid by monitoring plant height and ensiling pretreatment. Renew. Energy 141, 57ÔÇô63. doi:10.1016/J.RENENE.2019.03.096"
grass,Pennisetum hybrid grass silage leaf,agricultural,5.3,40.48,1.26,,,,,16.82,80.38049941,solid,,,,315.75,,,,laboratory,0.4,0.1,,batch,,,no,,no,,yes,,,,,,,,,,,3.44,41.57,1.43,,,,,,,,,mesophilic,35,,,,,,,,,,,,,,,,"Zhang, Y., Li, L., Kang, X., Sun, Y., Yuan, Z., Xing, T., Lin, R., 2019. Improving methane production from Pennisetum hybrid by monitoring plant height and ensiling pretreatment. Renew. Energy 141, 57ÔÇô63. doi:10.1016/J.RENENE.2019.03.097"
grass,Pennisetum hybrid grass silage stem,agricultural,4.2,41.12,0.54,,,,,10.58,85.06616257,solid,,,,361.25,,,,laboratory,0.4,0.1,,batch,,,no,,no,,yes,,,,,,,,,,,3.44,41.57,1.43,,,,,,,,,mesophilic,35,,,,,,,,,,,,,,,,"Zhang, Y., Li, L., Kang, X., Sun, Y., Yuan, Z., Xing, T., Lin, R., 2019. Improving methane production from Pennisetum hybrid by monitoring plant height and ensiling pretreatment. Renew. Energy 141, 57ÔÇô63. doi:10.1016/J.RENENE.2019.03.098"
grass,Pennisetum hybrid grass silage whole,agricultural,4.3,41.28,0.64,,,,,22.05,85.30612245,solid,,,,275.73,,,,laboratory,0.4,0.1,,batch,,,no,,no,,yes,,,,,,,,,,,3.44,41.57,1.43,,,,,,,,,mesophilic,35,,,,,,,,,,,,,,,,"Zhang, Y., Li, L., Kang, X., Sun, Y., Yuan, Z., Xing, T., Lin, R., 2019. Improving methane production from Pennisetum hybrid by monitoring plant height and ensiling pretreatment. Renew. Energy 141, 57ÔÇô63. doi:10.1016/J.RENENE.2019.03.099"
grass,Pennisetum hybrid grass silage leaf,agricultural,5.5,41,1.41,,,,,28.52,83.55539972,solid,,,,256.23,,,,laboratory,0.4,0.1,,batch,,,no,,no,,yes,,,,,,,,,,,3.44,41.57,1.43,,,,,,,,,mesophilic,35,,,,,,,,,,,,,,,,"Zhang, Y., Li, L., Kang, X., Sun, Y., Yuan, Z., Xing, T., Lin, R., 2019. Improving methane production from Pennisetum hybrid by monitoring plant height and ensiling pretreatment. Renew. Energy 141, 57ÔÇô63. doi:10.1016/J.RENENE.2019.03.100"
grass,Pennisetum hybrid grass silage stem,agricultural,4.45,41.79,0.36,,,,,18.32,87.55458515,solid,,,,277.11,,,,laboratory,0.4,0.1,,batch,,,no,,no,,yes,,,,,,,,,,,3.44,41.57,1.43,,,,,,,,,mesophilic,35,,,,,,,,,,,,,,,,"Zhang, Y., Li, L., Kang, X., Sun, Y., Yuan, Z., Xing, T., Lin, R., 2019. Improving methane production from Pennisetum hybrid by monitoring plant height and ensiling pretreatment. Renew. Energy 141, 57ÔÇô63. doi:10.1016/J.RENENE.2019.03.101"
food waste,food waste,municipal,5.7,50.3,2.7,,,,,2.375,89.17,,yes,physical,,372,,10,,laboratory,0.3,0.2,1.5,batch,,,no,,no,,yes,150,,,,,,,yes,,,1,66,6.6,8,,,,,,,,mesophilic,37,,,,,,,,,,,,,,,,"Zhang, W., Zhang, L., Li, A., 2015. Enhanced anaerobic digestion of food waste by trace metal elements supplementation and reduced metals dosage by green chelating agent [S, S]-EDDS via improving metals bioavailability. Water Res. 84, 266ÔÇô277. doi:10.1016/j.watres.2015.07.010"
food waste,food waste addition of Fe 20 mg/l,municipal,5.7,50.3,2.7,,,,,2.375,89.17,,yes,physical,,385,,10,,laboratory,0.3,0.2,1.5,batch,,,no,,no,,yes,150,,,,,,,yes,,,1,66,6.6,8,,,,,,,,mesophilic,37,,,,,,,,,,,,,,,,"Zhang, W., Zhang, L., Li, A., 2015. Enhanced anaerobic digestion of food waste by trace metal elements supplementation and reduced metals dosage by green chelating agent [S, S]-EDDS via improving metals bioavailability. Water Res. 84, 266ÔÇô277. doi:10.1016/j.watres.2015.07.010"
food waste,food waste addition of Fe 50 mg/l,municipal,5.7,50.3,2.7,,,,,2.375,89.17,,yes,physical,,401,,10,,laboratory,0.3,0.2,1.5,batch,,,no,,no,,yes,150,,,,,,,yes,,,1,66,6.6,8,,,,,,,,mesophilic,37,,,,,,,,,,,,,,,,"Zhang, W., Zhang, L., Li, A., 2015. Enhanced anaerobic digestion of food waste by trace metal elements supplementation and reduced metals dosage by green chelating agent [S, S]-EDDS via improving metals bioavailability. Water Res. 84, 266ÔÇô277. doi:10.1016/j.watres.2015.07.010"
food waste,food waste addition of Fe 100 mg/l,municipal,5.7,50.3,2.7,,,,,2.375,89.17,,yes,physical,,414,,10,,laboratory,0.3,0.2,1.5,batch,,,no,,no,,yes,150,,,,,,,yes,,,1,66,6.6,8,,,,,,,,mesophilic,37,,,,,,,,,,,,,,,,"Zhang, W., Zhang, L., Li, A., 2015. Enhanced anaerobic digestion of food waste by trace metal elements supplementation and reduced metals dosage by green chelating agent [S, S]-EDDS via improving metals bioavailability. Water Res. 84, 266ÔÇô277. doi:10.1016/j.watres.2015.07.010"
food waste,food waste addition of Fe 200 mg/l,municipal,5.7,50.3,2.7,,,,,2.375,89.17,,yes,physical,,410,,10,,laboratory,0.3,0.2,1.5,batch,,,no,,no,,yes,150,,,,,,,yes,,,1,66,6.6,8,,,,,,,,mesophilic,37,,,,,,,,,,,,,,,,"Zhang, W., Zhang, L., Li, A., 2015. Enhanced anaerobic digestion of food waste by trace metal elements supplementation and reduced metals dosage by green chelating agent [S, S]-EDDS via improving metals bioavailability. Water Res. 84, 266ÔÇô277. doi:10.1016/j.watres.2015.07.010"
food waste,food waste addition of Fe 500 mg/l,municipal,5.7,50.3,2.7,,,,,2.375,89.17,,yes,physical,,396,,10,,laboratory,0.3,0.2,1.5,batch,,,no,,no,,yes,150,,,,,,,yes,,,1,66,6.6,8,,,,,,,,mesophilic,37,,,,,,,,,,,,,,,,"Zhang, W., Zhang, L., Li, A., 2015. Enhanced anaerobic digestion of food waste by trace metal elements supplementation and reduced metals dosage by green chelating agent [S, S]-EDDS via improving metals bioavailability. Water Res. 84, 266ÔÇô277. doi:10.1016/j.watres.2015.07.010"
food waste,food waste addition of Fe 1000 mg/l,municipal,5.7,50.3,2.7,,,,,2.375,89.17,,yes,physical,,352,,10,,laboratory,0.3,0.2,1.5,batch,,,no,,no,,yes,150,,,,,,,yes,,,1,66,6.6,8,,,,,,,,mesophilic,37,,,,,,,,,,,,,,,,"Zhang, W., Zhang, L., Li, A., 2015. Enhanced anaerobic digestion of food waste by trace metal elements supplementation and reduced metals dosage by green chelating agent [S, S]-EDDS via improving metals bioavailability. Water Res. 84, 266ÔÇô277. doi:10.1016/j.watres.2015.07.010"
food waste,food waste addition of Co 0.5 mg/l,municipal,5.7,50.3,2.7,,,,,2.375,89.17,,yes,physical,,406,,10,,laboratory,0.3,0.2,1.5,batch,,,no,,no,,yes,150,,,,,,,yes,,,1,66,6.6,8,,,,,,,,mesophilic,37,,,,,,,,,,,,,,,,"Zhang, W., Zhang, L., Li, A., 2015. Enhanced anaerobic digestion of food waste by trace metal elements supplementation and reduced metals dosage by green chelating agent [S, S]-EDDS via improving metals bioavailability. Water Res. 84, 266ÔÇô277. doi:10.1016/j.watres.2015.07.010"
food waste,food waste addition of Co 1 mg/l,municipal,5.7,50.3,2.7,,,,,2.375,89.17,,yes,physical,,418,,10,,laboratory,0.3,0.2,1.5,batch,,,no,,no,,yes,150,,,,,,,yes,,,1,66,6.6,8,,,,,,,,mesophilic,37,,,,,,,,,,,,,,,,"Zhang, W., Zhang, L., Li, A., 2015. Enhanced anaerobic digestion of food waste by trace metal elements supplementation and reduced metals dosage by green chelating agent [S, S]-EDDS via improving metals bioavailability. Water Res. 84, 266ÔÇô277. doi:10.1016/j.watres.2015.07.010"
food waste,food waste addition of Co 2 mg/l,municipal,5.7,50.3,2.7,,,,,2.375,89.17,,yes,physical,,416,,10,,laboratory,0.3,0.2,1.5,batch,,,no,,no,,yes,150,,,,,,,yes,,,1,66,6.6,8,,,,,,,,mesophilic,37,,,,,,,,,,,,,,,,"Zhang, W., Zhang, L., Li, A., 2015. Enhanced anaerobic digestion of food waste by trace metal elements supplementation and reduced metals dosage by green chelating agent [S, S]-EDDS via improving metals bioavailability. Water Res. 84, 266ÔÇô277. doi:10.1016/j.watres.2015.07.010"
food waste,food waste addition of Co 5 mg/l,municipal,5.7,50.3,2.7,,,,,2.375,89.17,,yes,physical,,404,,10,,laboratory,0.3,0.2,1.5,batch,,,no,,no,,yes,150,,,,,,,yes,,,1,66,6.6,8,,,,,,,,mesophilic,37,,,,,,,,,,,,,,,,"Zhang, W., Zhang, L., Li, A., 2015. Enhanced anaerobic digestion of food waste by trace metal elements supplementation and reduced metals dosage by green chelating agent [S, S]-EDDS via improving metals bioavailability. Water Res. 84, 266ÔÇô277. doi:10.1016/j.watres.2015.07.010"
food waste,food waste addition of Co 10 mg/l,municipal,5.7,50.3,2.7,,,,,2.375,89.17,,yes,physical,,392,,10,,laboratory,0.3,0.2,1.5,batch,,,no,,no,,yes,150,,,,,,,yes,,,1,66,6.6,8,,,,,,,,mesophilic,37,,,,,,,,,,,,,,,,"Zhang, W., Zhang, L., Li, A., 2015. Enhanced anaerobic digestion of food waste by trace metal elements supplementation and reduced metals dosage by green chelating agent [S, S]-EDDS via improving metals bioavailability. Water Res. 84, 266ÔÇô277. doi:10.1016/j.watres.2015.07.010"
food waste,food waste addition of Mo 1 mg/l,municipal,5.7,50.3,2.7,,,,,2.375,89.17,,yes,physical,,389,,10,,laboratory,0.3,0.2,1.5,batch,,,no,,no,,yes,150,,,,,,,yes,,,1,66,6.6,8,,,,,,,,mesophilic,37,,,,,,,,,,,,,,,,"Zhang, W., Zhang, L., Li, A., 2015. Enhanced anaerobic digestion of food waste by trace metal elements supplementation and reduced metals dosage by green chelating agent [S, S]-EDDS via improving metals bioavailability. Water Res. 84, 266ÔÇô277. doi:10.1016/j.watres.2015.07.010"
food waste,food waste addition of Mo 2 mg/l,municipal,5.7,50.3,2.7,,,,,2.375,89.17,,yes,physical,,408,,10,,laboratory,0.3,0.2,1.5,batch,,,no,,no,,yes,150,,,,,,,yes,,,1,66,6.6,8,,,,,,,,mesophilic,37,,,,,,,,,,,,,,,,"Zhang, W., Zhang, L., Li, A., 2015. Enhanced anaerobic digestion of food waste by trace metal elements supplementation and reduced metals dosage by green chelating agent [S, S]-EDDS via improving metals bioavailability. Water Res. 84, 266ÔÇô277. doi:10.1016/j.watres.2015.07.010"
food waste,food waste addition of Mo 5 mg/l,municipal,5.7,50.3,2.7,,,,,2.375,89.17,,yes,physical,,415,,10,,laboratory,0.3,0.2,1.5,batch,,,no,,no,,yes,150,,,,,,,yes,,,1,66,6.6,8,,,,,,,,mesophilic,37,,,,,,,,,,,,,,,,"Zhang, W., Zhang, L., Li, A., 2015. Enhanced anaerobic digestion of food waste by trace metal elements supplementation and reduced metals dosage by green chelating agent [S, S]-EDDS via improving metals bioavailability. Water Res. 84, 266ÔÇô277. doi:10.1016/j.watres.2015.07.010"
food waste,food waste addition of Mo 10 mg/l,municipal,5.7,50.3,2.7,,,,,2.375,89.17,,yes,physical,,411,,10,,laboratory,0.3,0.2,1.5,batch,,,no,,no,,yes,150,,,,,,,yes,,,1,66,6.6,8,,,,,,,,mesophilic,37,,,,,,,,,,,,,,,,"Zhang, W., Zhang, L., Li, A., 2015. Enhanced anaerobic digestion of food waste by trace metal elements supplementation and reduced metals dosage by green chelating agent [S, S]-EDDS via improving metals bioavailability. Water Res. 84, 266ÔÇô277. doi:10.1016/j.watres.2015.07.010"
food waste,food waste addition of Mo 20 mg/l,municipal,5.7,50.3,2.7,,,,,2.375,89.17,,yes,physical,,407,,10,,laboratory,0.3,0.2,1.5,batch,,,no,,no,,yes,150,,,,,,,yes,,,1,66,6.6,8,,,,,,,,mesophilic,37,,,,,,,,,,,,,,,,"Zhang, W., Zhang, L., Li, A., 2015. Enhanced anaerobic digestion of food waste by trace metal elements supplementation and reduced metals dosage by green chelating agent [S, S]-EDDS via improving metals bioavailability. Water Res. 84, 266ÔÇô277. doi:10.1016/j.watres.2015.07.010"
food waste,food waste addition of Ni 2 mg/l,municipal,5.7,50.3,2.7,,,,,2.375,89.17,,yes,physical,,411,,10,,laboratory,0.3,0.2,1.5,batch,,,no,,no,,yes,150,,,,,,,yes,,,1,66,6.6,8,,,,,,,,mesophilic,37,,,,,,,,,,,,,,,,"Zhang, W., Zhang, L., Li, A., 2015. Enhanced anaerobic digestion of food waste by trace metal elements supplementation and reduced metals dosage by green chelating agent [S, S]-EDDS via improving metals bioavailability. Water Res. 84, 266ÔÇô277. doi:10.1016/j.watres.2015.07.010"
food waste,food waste addition of Ni 5 mg/l,municipal,5.7,50.3,2.7,,,,,2.375,89.17,,yes,physical,,424,,10,,laboratory,0.3,0.2,1.5,batch,,,no,,no,,yes,150,,,,,,,yes,,,1,66,6.6,8,,,,,,,,mesophilic,37,,,,,,,,,,,,,,,,"Zhang, W., Zhang, L., Li, A., 2015. Enhanced anaerobic digestion of food waste by trace metal elements supplementation and reduced metals dosage by green chelating agent [S, S]-EDDS via improving metals bioavailability. Water Res. 84, 266ÔÇô277. doi:10.1016/j.watres.2015.07.010"
food waste,food waste addition of Ni 10 mg/l,municipal,5.7,50.3,2.7,,,,,2.375,89.17,,yes,physical,,415,,10,,laboratory,0.3,0.2,1.5,batch,,,no,,no,,yes,150,,,,,,,yes,,,1,66,6.6,8,,,,,,,,mesophilic,37,,,,,,,,,,,,,,,,"Zhang, W., Zhang, L., Li, A., 2015. Enhanced anaerobic digestion of food waste by trace metal elements supplementation and reduced metals dosage by green chelating agent [S, S]-EDDS via improving metals bioavailability. Water Res. 84, 266ÔÇô277. doi:10.1016/j.watres.2015.07.010"
food waste,food waste addition of Ni 20 mg/l,municipal,5.7,50.3,2.7,,,,,2.375,89.17,,yes,physical,,396,,10,,laboratory,0.3,0.2,1.5,batch,,,no,,no,,yes,150,,,,,,,yes,,,1,66,6.6,8,,,,,,,,mesophilic,37,,,,,,,,,,,,,,,,"Zhang, W., Zhang, L., Li, A., 2015. Enhanced anaerobic digestion of food waste by trace metal elements supplementation and reduced metals dosage by green chelating agent [S, S]-EDDS via improving metals bioavailability. Water Res. 84, 266ÔÇô277. doi:10.1016/j.watres.2015.07.010"
food waste,food waste addition of Ni 50 mg/l,municipal,5.7,50.3,2.7,,,,,2.375,89.17,,yes,physical,,347,,10,,laboratory,0.3,0.2,1.5,batch,,,no,,no,,yes,150,,,,,,,yes,,,1,66,6.6,8,,,,,,,,mesophilic,37,,,,,,,,,,,,,,,,"Zhang, W., Zhang, L., Li, A., 2015. Enhanced anaerobic digestion of food waste by trace metal elements supplementation and reduced metals dosage by green chelating agent [S, S]-EDDS via improving metals bioavailability. Water Res. 84, 266ÔÇô277. doi:10.1016/j.watres.2015.07.010"
food waste,food waste addition of Fe+ Mo,municipal,5.7,50.3,2.7,,,,,2.375,89.17,,yes,physical,,433,,10,,laboratory,0.3,0.2,1.5,batch,,,no,,no,,yes,150,,,,,,,yes,,,1,66,6.6,8,,,,,,,,mesophilic,37,,,,,,,,,,,,,,,,"Zhang, W., Zhang, L., Li, A., 2015. Enhanced anaerobic digestion of food waste by trace metal elements supplementation and reduced metals dosage by green chelating agent [S, S]-EDDS via improving metals bioavailability. Water Res. 84, 266ÔÇô277. doi:10.1016/j.watres.2015.07.010"
food waste,food waste addition of Fe+Co,municipal,5.7,50.3,2.7,,,,,2.375,89.17,,yes,physical,,427,,10,,laboratory,0.3,0.2,1.5,batch,,,no,,no,,yes,150,,,,,,,yes,,,1,66,6.6,8,,,,,,,,mesophilic,37,,,,,,,,,,,,,,,,"Zhang, W., Zhang, L., Li, A., 2015. Enhanced anaerobic digestion of food waste by trace metal elements supplementation and reduced metals dosage by green chelating agent [S, S]-EDDS via improving metals bioavailability. Water Res. 84, 266ÔÇô277. doi:10.1016/j.watres.2015.07.010"
food waste,food waste addition of Fe + Ni,municipal,5.7,50.3,2.7,,,,,2.375,89.17,,yes,physical,,441,,10,,laboratory,0.3,0.2,1.5,batch,,,no,,no,,yes,150,,,,,,,yes,,,1,66,6.6,8,,,,,,,,mesophilic,37,,,,,,,,,,,,,,,,"Zhang, W., Zhang, L., Li, A., 2015. Enhanced anaerobic digestion of food waste by trace metal elements supplementation and reduced metals dosage by green chelating agent [S, S]-EDDS via improving metals bioavailability. Water Res. 84, 266ÔÇô277. doi:10.1016/j.watres.2015.07.010"
food waste,food waste addition of Co+ Mo,municipal,5.7,50.3,2.7,,,,,2.375,89.17,,yes,physical,,452,,10,,laboratory,0.3,0.2,1.5,batch,,,no,,no,,yes,150,,,,,,,yes,,,1,66,6.6,8,,,,,,,,mesophilic,37,,,,,,,,,,,,,,,,"Zhang, W., Zhang, L., Li, A., 2015. Enhanced anaerobic digestion of food waste by trace metal elements supplementation and reduced metals dosage by green chelating agent [S, S]-EDDS via improving metals bioavailability. Water Res. 84, 266ÔÇô277. doi:10.1016/j.watres.2015.07.010"
food waste,food waste addition of Co + Ni,municipal,5.7,50.3,2.7,,,,,2.375,89.17,,yes,physical,,461,,10,,laboratory,0.3,0.2,1.5,batch,,,no,,no,,yes,150,,,,,,,yes,,,1,66,6.6,8,,,,,,,,mesophilic,37,,,,,,,,,,,,,,,,"Zhang, W., Zhang, L., Li, A., 2015. Enhanced anaerobic digestion of food waste by trace metal elements supplementation and reduced metals dosage by green chelating agent [S, S]-EDDS via improving metals bioavailability. Water Res. 84, 266ÔÇô277. doi:10.1016/j.watres.2015.07.010"
food waste,food waste addition of Mo + Ni,municipal,5.7,50.3,2.7,,,,,2.375,89.17,,yes,physical,,457,,10,,laboratory,0.3,0.2,1.5,batch,,,no,,no,,yes,150,,,,,,,yes,,,1,66,6.6,8,,,,,,,,mesophilic,37,,,,,,,,,,,,,,,,"Zhang, W., Zhang, L., Li, A., 2015. Enhanced anaerobic digestion of food waste by trace metal elements supplementation and reduced metals dosage by green chelating agent [S, S]-EDDS via improving metals bioavailability. Water Res. 84, 266ÔÇô277. doi:10.1016/j.watres.2015.07.010"
food waste,food waste addition of Fe+Co+Mo,municipal,5.7,50.3,2.7,,,,,2.375,89.17,,yes,physical,,459,,10,,laboratory,0.3,0.2,1.5,batch,,,no,,no,,yes,150,,,,,,,yes,,,1,66,6.6,8,,,,,,,,mesophilic,37,,,,,,,,,,,,,,,,"Zhang, W., Zhang, L., Li, A., 2015. Enhanced anaerobic digestion of food waste by trace metal elements supplementation and reduced metals dosage by green chelating agent [S, S]-EDDS via improving metals bioavailability. Water Res. 84, 266ÔÇô277. doi:10.1016/j.watres.2015.07.010"
food waste,food waste addition of Fe+Co+Ni,municipal,5.7,50.3,2.7,,,,,2.375,89.17,,yes,physical,,468,,10,,laboratory,0.3,0.2,1.5,batch,,,no,,no,,yes,150,,,,,,,yes,,,1,66,6.6,8,,,,,,,,mesophilic,37,,,,,,,,,,,,,,,,"Zhang, W., Zhang, L., Li, A., 2015. Enhanced anaerobic digestion of food waste by trace metal elements supplementation and reduced metals dosage by green chelating agent [S, S]-EDDS via improving metals bioavailability. Water Res. 84, 266ÔÇô277. doi:10.1016/j.watres.2015.07.010"
food waste,food waste addition of Fe+Mo+Ni,municipal,5.7,50.3,2.7,,,,,2.375,89.17,,yes,physical,,464,,10,,laboratory,0.3,0.2,1.5,batch,,,no,,no,,yes,150,,,,,,,yes,,,1,66,6.6,8,,,,,,,,mesophilic,37,,,,,,,,,,,,,,,,"Zhang, W., Zhang, L., Li, A., 2015. Enhanced anaerobic digestion of food waste by trace metal elements supplementation and reduced metals dosage by green chelating agent [S, S]-EDDS via improving metals bioavailability. Water Res. 84, 266ÔÇô277. doi:10.1016/j.watres.2015.07.010"
food waste,food waste addition of Co+Mo+Ni,municipal,5.7,50.3,2.7,,,,,2.375,89.17,,yes,physical,,476,,10,,laboratory,0.3,0.2,1.5,batch,,,no,,no,,yes,150,,,,,,,yes,,,1,66,6.6,8,,,,,,,,mesophilic,37,,,,,,,,,,,,,,,,"Zhang, W., Zhang, L., Li, A., 2015. Enhanced anaerobic digestion of food waste by trace metal elements supplementation and reduced metals dosage by green chelating agent [S, S]-EDDS via improving metals bioavailability. Water Res. 84, 266ÔÇô277. doi:10.1016/j.watres.2015.07.010"
food waste,food waste addition of Fe+Co+Mo+Ni,municipal,5.7,50.3,2.7,,,,,2.375,89.17,,yes,physical,,504,,10,,laboratory,0.3,0.2,1.5,batch,,,no,,no,,yes,150,,,,,,,yes,,,1,66,6.6,8,,,,,,,,mesophilic,37,,,,,,,,,,,,,,,,"Zhang, W., Zhang, L., Li, A., 2015. Enhanced anaerobic digestion of food waste by trace metal elements supplementation and reduced metals dosage by green chelating agent [S, S]-EDDS via improving metals bioavailability. Water Res. 84, 266ÔÇô277. doi:10.1016/j.watres.2015.07.010"
food waste,food waste 25 % of optimal dosage,municipal,5.7,50.3,2.7,,,,,2.375,89.17,,yes,physical,,424,,10,,laboratory,0.3,0.2,1.5,batch,,,no,,no,,yes,150,,,,,,,yes,,,1,66,6.6,8,,,,,,,,mesophilic,37,,,,,,,,,,,,,,,,"Zhang, W., Zhang, L., Li, A., 2015. Enhanced anaerobic digestion of food waste by trace metal elements supplementation and reduced metals dosage by green chelating agent [S, S]-EDDS via improving metals bioavailability. Water Res. 84, 266ÔÇô277. doi:10.1016/j.watres.2015.07.010"
food waste,food waste 25 % of optimal dosage + EDDS,municipal,5.7,50.3,2.7,,,,,2.375,89.17,,yes,physical,,453,,10,,laboratory,0.3,0.2,1.5,batch,,,no,,no,,yes,150,,,,,,,yes,,,1,66,6.6,8,,,,,,,,mesophilic,37,,,,,,,,,,,,,,,,"Zhang, W., Zhang, L., Li, A., 2015. Enhanced anaerobic digestion of food waste by trace metal elements supplementation and reduced metals dosage by green chelating agent [S, S]-EDDS via improving metals bioavailability. Water Res. 84, 266ÔÇô277. doi:10.1016/j.watres.2015.07.010"
food waste,food waste 50 % of optimal dosage,municipal,5.7,50.3,2.7,,,,,2.375,89.17,,yes,physical,,446,,10,,laboratory,0.3,0.2,1.5,batch,,,no,,no,,yes,150,,,,,,,yes,,,1,66,6.6,8,,,,,,,,mesophilic,37,,,,,,,,,,,,,,,,"Zhang, W., Zhang, L., Li, A., 2015. Enhanced anaerobic digestion of food waste by trace metal elements supplementation and reduced metals dosage by green chelating agent [S, S]-EDDS via improving metals bioavailability. Water Res. 84, 266ÔÇô277. doi:10.1016/j.watres.2015.07.010"
food waste,food waste 50 % of optimal dosage + EDDS,municipal,5.7,50.3,2.7,,,,,2.375,89.17,,yes,physical,,498,,10,,laboratory,0.3,0.2,1.5,batch,,,no,,no,,yes,150,,,,,,,yes,,,1,66,6.6,8,,,,,,,,mesophilic,37,,,,,,,,,,,,,,,,"Zhang, W., Zhang, L., Li, A., 2015. Enhanced anaerobic digestion of food waste by trace metal elements supplementation and reduced metals dosage by green chelating agent [S, S]-EDDS via improving metals bioavailability. Water Res. 84, 266ÔÇô277. doi:10.1016/j.watres.2015.07.010"
food waste,food waste 75 % of optimal dosage,municipal,5.7,50.3,2.7,,,,,2.375,89.17,,yes,physical,,473,,10,,laboratory,0.3,0.2,1.5,batch,,,no,,no,,yes,150,,,,,,,yes,,,1,66,6.6,8,,,,,,,,mesophilic,37,,,,,,,,,,,,,,,,"Zhang, W., Zhang, L., Li, A., 2015. Enhanced anaerobic digestion of food waste by trace metal elements supplementation and reduced metals dosage by green chelating agent [S, S]-EDDS via improving metals bioavailability. Water Res. 84, 266ÔÇô277. doi:10.1016/j.watres.2015.07.010"
food waste,food waste 75 % of optimal dosage + EDDS,municipal,5.7,50.3,2.7,,,,,2.375,89.17,,yes,physical,,506,,10,,laboratory,0.3,0.2,1.5,batch,,,no,,no,,yes,150,,,,,,,yes,,,1,66,6.6,8,,,,,,,,mesophilic,37,,,,,,,,,,,,,,,,"Zhang, W., Zhang, L., Li, A., 2015. Enhanced anaerobic digestion of food waste by trace metal elements supplementation and reduced metals dosage by green chelating agent [S, S]-EDDS via improving metals bioavailability. Water Res. 84, 266ÔÇô277. doi:10.1016/j.watres.2015.07.010"
food waste,food waste 100 % of optimal dosage,municipal,5.7,50.3,2.7,,,,,2.375,89.17,,yes,physical,,504,,10,,laboratory,0.3,0.2,1.5,batch,,,no,,no,,yes,150,,,,,,,yes,,,1,66,6.6,8,,,,,,,,mesophilic,37,,,,,,,,,,,,,,,,"Zhang, W., Zhang, L., Li, A., 2015. Enhanced anaerobic digestion of food waste by trace metal elements supplementation and reduced metals dosage by green chelating agent [S, S]-EDDS via improving metals bioavailability. Water Res. 84, 266ÔÇô277. doi:10.1016/j.watres.2015.07.010"
food waste,food waste 100 % of optimal dosage + EDDS,municipal,5.7,50.3,2.7,,,,,2.375,89.17,,yes,physical,,496,,10,,laboratory,0.3,0.2,1.5,batch,,,no,,no,,yes,150,,,,,,,yes,,,1,66,6.6,8,,,,,,,,mesophilic,37,,,,,,,,,,,,,,,,"Zhang, W., Zhang, L., Li, A., 2015. Enhanced anaerobic digestion of food waste by trace metal elements supplementation and reduced metals dosage by green chelating agent [S, S]-EDDS via improving metals bioavailability. Water Res. 84, 266ÔÇô277. doi:10.1016/j.watres.2015.07.010"
food waste,food waste 200 % of optimal dosage,municipal,5.7,50.3,2.7,,,,,2.375,89.17,,yes,physical,,487,,10,,laboratory,0.3,0.2,1.5,batch,,,no,,no,,yes,150,,,,,,,yes,,,1,66,6.6,8,,,,,,,,mesophilic,37,,,,,,,,,,,,,,,,"Zhang, W., Zhang, L., Li, A., 2015. Enhanced anaerobic digestion of food waste by trace metal elements supplementation and reduced metals dosage by green chelating agent [S, S]-EDDS via improving metals bioavailability. Water Res. 84, 266ÔÇô277. doi:10.1016/j.watres.2015.07.010"
food waste,food waste phase 1,municipal,5.7,50.3,2.7,,,,,2.375,89.17,,yes,physical,,418.3,,2,,laboratory,0.3,0.2,1.5,semicontinuous,,,no,,no,,yes,150,,,,,,,yes,,,1,66,6.6,8,,,,,,,,mesophilic,37,HRT= 30 days,VS removal (%) 71.9,,,,,,,,,,,,,,"Zhang, W., Zhang, L., Li, A., 2015. Enhanced anaerobic digestion of food waste by trace metal elements supplementation and reduced metals dosage by green chelating agent [S, S]-EDDS via improving metals bioavailability. Water Res. 84, 266ÔÇô277. doi:10.1016/j.watres.2015.07.010"
food waste,food waste phase 2,municipal,5.7,50.3,2.7,,,,,2.375,89.17,,yes,physical,,386.6,,4,,laboratory,0.3,0.2,1.5,semicontinuous,,,no,,no,,yes,150,,,,,,,yes,,,1,66,6.6,8,,,,,,,,mesophilic,37,HRT= 20 days,VS removal (%) 70.1,,,,,,,,,,,,,,"Zhang, W., Zhang, L., Li, A., 2015. Enhanced anaerobic digestion of food waste by trace metal elements supplementation and reduced metals dosage by green chelating agent [S, S]-EDDS via improving metals bioavailability. Water Res. 84, 266ÔÇô277. doi:10.1016/j.watres.2015.07.010"
food waste,food waste phase 3,municipal,5.7,50.3,2.7,,,,,2.375,89.17,,yes,physical,,0,,6,,laboratory,0.3,0.2,1.5,semicontinuous,,,no,,no,,yes,150,,,,,,,yes,,,1,66,6.6,8,,,,,,,,mesophilic,37,HRT= 15 days,VS removal (%) 69.5,,,,,,,,,,,,pH=4.2,propionate=4326.3 mg/l,"Zhang, W., Zhang, L., Li, A., 2015. Enhanced anaerobic digestion of food waste by trace metal elements supplementation and reduced metals dosage by green chelating agent [S, S]-EDDS via improving metals bioavailability. Water Res. 84, 266ÔÇô277. doi:10.1016/j.watres.2015.07.010"
food waste,"food waste phase 1, 50 % of optimal dosage",municipal,5.7,50.3,2.7,,,,,2.375,89.17,,yes,physical,,466,,2,,laboratory,0.3,0.2,1.5,semicontinuous,,,no,,no,,yes,150,,,,,,,yes,,,1,66,6.6,8,,,,,,,,mesophilic,37,HRT= 30 days,VS removal (%) 74.5,,,,,,,,,,,,,,"Zhang, W., Zhang, L., Li, A., 2015. Enhanced anaerobic digestion of food waste by trace metal elements supplementation and reduced metals dosage by green chelating agent [S, S]-EDDS via improving metals bioavailability. Water Res. 84, 266ÔÇô277. doi:10.1016/j.watres.2015.07.010"
food waste,"food waste phase 2, 50 % of optimal dosage",municipal,5.7,50.3,2.7,,,,,2.375,89.17,,yes,physical,,443,,4,,laboratory,0.3,0.2,1.5,semicontinuous,,,no,,no,,yes,150,,,,,,,yes,,,1,66,6.6,8,,,,,,,,mesophilic,37,HRT= 20 days,VS removal (%) 72.9,,,,,,,,,,,,,,"Zhang, W., Zhang, L., Li, A., 2015. Enhanced anaerobic digestion of food waste by trace metal elements supplementation and reduced metals dosage by green chelating agent [S, S]-EDDS via improving metals bioavailability. Water Res. 84, 266ÔÇô277. doi:10.1016/j.watres.2015.07.010"
food waste,"food waste phase 3, 50 % of optimal dosage",municipal,5.7,50.3,2.7,,,,,2.375,89.17,,yes,physical,,415.6,,6,,laboratory,0.3,0.2,1.5,semicontinuous,,,no,,no,,yes,150,,,,,,,yes,,,1,66,6.6,8,,,,,,,,mesophilic,37,HRT= 15 days,VS removal (%) 73.4,,,,,,,,,,,,,,"Zhang, W., Zhang, L., Li, A., 2015. Enhanced anaerobic digestion of food waste by trace metal elements supplementation and reduced metals dosage by green chelating agent [S, S]-EDDS via improving metals bioavailability. Water Res. 84, 266ÔÇô277. doi:10.1016/j.watres.2015.07.010"
food waste,"food waste phase 1, 50 % of optimal dosage + EDDS",municipal,5.7,50.3,2.7,,,,,2.375,89.17,,yes,physical,,488.8,,2,,laboratory,0.3,0.2,1.5,semicontinuous,,,no,,no,,yes,150,,,,,,,yes,,,1,66,6.6,8,,,,,,,,mesophilic,37,HRT= 30 days,VS removal (%) 77.3,,,,,,,,,,,,,,"Zhang, W., Zhang, L., Li, A., 2015. Enhanced anaerobic digestion of food waste by trace metal elements supplementation and reduced metals dosage by green chelating agent [S, S]-EDDS via improving metals bioavailability. Water Res. 84, 266ÔÇô277. doi:10.1016/j.watres.2015.07.010"
food waste,"food waste phase 2, 50 % of optimal dosage + EDDS",municipal,5.7,50.3,2.7,,,,,2.375,89.17,,yes,physical,,469.4,,4,,laboratory,0.3,0.2,1.5,semicontinuous,,,no,,no,,yes,150,,,,,,,yes,,,1,66,6.6,8,,,,,,,,mesophilic,37,HRT= 20 days,VS removal (%) 76.4,,,,,,,,,,,,,,"Zhang, W., Zhang, L., Li, A., 2015. Enhanced anaerobic digestion of food waste by trace metal elements supplementation and reduced metals dosage by green chelating agent [S, S]-EDDS via improving metals bioavailability. Water Res. 84, 266ÔÇô277. doi:10.1016/j.watres.2015.07.010"
food waste,"food waste phase 3, 50 % of optimal dosage + EDDS",municipal,5.7,50.3,2.7,,,,,2.375,89.17,,yes,physical,,451.7,,6,,laboratory,0.3,0.2,1.5,semicontinuous,,,no,,no,,yes,150,,,,,,,yes,,,1,66,6.6,8,,,,,,,,mesophilic,37,HRT= 15 days,VS removal (%) 73.4,,,,,,,,,,,,,,"Zhang, W., Zhang, L., Li, A., 2015. Enhanced anaerobic digestion of food waste by trace metal elements supplementation and reduced metals dosage by green chelating agent [S, S]-EDDS via improving metals bioavailability. Water Res. 84, 266ÔÇô277. doi:10.1016/j.watres.2015.07.010"
food waste,"food waste phase 1, 100 % of optimal dosage",municipal,5.7,50.3,2.7,,,,,2.375,89.17,,yes,physical,,496.4,,2,,laboratory,0.3,0.2,1.5,semicontinuous,,,no,,no,,yes,150,,,,,,,yes,,,1,66,6.6,8,,,,,,,,mesophilic,37,HRT= 30 days,VS removal (%) 78.4,,,,,,,,,,,,,,"Zhang, W., Zhang, L., Li, A., 2015. Enhanced anaerobic digestion of food waste by trace metal elements supplementation and reduced metals dosage by green chelating agent [S, S]-EDDS via improving metals bioavailability. Water Res. 84, 266ÔÇô277. doi:10.1016/j.watres.2015.07.010"
food waste,"food waste phase 2, 100 % of optimal dosage",municipal,5.7,50.3,2.7,,,,,2.375,89.17,,yes,physical,,481.2,,4,,laboratory,0.3,0.2,1.5,semicontinuous,,,no,,no,,yes,150,,,,,,,yes,,,1,66,6.6,8,,,,,,,,mesophilic,37,HRT= 20 days,VS removal (%) 78.1,,,,,,,,,,,,,,"Zhang, W., Zhang, L., Li, A., 2015. Enhanced anaerobic digestion of food waste by trace metal elements supplementation and reduced metals dosage by green chelating agent [S, S]-EDDS via improving metals bioavailability. Water Res. 84, 266ÔÇô277. doi:10.1016/j.watres.2015.07.010"
food waste,"food waste phase 3, 100 % of optimal dosage",municipal,5.7,50.3,2.7,,,,,2.375,89.17,,yes,physical,,462.2,,6,,laboratory,0.3,0.2,1.5,semicontinuous,,,no,,no,,yes,150,,,,,,,yes,,,1,66,6.6,8,,,,,,,,mesophilic,37,HRT= 15 days,VS removal (%) 74.9,,,,,,,,,,,,,,"Zhang, W., Zhang, L., Li, A., 2015. Enhanced anaerobic digestion of food waste by trace metal elements supplementation and reduced metals dosage by green chelating agent [S, S]-EDDS via improving metals bioavailability. Water Res. 84, 266ÔÇô277. doi:10.1016/j.watres.2015.07.010"
algal biomass,I. galbana,industrial,,,,,,,,,67.2,,,,,349,,,,laboratory,0.5,,,batch,,,,,,,,,,,,,,,,,,,,,,,,,,,,,mesophilic,38,,,,,,,,,,,,,,,,"Roberts, K.P., Heaven, S., Banks, C.J., 2019. Semi-continuous anaerobic digestion of the marine micro-algal species I. galbana and D. salina grown under low and high sulphate conditions. Algal Res. 41, 101564. doi:10.1016/J.ALGAL.2019.101564"
algal biomass,T. pseudonana,industrial,,,,,,,,,59.8,,,,,435,,,,laboratory,0.5,,,batch,,,,,,,,,,,,,,,,,,,,,,,,,,,,,mesophilic,38,,,,,,,,,,,,,,,,"Roberts, K.P., Heaven, S., Banks, C.J., 2019. Semi-continuous anaerobic digestion of the marine micro-algal species I. galbana and D. salina grown under low and high sulphate conditions. Algal Res. 41, 101564. doi:10.1016/J.ALGAL.2019.101565"
algal biomass,Dunaliella sp.,industrial,,,,,,,,,50.4,,,,,276,,,,laboratory,0.5,,,batch,,,,,,,,,,,,,,,,,,,,,,,,,,,,,mesophilic,38,,,,,,,,,,,,,,,,"Roberts, K.P., Heaven, S., Banks, C.J., 2019. Semi-continuous anaerobic digestion of the marine micro-algal species I. galbana and D. salina grown under low and high sulphate conditions. Algal Res. 41, 101564. doi:10.1016/J.ALGAL.2019.101566"
algal biomass,N. occulata,industrial,,,,,,,,,80.3,,,,,231,,,,laboratory,0.5,,,batch,,,,,,,,,,,,,,,,,,,,,,,,,,,,,mesophilic,38,,,,,,,,,,,,,,,,"Roberts, K.P., Heaven, S., Banks, C.J., 2019. Semi-continuous anaerobic digestion of the marine micro-algal species I. galbana and D. salina grown under low and high sulphate conditions. Algal Res. 41, 101564. doi:10.1016/J.ALGAL.2019.101567"
algal biomass,C. vulgaris,industrial,,,,,,,,,94.7,,,,,307,,,,laboratory,0.5,,,batch,,,,,,,,,,,,,,,,,,,,,,,,,,,,,mesophilic,38,,,,,,,,,,,,,,,,"Roberts, K.P., Heaven, S., Banks, C.J., 2019. Semi-continuous anaerobic digestion of the marine micro-algal species I. galbana and D. salina grown under low and high sulphate conditions. Algal Res. 41, 101564. doi:10.1016/J.ALGAL.2019.101568"
algal biomass,Scenedesmus sp.,industrial,,,,,,,,,83.9,,,,,261,,,,laboratory,0.5,,,batch,,,,,,,,,,,,,,,,,,,,,,,,,,,,,mesophilic,38,,,,,,,,,,,,,,,,"Roberts, K.P., Heaven, S., Banks, C.J., 2019. Semi-continuous anaerobic digestion of the marine micro-algal species I. galbana and D. salina grown under low and high sulphate conditions. Algal Res. 41, 101564. doi:10.1016/J.ALGAL.2019.101569"
algal biomass,PBR (FD),industrial,,,,,,,,,82,,,,,161,,,,laboratory,0.5,,,batch,,,,,,,,,,,,,,,,,,,,,,,,,,,,,mesophilic,38,,,,,,,,,,,,,,,,"Roberts, K.P., Heaven, S., Banks, C.J., 2019. Semi-continuous anaerobic digestion of the marine micro-algal species I. galbana and D. salina grown under low and high sulphate conditions. Algal Res. 41, 101564. doi:10.1016/J.ALGAL.2019.101570"
algal biomass,Raceway,industrial,,,,,,,,,39.4,,,,,220,,,,laboratory,0.5,,,batch,,,,,,,,,,,,,,,,,,,,,,,,,,,,,mesophilic,38,,,,,,,,,,,,,,,,"Roberts, K.P., Heaven, S., Banks, C.J., 2019. Semi-continuous anaerobic digestion of the marine micro-algal species I. galbana and D. salina grown under low and high sulphate conditions. Algal Res. 41, 101564. doi:10.1016/J.ALGAL.2019.101571"
wheat husks,wheat husks,agricultural,,41.15,0.82,,,,10,74.1,62.9,,yes,physical,,68,,,,laboratory,0.8,,,batch,,,,,,,,,,,,,,,yes,,,5.9,58.1,,,,,,,,,,mesophilic,38,inoculum TAN (% FM)=1060,substrate cellulose=19.43 (% TS),,,,,,,,,,,,substrate hemicellulose=18.02 (% TS),,"Sun, J., Li, Z., Zhou, X., Wang, X., Liu, T., Cheng, S., 2019. Investigation on methane yield of wheat husk anaerobic digestion and┬áits enhancement effect by liquid digestate pretreatment. Anaerobe 59, 92ÔÇô99. doi:10.1016/J.ANAEROBE.2019.05.009"
wheat husks,wheat husks + liquid digestate soaking 1 day,agricultural,,41.15,0.82,,,,10,74.1,62.9,,yes,physical-unspecified,,78,,,,laboratory,0.8,,,batch,,,,,,,,,,,,,,,yes,,,5.9,58.1,,,,,,,,,,mesophilic,38,inoculum TAN (% FM)=1060,substrate cellulose=19.43 (% TS),,,,,,,,,,,,substrate hemicellulose=18.02 (% TS),,"Sun, J., Li, Z., Zhou, X., Wang, X., Liu, T., Cheng, S., 2019. Investigation on methane yield of wheat husk anaerobic digestion and┬áits enhancement effect by liquid digestate pretreatment. Anaerobe 59, 92ÔÇô99. doi:10.1016/J.ANAEROBE.2019.05.010"
wheat husks,wheat husks + liquid digestate soaking 3 days,agricultural,,41.15,0.82,,,,10,74.1,62.9,,yes,physical-unspecified,,99,,,,laboratory,0.8,,,batch,,,,,,,,,,,,,,,yes,,,5.9,58.1,,,,,,,,,,mesophilic,38,inoculum TAN (% FM)=1060,substrate cellulose=19.43 (% TS),,,,,,,,,,,,substrate hemicellulose=18.02 (% TS),,"Sun, J., Li, Z., Zhou, X., Wang, X., Liu, T., Cheng, S., 2019. Investigation on methane yield of wheat husk anaerobic digestion and┬áits enhancement effect by liquid digestate pretreatment. Anaerobe 59, 92ÔÇô99. doi:10.1016/J.ANAEROBE.2019.05.011"
wheat husks,wheat husks + liquid digestate soaking 5 days,agricultural,,41.15,0.82,,,,10,74.1,62.9,,yes,physical-unspecified,,127,,,,laboratory,0.8,,,batch,,,,,,,,,,,,,,,yes,,,5.9,58.1,,,,,,,,,,mesophilic,38,inoculum TAN (% FM)=1060,substrate cellulose=19.43 (% TS),,,,,,,,,,,,substrate hemicellulose=18.02 (% TS),,"Sun, J., Li, Z., Zhou, X., Wang, X., Liu, T., Cheng, S., 2019. Investigation on methane yield of wheat husk anaerobic digestion and┬áits enhancement effect by liquid digestate pretreatment. Anaerobe 59, 92ÔÇô99. doi:10.1016/J.ANAEROBE.2019.05.012"
cheese whey,Fat CW1 (F1),industrial,6.45,,,,,,,7.12,92.7,,no,,74700,365,,,,laboratory,0.4,0.25,1.6,batch,,,no,,no,,yes,,,,,,,,,,,4.86,47.5,2.31,7.24,,1647,,,,265,16330,mesophilic,35,inoculum soluble COD= 0.97,inoculum PO43-P (mg P/L)= 343,,,,,,,,,,,,substrate PO43-P (mg P/L)= 453,substrate alkalinity (mg CaCO3/L)= 1900,"Mainardis, M., Flaibani, S., Trigatti, M., Goi, D., 2019. Techno-economic feasibility of anaerobic digestion of cheese whey in small Italian dairies and effect of ultrasound pre-treatment on methane yield. J. Environ. Manage. 246, 557ÔÇô563. doi:10.1016/J.JENVMAN.2019.06.014"
cheese whey,Mozzarella CW1 (M1),industrial,5.41,,,,,,,7.32,91.3,,no,,74500,408.4,,,,laboratory,0.4,0.25,1.6,batch,,,no,,no,,yes,,,,,,,,,,,4.86,47.5,2.31,7.24,,1647,,,,265,16330,mesophilic,35,inoculum soluble COD= 0.97,inoculum PO43-P (mg P/L)= 343,,,,,,,,,,,,substrate PO43-P (mg P/L)= 397,substrate alkalinity (mg CaCO3/L)= 1700,"Mainardis, M., Flaibani, S., Trigatti, M., Goi, D., 2019. Techno-economic feasibility of anaerobic digestion of cheese whey in small Italian dairies and effect of ultrasound pre-treatment on methane yield. J. Environ. Manage. 246, 557ÔÇô563. doi:10.1016/J.JENVMAN.2019.06.014"
cheese whey,Fat CW2 (F2),industrial,5.75,,,,,,,7.21,92.2,,no,,72900,429.7,,,,laboratory,0.4,0.25,1.6,batch,,,no,,no,,yes,,,,,,,,,,,4.86,47.5,2.31,7.24,,1647,,,,265,16330,mesophilic,35,inoculum soluble COD= 0.97,inoculum PO43-P (mg P/L)= 343,,,,,,,,,,,,substrate PO43-P (mg P/L)= 472,substrate alkalinity (mg CaCO3/L)= 1600,"Mainardis, M., Flaibani, S., Trigatti, M., Goi, D., 2019. Techno-economic feasibility of anaerobic digestion of cheese whey in small Italian dairies and effect of ultrasound pre-treatment on methane yield. J. Environ. Manage. 246, 557ÔÇô563. doi:10.1016/J.JENVMAN.2019.06.014"
cheese whey,Fat CW3 (F3),industrial,5.62,,,,,,,6.51,92.3,,no,,70770,380,,,,laboratory,0.4,0.25,1.6,batch,,,no,,no,,yes,,,,,,,,,,,4.86,47.5,2.31,7.24,,1647,,,,265,16330,mesophilic,35,inoculum soluble COD= 0.97,inoculum PO43-P (mg P/L)= 343,,,,,,,,,,,,substrate PO43-P (mg P/L)= 415,substrate alkalinity (mg CaCO3/L)= 1673,"Mainardis, M., Flaibani, S., Trigatti, M., Goi, D., 2019. Techno-economic feasibility of anaerobic digestion of cheese whey in small Italian dairies and effect of ultrasound pre-treatment on methane yield. J. Environ. Manage. 246, 557ÔÇô563. doi:10.1016/J.JENVMAN.2019.06.014"
cheese whey,Skimmed CW3 (S3),industrial,7.12,,,,,,,5.81,91.4,,no,,49870,352.8,,,,laboratory,0.4,0.25,1.6,batch,,,no,,no,,yes,,,,,,,,,,,4.86,47.5,2.31,7.24,,1647,,,,265,16330,mesophilic,35,inoculum soluble COD= 0.97,inoculum PO43-P (mg P/L)= 343,,,,,,,,,,,,substrate PO43-P (mg P/L)= 390,substrate alkalinity (mg CaCO3/L)= 1820,"Mainardis, M., Flaibani, S., Trigatti, M., Goi, D., 2019. Techno-economic feasibility of anaerobic digestion of cheese whey in small Italian dairies and effect of ultrasound pre-treatment on methane yield. J. Environ. Manage. 246, 557ÔÇô563. doi:10.1016/J.JENVMAN.2019.06.014"
cheese whey,Fat CW4 (F4),industrial,7.05,,,,,,,6.92,91.3,,no,,73470,350,,,,laboratory,0.4,0.25,1.6,batch,,,no,,no,,yes,,,,,,,,,,,4.86,47.5,2.31,7.24,,1647,,,,265,16330,mesophilic,35,inoculum soluble COD= 0.97,inoculum PO43-P (mg P/L)= 343,,,,,,,,,,,,substrate PO43-P (mg P/L)= 438,substrate alkalinity (mg CaCO3/L)= 1940,"Mainardis, M., Flaibani, S., Trigatti, M., Goi, D., 2019. Techno-economic feasibility of anaerobic digestion of cheese whey in small Italian dairies and effect of ultrasound pre-treatment on methane yield. J. Environ. Manage. 246, 557ÔÇô563. doi:10.1016/J.JENVMAN.2019.06.014"
cheese whey,Skimmed CW4 (S4),industrial,6.43,,,,,,,5.19,90,,no,,50100,379.9,,,,laboratory,0.4,0.25,1.6,batch,,,no,,no,,yes,,,,,,,,,,,4.86,47.5,2.31,7.24,,1647,,,,265,16330,mesophilic,35,inoculum soluble COD= 0.97,inoculum PO43-P (mg P/L)= 343,,,,,,,,,,,,substrate PO43-P (mg P/L)= 383,substrate alkalinity (mg CaCO3/L)= 1640,"Mainardis, M., Flaibani, S., Trigatti, M., Goi, D., 2019. Techno-economic feasibility of anaerobic digestion of cheese whey in small Italian dairies and effect of ultrasound pre-treatment on methane yield. J. Environ. Manage. 246, 557ÔÇô563. doi:10.1016/J.JENVMAN.2019.06.014"
cheese whey,Fat CW5 (F5),industrial,5.65,,,,,,,6.96,92.5,,no,,78730,437.3,,,,laboratory,0.4,0.25,1.6,batch,,,no,,no,,yes,,,,,,,,,,,4.86,47.5,2.31,7.24,,1647,,,,265,16330,mesophilic,35,inoculum soluble COD= 0.97,inoculum PO43-P (mg P/L)= 343,,,,,,,,,,,,substrate PO43-P (mg P/L)= 438,substrate alkalinity (mg CaCO3/L)= 1573,"Mainardis, M., Flaibani, S., Trigatti, M., Goi, D., 2019. Techno-economic feasibility of anaerobic digestion of cheese whey in small Italian dairies and effect of ultrasound pre-treatment on methane yield. J. Environ. Manage. 246, 557ÔÇô563. doi:10.1016/J.JENVMAN.2019.06.014"
cheese whey,fat cheese whey US pretreatment 40W-5min,industrial,5.65,,,,,,,6.96,92.5,,yes,physical,,500,,,,laboratory,0.4,0.25,1.6,batch,,,no,,no,,yes,,,,,,,,,,,4.86,47.5,2.31,7.24,,1647,,,,265,16330,mesophilic,35,inoculum soluble COD= 0.97,inoculum PO43-P (mg P/L)= 343,,,,,,,,,,,,,,"Mainardis, M., Flaibani, S., Trigatti, M., Goi, D., 2019. Techno-economic feasibility of anaerobic digestion of cheese whey in small Italian dairies and effect of ultrasound pre-treatment on methane yield. J. Environ. Manage. 246, 557ÔÇô563. doi:10.1016/J.JENVMAN.2019.06.014"
cheese whey,fat cheese whey US pretreatment 80W-5min,industrial,5.65,,,,,,,6.96,92.5,,yes,physical,,500,,,,laboratory,0.4,0.25,1.6,batch,,,no,,no,,yes,,,,,,,,,,,4.86,47.5,2.31,7.24,,1647,,,,265,16330,mesophilic,35,inoculum soluble COD= 0.97,inoculum PO43-P (mg P/L)= 343,,,,,,,,,,,,,,"Mainardis, M., Flaibani, S., Trigatti, M., Goi, D., 2019. Techno-economic feasibility of anaerobic digestion of cheese whey in small Italian dairies and effect of ultrasound pre-treatment on methane yield. J. Environ. Manage. 246, 557ÔÇô563. doi:10.1016/J.JENVMAN.2019.06.014"
cheese whey,fat cheese whey US pretreatment 40W-10 min,industrial,5.65,,,,,,,6.96,92.5,,yes,physical,,400,,,,laboratory,0.4,0.25,1.6,batch,,,no,,no,,yes,,,,,,,,,,,4.86,47.5,2.31,7.24,,1647,,,,265,16330,mesophilic,35,inoculum soluble COD= 0.97,inoculum PO43-P (mg P/L)= 343,,,,,,,,,,,,,,"Mainardis, M., Flaibani, S., Trigatti, M., Goi, D., 2019. Techno-economic feasibility of anaerobic digestion of cheese whey in small Italian dairies and effect of ultrasound pre-treatment on methane yield. J. Environ. Manage. 246, 557ÔÇô563. doi:10.1016/J.JENVMAN.2019.06.014"
cheese whey,fat cheese whey US pretreatment 80W-10 min,industrial,5.65,,,,,,,6.96,92.5,,yes,physical,,415,,,,laboratory,0.4,0.25,1.6,batch,,,no,,no,,yes,,,,,,,,,,,4.86,47.5,2.31,7.24,,1647,,,,265,16330,mesophilic,35,inoculum soluble COD= 0.97,inoculum PO43-P (mg P/L)= 343,,,,,,,,,,,,,,"Mainardis, M., Flaibani, S., Trigatti, M., Goi, D., 2019. Techno-economic feasibility of anaerobic digestion of cheese whey in small Italian dairies and effect of ultrasound pre-treatment on methane yield. J. Environ. Manage. 246, 557ÔÇô563. doi:10.1016/J.JENVMAN.2019.06.014"
cheese whey,Skimmed cheese whey US pretreatment 40W-5 min,industrial,6.43,,,,,,,5.19,90,,yes,physical,,413,,,,laboratory,0.4,0.25,1.6,batch,,,no,,no,,yes,,,,,,,,,,,4.86,47.5,2.31,7.24,,1647,,,,265,16330,mesophilic,35,inoculum soluble COD= 0.97,inoculum PO43-P (mg P/L)= 343,,,,,,,,,,,,,,"Mainardis, M., Flaibani, S., Trigatti, M., Goi, D., 2019. Techno-economic feasibility of anaerobic digestion of cheese whey in small Italian dairies and effect of ultrasound pre-treatment on methane yield. J. Environ. Manage. 246, 557ÔÇô563. doi:10.1016/J.JENVMAN.2019.06.014"
cheese whey,Skimmed cheese whey US pretreatment 80 W-5 min,industrial,6.43,,,,,,,5.19,90,,yes,physical,,405,,,,laboratory,0.4,0.25,1.6,batch,,,no,,no,,yes,,,,,,,,,,,4.86,47.5,2.31,7.24,,1647,,,,265,16330,mesophilic,35,inoculum soluble COD= 0.97,inoculum PO43-P (mg P/L)= 343,,,,,,,,,,,,,,"Mainardis, M., Flaibani, S., Trigatti, M., Goi, D., 2019. Techno-economic feasibility of anaerobic digestion of cheese whey in small Italian dairies and effect of ultrasound pre-treatment on methane yield. J. Environ. Manage. 246, 557ÔÇô563. doi:10.1016/J.JENVMAN.2019.06.014"
cheese whey,Skimmed cheese whey US pretreatment 40W-5 min,industrial,6.43,,,,,,,5.19,90,,yes,physical,,370,,,,laboratory,0.4,0.25,1.6,batch,,,no,,no,,yes,,,,,,,,,,,4.86,47.5,2.31,7.24,,1647,,,,265,16330,mesophilic,35,inoculum soluble COD= 0.97,inoculum PO43-P (mg P/L)= 343,,,,,,,,,,,,,,"Mainardis, M., Flaibani, S., Trigatti, M., Goi, D., 2019. Techno-economic feasibility of anaerobic digestion of cheese whey in small Italian dairies and effect of ultrasound pre-treatment on methane yield. J. Environ. Manage. 246, 557ÔÇô563. doi:10.1016/J.JENVMAN.2019.06.014"
cheese whey,Skimmed cheese whey US pretreatment 80W-10 min,industrial,6.43,,,,,,,5.19,90,,yes,physical,,368,,,,laboratory,0.4,0.25,1.6,batch,,,no,,no,,yes,,,,,,,,,,,4.86,47.5,2.31,7.24,,1647,,,,265,16330,mesophilic,35,inoculum soluble COD= 0.97,inoculum PO43-P (mg P/L)= 343,,,,,,,,,,,,,,"Mainardis, M., Flaibani, S., Trigatti, M., Goi, D., 2019. Techno-economic feasibility of anaerobic digestion of cheese whey in small Italian dairies and effect of ultrasound pre-treatment on methane yield. J. Environ. Manage. 246, 557ÔÇô563. doi:10.1016/J.JENVMAN.2019.06.014"
OFMSW,"fruit, vegetable and flower waste",municipal,,,,,,,,31.58,85,,,,,400,,,,laboratory,,,,batch,1 N KHCO3,,no,,no,,yes,,,,,,,,,,,7.2,57.4,,,,,,,,,,mesophilic,36,inoculum carbon (%)=41.16,inoculum Nitrogen (%)=2.31,,,,,,,,,,,,,,"Alkanok, G., Demirel, B., Onay, T.T., 2014. Determination of biogas generation potential as a renewable energy source from supermarket wastes. Waste Manag. 34, 134ÔÇô140. doi:10.1016/J.WASMAN.2013.09.015"
OFMSW,meat waste,municipal,,,,,,,,42.25,63.1,,,,,250,,,,laboratory,,,,batch,1 N KHCO3,,no,,no,,yes,,,,,,,,,,,7.2,57.4,,,,,,,,,,mesophilic,36,inoculum carbon (%)=41.16,inoculum Nitrogen (%)=2.31,,,,,,,,,,,,,,"Alkanok, G., Demirel, B., Onay, T.T., 2014. Determination of biogas generation potential as a renewable energy source from supermarket wastes. Waste Manag. 34, 134ÔÇô140. doi:10.1016/J.WASMAN.2013.09.016"
OFMSW,sugar waste,municipal,,,,,,,,35.2,93.38,,,,,200,,,,laboratory,,,,batch,1 N KHCO3,,no,,no,,yes,,,,,,,,,,,7.2,57.4,,,,,,,,,,mesophilic,36,inoculum carbon (%)=41.16,inoculum Nitrogen (%)=2.31,,,,,,,,,,,,,,"Alkanok, G., Demirel, B., Onay, T.T., 2014. Determination of biogas generation potential as a renewable energy source from supermarket wastes. Waste Manag. 34, 134ÔÇô140. doi:10.1016/J.WASMAN.2013.09.017"
OFMSW,dairy product waste,municipal,,,,,,,,41,48.61,,,,,350,,,,laboratory,,,,batch,1 N KHCO3,,no,,no,,yes,,,,,,,,,,,7.2,57.4,,,,,,,,,,mesophilic,36,inoculum carbon (%)=41.16,inoculum Nitrogen (%)=2.31,,,,,,,,,,,,,,"Alkanok, G., Demirel, B., Onay, T.T., 2014. Determination of biogas generation potential as a renewable energy source from supermarket wastes. Waste Manag. 34, 134ÔÇô140. doi:10.1016/J.WASMAN.2013.09.018"
OFMSW,mixed waste,municipal,,,,,,,,,,,,,,410,,,,laboratory,,,,batch,1 N KHCO3,,no,,no,,yes,,,,,,,,,,,7.2,57.4,,,,,,,,,,mesophilic,36,inoculum carbon (%)=41.16,inoculum Nitrogen (%)=2.31,,,,,,,,,,,,,,"Alkanok, G., Demirel, B., Onay, T.T., 2014. Determination of biogas generation potential as a renewable energy source from supermarket wastes. Waste Manag. 34, 134ÔÇô140. doi:10.1016/J.WASMAN.2013.09.019"
OFMSW,mixed waste,municipal,,,,,,,,,,,,,,400,,,,laboratory,,,,batch,1 N KHCO3,,no,,no,,yes,,,,,,,,,,,7.2,57.4,,,,,,,,,,mesophilic,36,inoculum carbon (%)=41.16,inoculum Nitrogen (%)=2.31,,,,,,,,,,,,,,"Alkanok, G., Demirel, B., Onay, T.T., 2014. Determination of biogas generation potential as a renewable energy source from supermarket wastes. Waste Manag. 34, 134ÔÇô140. doi:10.1016/J.WASMAN.2013.09.020"
OFMSW,mixed waste,municipal,,,,,,,,,,,,,,440,,,,laboratory,,,,batch,1 N KHCO3,,no,,no,,yes,,,,,,,,,,,7.2,57.4,,,,,,,,,,mesophilic,36,inoculum carbon (%)=41.16,inoculum Nitrogen (%)=2.31,,,,,,,,,,,,,,"Alkanok, G., Demirel, B., Onay, T.T., 2014. Determination of biogas generation potential as a renewable energy source from supermarket wastes. Waste Manag. 34, 134ÔÇô140. doi:10.1016/J.WASMAN.2013.09.021"
slurry,duck slurry,agricultural,,,,,,,,,,,,,,135,,,,laboratory,,,,batch,,,,,,,,,,,,,,,,,,,,,,,,,,,,,mesophilic,30,,,,,,,,,,,,,,,,"Vedrenne, F., B├®line, F., Dabert, P., Bernet, N., 2008. The effect of incubation conditions on the laboratory measurement of the methane producing capacity of livestock wastes. Bioresour. Technol. 99, 146ÔÇô155. doi:10.1016/J.BIORTECH.2006.11.043"
slurry,duck slurry,agricultural,,,,,,,,,,,,,,172,,,,laboratory,,,,batch,,,,,,,,,,,,,,,,,,,,,,,,,,,,,mesophilic,30,,,,,,,,,,,,,,,,"Vedrenne, F., B├®line, F., Dabert, P., Bernet, N., 2008. The effect of incubation conditions on the laboratory measurement of the methane producing capacity of livestock wastes. Bioresour. Technol. 99, 146ÔÇô155. doi:10.1016/J.BIORTECH.2006.11.044"
slurry,duck slurry,agricultural,,,,,,,,,,,,,,255,,,,laboratory,,,,batch,,,,,,,,,,,,,,,,,,,,,,,,,,,,,mesophilic,30,,,,,,,,,,,,,,,,"Vedrenne, F., B├®line, F., Dabert, P., Bernet, N., 2008. The effect of incubation conditions on the laboratory measurement of the methane producing capacity of livestock wastes. Bioresour. Technol. 99, 146ÔÇô155. doi:10.1016/J.BIORTECH.2006.11.045"
slurry,duck slurry,agricultural,,,,,,,,,,,,,,310,,,,laboratory,,,,batch,,,,,,,,,,,,,,,,,,,,,,,,,,,,,mesophilic,30,,,,,,,,,,,,,,,,"Vedrenne, F., B├®line, F., Dabert, P., Bernet, N., 2008. The effect of incubation conditions on the laboratory measurement of the methane producing capacity of livestock wastes. Bioresour. Technol. 99, 146ÔÇô155. doi:10.1016/J.BIORTECH.2006.11.046"
slurry,pig slurry,agricultural,,,,,,,,,,,,,,330,,,,laboratory,,,,batch,,,,,,,,,,,,,,,,,,,,,,,,,,,,,mesophilic,30,,,,,,,,,,,,,,,,"Vedrenne, F., B├®line, F., Dabert, P., Bernet, N., 2008. The effect of incubation conditions on the laboratory measurement of the methane producing capacity of livestock wastes. Bioresour. Technol. 99, 146ÔÇô155. doi:10.1016/J.BIORTECH.2006.11.047"
slurry,pig slurry,agricultural,,,,,,,,,,,,,,275,,,,laboratory,,,,batch,,,,,,,,,,,,,,,,,,,,,,,,,,,,,mesophilic,30,,,,,,,,,,,,,,,,"Vedrenne, F., B├®line, F., Dabert, P., Bernet, N., 2008. The effect of incubation conditions on the laboratory measurement of the methane producing capacity of livestock wastes. Bioresour. Technol. 99, 146ÔÇô155. doi:10.1016/J.BIORTECH.2006.11.048"
slurry,pig slurry,agricultural,,,,,,,,,,,,,,270,,,,laboratory,,,,batch,,,,,,,,,,,,,,,,,,,,,,,,,,,,,mesophilic,30,,,,,,,,,,,,,,,,"Vedrenne, F., B├®line, F., Dabert, P., Bernet, N., 2008. The effect of incubation conditions on the laboratory measurement of the methane producing capacity of livestock wastes. Bioresour. Technol. 99, 146ÔÇô155. doi:10.1016/J.BIORTECH.2006.11.049"
slurry,pig slurry,agricultural,,,,,,,,,,,,,,265,,,,laboratory,,,,batch,,,,,,,,,,,,,,,,,,,,,,,,,,,,,mesophilic,30,,,,,,,,,,,,,,,,"Vedrenne, F., B├®line, F., Dabert, P., Bernet, N., 2008. The effect of incubation conditions on the laboratory measurement of the methane producing capacity of livestock wastes. Bioresour. Technol. 99, 146ÔÇô155. doi:10.1016/J.BIORTECH.2006.11.050"
slurry,pig slurry,agricultural,,,,,,,,,,,,,,255,,,,laboratory,,,,batch,,,,,,,,,,,,,,,,,,,,,,,,,,,,,mesophilic,30,,,,,,,,,,,,,,,,"Vedrenne, F., B├®line, F., Dabert, P., Bernet, N., 2008. The effect of incubation conditions on the laboratory measurement of the methane producing capacity of livestock wastes. Bioresour. Technol. 99, 146ÔÇô155. doi:10.1016/J.BIORTECH.2006.11.051"
slurry,cow slurry,agricultural,,,,,,,,,,,,,,233,,,,laboratory,,,,batch,,,,,,,,,,,,,,,,,,,,,,,,,,,,,mesophilic,30,,,,,,,,,,,,,,,,"Vedrenne, F., B├®line, F., Dabert, P., Bernet, N., 2008. The effect of incubation conditions on the laboratory measurement of the methane producing capacity of livestock wastes. Bioresour. Technol. 99, 146ÔÇô155. doi:10.1016/J.BIORTECH.2006.11.052"
slurry,cow slurry,agricultural,,,,,,,,,,,,,,230,,,,laboratory,,,,batch,,,,,,,,,,,,,,,,,,,,,,,,,,,,,mesophilic,30,,,,,,,,,,,,,,,,"Vedrenne, F., B├®line, F., Dabert, P., Bernet, N., 2008. The effect of incubation conditions on the laboratory measurement of the methane producing capacity of livestock wastes. Bioresour. Technol. 99, 146ÔÇô155. doi:10.1016/J.BIORTECH.2006.11.053"
slurry,cow slurry,agricultural,,,,,,,,,,,,,,210,,,,laboratory,,,,batch,,,,,,,,,,,,,,,,,,,,,,,,,,,,,mesophilic,30,,,,,,,,,,,,,,,,"Vedrenne, F., B├®line, F., Dabert, P., Bernet, N., 2008. The effect of incubation conditions on the laboratory measurement of the methane producing capacity of livestock wastes. Bioresour. Technol. 99, 146ÔÇô155. doi:10.1016/J.BIORTECH.2006.11.054"
slurry,cow slurry,agricultural,,,,,,,,,,,,,,190,,,,laboratory,,,,batch,,,,,,,,,,,,,,,,,,,,,,,,,,,,,mesophilic,30,,,,,,,,,,,,,,,,"Vedrenne, F., B├®line, F., Dabert, P., Bernet, N., 2008. The effect of incubation conditions on the laboratory measurement of the methane producing capacity of livestock wastes. Bioresour. Technol. 99, 146ÔÇô155. doi:10.1016/J.BIORTECH.2006.11.055"
slurry,pig slurry,agricultural,,,,,,,,,,,,,,314,,,,laboratory,,,,batch,,,,,,,,,,,,,,,,,,,,,,,,,,,,,mesophilic,30,,,,,,,,,,,,,,,,"Vedrenne, F., B├®line, F., Dabert, P., Bernet, N., 2008. The effect of incubation conditions on the laboratory measurement of the methane producing capacity of livestock wastes. Bioresour. Technol. 99, 146ÔÇô155. doi:10.1016/J.BIORTECH.2006.11.056"
slurry,pig slurry,agricultural,,,,,,,,,,,,,,255,,,,laboratory,,,,batch,,,,,,,,,,,,,,,,,,,,,,,,,,,,,mesophilic,30,,,,,,,,,,,,,,,,"Vedrenne, F., B├®line, F., Dabert, P., Bernet, N., 2008. The effect of incubation conditions on the laboratory measurement of the methane producing capacity of livestock wastes. Bioresour. Technol. 99, 146ÔÇô155. doi:10.1016/J.BIORTECH.2006.11.057"
slurry,pig slurry,agricultural,,,,,,,,,,,,,,280,,,,laboratory,,,,batch,,,,,,,,,,,,,,,,,,,,,,,,,,,,,mesophilic,30,,,,,,,,,,,,,,,,"Vedrenne, F., B├®line, F., Dabert, P., Bernet, N., 2008. The effect of incubation conditions on the laboratory measurement of the methane producing capacity of livestock wastes. Bioresour. Technol. 99, 146ÔÇô155. doi:10.1016/J.BIORTECH.2006.11.058"
slurry,pig slurry,agricultural,,,,,,,,,,,,,,275,,,,laboratory,,,,batch,,,,,,,,,,,,,,,,,,,,,,,,,,,,,mesophilic,30,,,,,,,,,,,,,,,,"Vedrenne, F., B├®line, F., Dabert, P., Bernet, N., 2008. The effect of incubation conditions on the laboratory measurement of the methane producing capacity of livestock wastes. Bioresour. Technol. 99, 146ÔÇô155. doi:10.1016/J.BIORTECH.2006.11.059"
slurry,cow slurry,agricultural,,,,,,,,,,,,,,230,,,,laboratory,,,,batch,,,,,,,,,,,,,,,,,,,,,,,,,,,,,mesophilic,30,,,,,,,,,,,,,,,,"Vedrenne, F., B├®line, F., Dabert, P., Bernet, N., 2008. The effect of incubation conditions on the laboratory measurement of the methane producing capacity of livestock wastes. Bioresour. Technol. 99, 146ÔÇô155. doi:10.1016/J.BIORTECH.2006.11.060"
slurry,cow slurry,agricultural,,,,,,,,,,,,,,190,,,,laboratory,,,,batch,,,,,,,,,,,,,,,,,,,,,,,,,,,,,mesophilic,30,,,,,,,,,,,,,,,,"Vedrenne, F., B├®line, F., Dabert, P., Bernet, N., 2008. The effect of incubation conditions on the laboratory measurement of the methane producing capacity of livestock wastes. Bioresour. Technol. 99, 146ÔÇô155. doi:10.1016/J.BIORTECH.2006.11.061"
slurry,cow slurry,agricultural,,,,,,,,,,,,,,228,,,,laboratory,,,,batch,,,,,,,,,,,,,,,,,,,,,,,,,,,,,mesophilic,30,,,,,,,,,,,,,,,,"Vedrenne, F., B├®line, F., Dabert, P., Bernet, N., 2008. The effect of incubation conditions on the laboratory measurement of the methane producing capacity of livestock wastes. Bioresour. Technol. 99, 146ÔÇô155. doi:10.1016/J.BIORTECH.2006.11.062"
slurry,duck slurry,agricultural,,,,,,,,,,,,,,320,,,,laboratory,,,,batch,,,,,,,,,,,,,,,,,,,,,,,,,,,,,mesophilic,30,,,,,,,,,,,,,,,,"Vedrenne, F., B├®line, F., Dabert, P., Bernet, N., 2008. The effect of incubation conditions on the laboratory measurement of the methane producing capacity of livestock wastes. Bioresour. Technol. 99, 146ÔÇô155. doi:10.1016/J.BIORTECH.2006.11.063"
slurry,calve slurry,agricultural,,,,,,,,,,,,,,385,,,,laboratory,,,,batch,,,,,,,,,,,,,,,,,,,,,,,,,,,,,mesophilic,30,,,,,,,,,,,,,,,,"Vedrenne, F., B├®line, F., Dabert, P., Bernet, N., 2008. The effect of incubation conditions on the laboratory measurement of the methane producing capacity of livestock wastes. Bioresour. Technol. 99, 146ÔÇô155. doi:10.1016/J.BIORTECH.2006.11.064"
